→ crawling https://kakobuy-cn.com/
[200] https://kakobuy-cn.com/
[200] https://www.googletagmanager.com/gtag/js?id=G-ZMRNL5GG8M
[200] https://kakobuy-cn.com/de/
[200] https://cdn.maisonlooks.com/products/file-1775273397797-475904073.webp
[200] https://cdn.maisonlooks.com/products/file-1775569650120-960424373.webp
[200] https://cdn.maisonlooks.com/products/file-1775542979802-684363753.webp
[200] https://cdn.maisonlooks.com/products/file-1775520182505-209990891.webp
[200] https://cdn.maisonlooks.com/products/file-1775526775231-433582409.webp
[200] https://cdn.maisonlooks.com/products/file-1775237273843-514051328.webp
[200] https://nstatic.kakobuy.com/banner/202601/31/c1b9b68cffdf0ac8fa28c89a4275e042.png
[200] https://cdn.maisonlooks.com/products/file-1775239339831-847515027.webp
[200] https://cdn.maisonlooks.com/products/file-1775448342194-802593856.webp
[200] https://nstatic.kakobuy.com/banner/202511/26/f1e20d4a20583bf784c3d5da930622e0.png
[200] https://cdn.maisonlooks.com/products/file-1775564759965-941693472.webp
[200] https://cdn.maisonlooks.com/products/file-1775303809983-378199523.webp
[200] https://cdn.maisonlooks.com/products/file-1775518902575-832435517.webp
[200] https://cdn.maisonlooks.com/products/file-1775460426946-43612296.webp
[200] https://cdn.maisonlooks.com/products/file-1775474817576-964816004.webp
[200] https://cdn.maisonlooks.com/products/file-1775234616591-361434245.webp
[200] https://nstatic.kakobuy.com/banner/202602/01/8d1ab6034ac0f85d928ab89ce692e0ff.png
[200] https://nstatic.kakobuy.com/banner/202601/31/99c2b8e469015bec3bb2d86d4bebcd38.png
[200] https://kakobuy-cn.com/promotions/kakobuy-may-2026
[200] https://cdn.maisonlooks.com/products/file-1775305639284-545895296.webp
[200] https://cdn.maisonlooks.com/products/file-1775518573159-307007716.webp
[200] https://cdn.maisonlooks.com/products/file-1775276161086-977845473.webp
[200] https://nstatic.kakobuy.com/www/kakobuy.mp4
[200] https://kakobuy-cn.com/about/
[200] https://cdn.maisonlooks.com/products/file-1775520291454-328378513.webp
[200] https://cdn.maisonlooks.com/products/file-1775302153209-195098715.webp
[200] https://cdn.maisonlooks.com/products/file-1775460668509-604737736.webp
[200] https://nstatic.kakobuy.com/banner/202601/31/7a04f4981637ffa8e5838455eabdaea4.png
[200] https://cdn.maisonlooks.com/products/file-1775234106833-898131775.webp
[200] https://cdn.maisonlooks.com/products/file-1775474937639-902465476.webp
[200] https://nstatic.kakobuy.com/banner/202605/07/cfa82944c4fc548e5af1ea7ab59b4290.png
[200] https://cdn.maisonlooks.com/products/file-1775379904159-995657032.webp
[200] https://cdn.maisonlooks.com/products/file-1775571508982-140894690.webp
[200] https://kakobuy-cn.com/kakobuy-brand/logo-header.png
[200] https://kakobuy-cn.com/category/other/
[200] https://cdn.maisonlooks.com/products/file-1775571249913-989971070.webp
[200] https://kakobuy-cn.com/_astro/index.B77kx07h.css
[200] https://kakobuy-cn.com/hero-banner-mobile.webp
[200] https://kakobuy-cn.com/de/blog/
[200] https://kakobuy-cn.com/logo-512.png
[200] https://kakobuy-cn.com/favicon.png
[200] https://cdn.maisonlooks.com/products/file-1775553156886-780006826.webp
[200] https://kakobuy-cn.com/blog/kakobuy-vs-joyabuy-vs-cnfans-2026-comparison/
[200] https://kakobuy-cn.com/it/
[200] https://kakobuy-cn.com/fonts/inter-latin-wght-normal.woff2
[200] https://kakobuy-cn.com/pl/
[200] https://kakobuy-cn.com/og-default.png
[200] https://kakobuy-cn.com/reddit-snoo.png
[200] https://kakobuy-cn.com/category-icons/cat-accessories.png
[200] https://kakobuy-cn.com/category-icons/cat-t-shirts.png
[200] https://kakobuy-cn.com/hero-banner.jpg
[200] https://maisonlooks.com/en/c/accessories
[200] https://kakobuy-cn.com/top-strip-banner.png
[200] https://cdn.maisonlooks.com/products/file-1775230133754-744920362.webp
[200] https://kakobuy-cn.com/category/pants/
[200] https://maisonlooks.com/en/search?q=cap%20hat
[200] https://maisonlooks.com/en/search?q=bag%20backpack
[200] https://kakobuy-cn.com/promotions/kakobuy-may-2026/
[200] https://maisonlooks.com/en/search?q=jacket
[200] https://kakobuy-cn.com/spreadsheet/
[200] https://kakobuy-cn.com/category-icons/cat-shoes.png
[200] https://kakobuy-cn.com/category-icons/cat-jackets.png
[200] https://kakobuy-cn.com/news/
[200] https://kakobuy-cn.com/buyer-shares/
[200] https://kakobuy-cn.com/category-icons/cat-bags.png
[200] https://maisonlooks.com/en/c/shoes
[200] https://kakobuy-cn.com/category/bags/
[200] https://kakobuy-cn.com/category/electronics/
[200] https://kakobuy-cn.com/category/perfume/
[200] https://kakobuy-cn.com/category-icons/cat-headwear.png
[200] https://kakobuy-cn.com/category/headwear/
[200] https://kakobuy-cn.com/category-icons/cat-other.png
[200] https://cdn.maisonlooks.com/products/file-1775567379496-470651315.webp
[200] https://kakobuy-cn.com/category-icons/cat-jersey.png
[200] https://kakobuy-cn.com/category-icons/cat-perfume.png
[200] https://kakobuy-cn.com/category/accessories/
[200] https://cdn.maisonlooks.com/products/file-1775474182127-714560836.webp
[200] https://kakobuy-cn.com/category/t-shirts/
[200] https://maisonlooks.com/en/search?q=jersey
[200] https://kakobuy-cn.com/blog/
[200] https://kakobuy-cn.com/category/jackets/
[200] https://discord.com/invite/9hrqg53zgs
[200] https://kakobuy-cn.com/category/jersey/
[200] https://cdn.maisonlooks.com/products/file-1775382409624-667751244.webp
[200] https://cdn.maisonlooks.com/products/file-1775239264872-58310592.webp
[200] https://kakobuy-cn.com/es/
[200] https://maisonlooks.com/en/search?q=pants%20shorts
[200] https://kakobuy-cn.com/blog/shipping-branded-vs-unbranded-spreadsheet-restrictions/
[200] https://kakobuy-cn.com/pt/category/other/
[200] https://cdn.maisonlooks.com/products/file-1775564220768-658020385.webp
[200] https://kakobuy-cn.com/category-icons/cat-hoodies.png
[200] https://kakobuy-cn.com/pt/blog/
[200] https://kakobuy-cn.com/_astro/index.BgkXmj24.css
[200] https://kakobuy-cn.com/category/hoodies/
[200] https://kakobuy-cn.com/es/blog/
[200] https://kakobuy-cn.com/pt/about/
[200] https://cdn.maisonlooks.com/products/file-1775465844973-371740094.webp
[200] https://cdn.maisonlooks.com/products/file-1775554140873-518977058.webp
[200] https://kakobuy-cn.com/de/blog/page/2/
[200] https://kakobuy-cn.com/blog/decoding-spreadsheet-batch-prices-discrepancies/
[200] https://kakobuy-cn.com/pl/news/
[200] https://kakobuy-cn.com/es/news/
[200] https://kakobuy-cn.com/pt/news/
[200] https://kakobuy-cn.com/fr/news/
[200] https://kakobuy-cn.com/_astro/index.XypLFpNB.css
[200] https://kakobuy-cn.com/pl/buyer-shares/
[200] https://maisonlooks.com/en
[200] https://cdn.maisonlooks.com/products/file-1775274996302-575953239.webp
[200] https://maisonlooks.com/en/search?q=t-shirt
[200] https://kakobuy-cn.com/pl/how-to-buy/
[200] https://cdn.maisonlooks.com/products/file-1775459793332-993567057.webp
[200] https://kakobuy-cn.com/fr/category/perfume/
[200] https://kakobuy-cn.com/spreadsheet/perfume/giorgio-armani-acqua-di-gi-4-piece-30ml-set-fb6605/
[200] https://kakobuy-cn.com/pt/category/bags/
[200] https://kakobuy-cn.com/spreadsheet/perfume/burberry-brit-for-him-edt-perfume-74859b/
[200] https://kakobuy-cn.com/category-icons/cat-pants.png
[200] https://kakobuy-cn.com/es/category/perfume/
[200] https://kakobuy-cn.com/pt/category/perfume/
[200] https://kakobuy-cn.com/de/category/other/
[200] https://kakobuy-cn.com/es/category/accessories/
[200] https://kakobuy-cn.com/fr/category/accessories/
[200] https://kakobuy-cn.com/es/buyer-shares/
[200] https://kakobuy-cn.com/de/category/jackets/
[200] https://kakobuy-cn.com/spreadsheet/t-shirts/burberry-black-classic-logo-t-shirt-3fd7a5/
[200] https://kakobuy-cn.com/spreadsheet/t-shirts/amiri-black-leopard-print-t-shirt-a4f10e/
[200] https://kakobuy-cn.com/pt/buyer-shares/
[200] https://kakobuy-cn.com/spreadsheet/t-shirts/burberry-tb-monogram-white-t-shirt-272b7c/
[200] https://kakobuy-cn.com/de/category/pants/
[200] https://kakobuy-cn.com/spreadsheet/t-shirts/chrome-hearts-white-ch-cross-t-shirt-5878f8/
[200] https://kakobuy-cn.com/spreadsheet/t-shirts/cartelo-beige-crocodile-t-shirt-f33b42/
[200] https://kakobuy-cn.com/category-icons/cat-electronics.png
[200] https://kakobuy-cn.com/fr/category/t-shirts/
[200] https://kakobuy-cn.com/icons/reddit-snoo.png
[200] https://kakobuy-cn.com/spreadsheet/t-shirts/balenciaga-white-wfp-supported-t-shirt-d21d89/
[200] https://kakobuy-cn.com/es/category/t-shirts/
[200] https://kakobuy-cn.com/pt/category/t-shirts/
[200] https://kakobuy-cn.com/de/category/accessories/
[200] https://kakobuy-cn.com/how-to-buy/
[200] https://maisonlooks.com/en/c/electronics
[200] https://kakobuy-cn.com/de/news/
[200] https://kakobuy-cn.com/de/category/shoes/
[200] https://kakobuy-cn.com/de/category/t-shirts/
[200] https://kakobuy-cn.com/pt/how-to-buy/
[200] https://kakobuy-cn.com/de/category/jersey/
[200] https://maisonlooks.com/p/badfriend-jeans-dark-indigo-with-yellow-badfriend-logo-acecf9
[200] https://kakobuy-cn.com/pt/blog/page/2/
[200] https://kakobuy-cn.com/de/buyer-shares/
[200] https://kakobuy-cn.com/de/category/electronics/
[200] https://kakobuy-cn.com/de/category/hoodies/
[200] https://kakobuy-cn.com/de/category/perfume/
[200] https://kakobuy-cn.com/spreadsheet/hoodies/amiri-hoodie-navy-blue-amiri-logo-pullover-1a99b4/
[200] https://kakobuy-cn.com/blog/kakobuy-eco-friendly-green-haul-shipping/
[200] https://kakobuy-cn.com/spreadsheet/hoodies/gucci-gg-logo-beige-crewneck-sweatshirt-f5845d/
[200] https://kakobuy-cn.com/spreadsheet/hoodies/casablanca-tennis-club-black-hoodie-3ae1d9/
[200] https://kakobuy-cn.com/it/news/
[200] https://kakobuy-cn.com/pt/category/accessories/
[200] https://kakobuy-cn.com/fr/category/hoodies/
[200] https://kakobuy-cn.com/de/spreadsheet/
[200] https://maisonlooks.com/p/air-jordan-6-unc-white-sneakers-2e135c
[200] https://maisonlooks.com/p/air-jordan-4-retro-metallic-silver-sneakers-3fc266
[200] https://maisonlooks.com/p/stone-island-tank-shield-cargo-pants-in-beige-7fdfe8
[200] https://maisonlooks.com/p/gallery-dept-car-print-t-shirt-in-cream-c59fcf
[200] https://maisonlooks.com/p/off-white-x-nike-air-max-97-white-beige-sneakers-47d0ed
[200] https://maisonlooks.com/p/a-bathing-ape-red-bape-head-polo-shirt-98ad9a
[200] https://cdn.maisonlooks.com/products/file-1775527905338-258247352.webp
[200] https://cdn.maisonlooks.com/products/file-1775224877563-599087633.webp
[200] https://cdn.maisonlooks.com/products/file-1775459005520-461085870.webp
[200] https://maisonlooks.com/p/clot-x-nike-air-force-1-white-red-track-pants-69cd31
[200] https://kakobuy-cn.com/es/blog/page/2/
[200] https://kakobuy.com/
[200] https://kakobuy-cn.com/blog/kakobuy-sizing-spreadsheet-apparel/
[200] https://kakobuy-cn.com/blog/kakobuy-vip-tier-loyalty-program-worth-it/
[200] https://kakobuy-cn.com/category/shoes/
[200] https://kakobuy-cn.com/es/how-to-buy/
[200] https://maisonlooks.com/p/polo-ralph-lauren-black-slim-fit-sweatpants-0a503b
[200] https://cdn.maisonlooks.com/products/file-1778630904164-836225907.webp
[200] https://kakobuy-cn.com/it/about/
[200] https://cdn.maisonlooks.com/products/file-1778502375675-165532100.webp
[200] https://kakobuy-cn.com/spreadsheet/other/emporio-armani-black-grey-2-pack-underwear-8ab499/
[200] https://cdn.maisonlooks.com/products/file-1778634766304-538045771.webp
[200] https://cdn.maisonlooks.com/products/file-1778678784104-950566879.webp
[200] https://kakobuy-cn.com/fr/category/other/
[200] https://maisonlooks.com/p/a-bathing-ape-shark-camo-shorts-acd8ea
[200] https://kakobuy-cn.com/de/how-to-buy/
[200] https://kakobuy-cn.com/pl/about/
[200] https://kakobuy-cn.com/it/category/other/
[200] https://maisonlooks.com/en/search?q=hoodie
[200] https://kakobuy-cn.com/spreadsheet/other/emporio-armani-black-blue-2-pack-underwear-06d9a2/
[200] https://kakobuy-cn.com/fr/how-to-buy/
[200] https://kakobuy-cn.com/pt/category/hoodies/
[200] https://kakobuy-cn.com/spreadsheet/other/calvin-klein-dd-009-underwear-set-24d147/
[200] https://cdn.maisonlooks.com/products/file-1778630896160-494044925.webp
[200] https://cdn.maisonlooks.com/products/file-1778643844569-951932786.webp
[200] https://cdn.maisonlooks.com/products/file-1778684284964-168797679.webp
[200] https://cdn.maisonlooks.com/products/file-1778635471431-920020107.webp
[200] https://cdn.maisonlooks.com/products/file-1778647262551-646865625.webp
[200] https://cdn.maisonlooks.com/products/file-1778643851539-849634650.webp
[200] https://cdn.maisonlooks.com/products/file-1778682447762-642087241.webp
[200] https://cdn.maisonlooks.com/products/file-1778630895743-336923095.webp
[200] https://cdn.maisonlooks.com/products/file-1778653910896-947799158.webp
[200] https://cdn.maisonlooks.com/products/file-1778679686677-697941627.webp
[200] https://cdn.maisonlooks.com/products/file-1775531069744-5511990.webp
[200] https://cdn.maisonlooks.com/products/file-1778622675252-233108294.webp
[200] https://kakobuy-cn.com/spreadsheet/other/psd-spongebob-squarepants-boxer-briefs-1fb68e/
[200] https://kakobuy-cn.com/spreadsheet/other/supreme-underwear-set-black-white-red-grey-blue-1e5216/
[200] https://kakobuy-cn.com/spreadsheet/other/dior-cd-boxer-briefs-set-blue-grey-red-4aa79b/
[200] https://kakobuy-cn.com/spreadsheet/other/psd-space-themed-boxer-briefs-27a37e/
[200] https://kakobuy-cn.com/fr/
[200] https://kakobuy-cn.com/spreadsheet/other/under-armour-boxer-briefs-4-pack-black-white-grey-red-be3977/
[200] https://cdn.maisonlooks.com/products/file-1778641157068-479134162.webp
[200] https://kakobuy-cn.com/spreadsheet/other/tommy-hilfiger-classic-logo-underwear-set-black-red-navy-99de03/
[200] https://kakobuy-cn.com/spreadsheet/other/lacoste-white-underwear-with-green-waistband-4427c7/
[403] https://www.reddit.com/r/kakobuy/
[200] https://kakobuy-cn.com/blog/winter-puffer-jacket-shipping-volumetric-hacks/
[200] https://kakobuy-cn.com/es/blog/page/3/
[200] https://kakobuy-cn.com/blog/us-customs-de-minimis-exemption-kakobuy-spreadsheet/
[200] https://kakobuy-cn.com/blog/qc-websites-landscape/
[200] https://cdn.maisonlooks.com/products/file-1778642335342-560592843.webp
[200] https://kakobuy-cn.com/spreadsheet/pants/gallery-dept-art-that-kills-black-sweatpants-8155d3/
[200] https://maisonlooks.com/en/products
[200] https://kakobuy-cn.com/spreadsheet/other/psd-comic-print-boxer-briefs-men-s-underwear-4d134c/
[200] https://kakobuy-cn.com/spreadsheet/hoodies/a-bathing-ape-bape-sta-year-of-the-tiger-grey-hoodie-54e639/
[200] https://kakobuy-cn.com/spreadsheet/t-shirts/a-bathing-ape-bape-sta-black-t-shirt-d7f5da/
[200] https://kakobuy-cn.com/spreadsheet/pants/moncler-navy-knit-hat-scarf-set-94695f/
[200] https://kakobuy-cn.com/pl/blog/
[200] https://cdn.maisonlooks.com/products/file-1778642334520-616672629.webp
[200] https://maisonlooks.com/p/gallery-dept-art-that-kills-cream-t-shirt-8e9b39
[200] https://kakobuy-cn.com/spreadsheet/pants/amiri-dream-team-grey-sweatpants-a6aa2b/
[200] https://kakobuy-cn.com/spreadsheet/other/psd-stay-loud-boxer-briefs-underwear-a1bfa6/
[200] https://kakobuy-cn.com/spreadsheet/pants/arc-teryx-gamma-sl-black-trousers-e08720/
[200] https://kakobuy-cn.com/blog/kakobuy-shipping-insurance-seizure-protection-guide/
[200] https://kakobuy-cn.com/es/category/pants/
[200] https://maisonlooks.com/p/split-design-trap-t-shirt-in-21-black-grey-e8ed72
[200] https://cdn.maisonlooks.com/products/file-1775567099548-911683193.webp
[200] https://cdn.maisonlooks.com/products/file-1775465590579-143131045.webp
[200] https://kakobuy-cn.com/pt/
[200] https://cdn.maisonlooks.com/products/file-1778684564578-379546674.webp
[200] https://cdn.maisonlooks.com/products/file-1778684811375-651365421.webp
[200] https://kakobuy-cn.com/blog/taobao-tmall-618-2026-spreadsheet-forwarding-rhythm/
[200] https://cdn.maisonlooks.com/products/file-1775544247155-254578409.webp
[200] https://kakobuy-cn.com/it/category/bags/
[200] https://kakobuy-cn.com/spreadsheet/other/dior-classic-logo-boxer-briefs-3-pack-d0dc77/
[200] https://kakobuy-cn.com/fr/category/shoes/
[200] https://kakobuy-cn.com/spreadsheet/pants/essentials-yellow-drawstring-track-pants-d01e17/
[200] https://cdn.maisonlooks.com/products/file-1775231527464-262382689.webp
[200] https://kakobuy-cn.com/blog/kakobuy-app-vs-web-2026-comparison/
[200] https://kakobuy-cn.com/blog/kakobuy-coupons/
[200] https://kakobuy-cn.com/spreadsheet/other/tommy-hilfiger-black-white-navy-underwear-set-503ce3/
[200] https://kakobuy-cn.com/blog/spreadsheet-volumetric-chargeable-weight-basics/
[200] https://kakobuy-cn.com/blog/google-sheets-sharing-spreadsheet-curator-opsec/
[200] https://kakobuy-cn.com/blog/weidian-vs-taobao-price-index-2026-report/
[200] https://kakobuy-cn.com/blog/spreadsheet-column-schema-kakobuy-curators/
[200] https://kakobuy-cn.com/blog/double-11-logistics-interop-spreadsheet-buyers/
[200] https://kakobuy-cn.com/es/about/
[200] https://kakobuy-cn.com/pl/category/bags/
[200] https://maisonlooks.com/p/nike-air-zoom-pegasus-38-black-running-shoes-bfa7d0
[200] https://kakobuy-cn.com/it/category/shoes/
[200] https://kakobuy-cn.com/blog/shipping-electronics-batteries-iata-2026-rules/
[200] https://cdn.maisonlooks.com/products/file-1778630897589-506793417.webp
[200] https://cdn.maisonlooks.com/products/file-1778653911092-592497198.webp
[200] https://maisonlooks.com/p/chrome-hearts-cross-logo-long-sleeve-t-shirt-in-white-b2b199
[200] https://kakobuy-cn.com/blog/kakobuy-rehearsal-packaging-freight/
[200] https://kakobuy-cn.com/es/blog/page/4/
[200] https://kakobuy-cn.com/pt/spreadsheet/
[200] https://kakobuy-cn.com/spreadsheet/other/kenzo-tiger-boxer-briefs-black-white-grey-284b69/
[200] https://kakobuy-cn.com/blog/eu-import-vat-landed-cost-spreadsheet-buyers/
[200] https://kakobuy-cn.com/blog/kakobuy-customs-declared-value-primer/
[200] https://kakobuy-cn.com/spreadsheet/other/calvin-klein-3-pack-underwear-trunks-1a796b/
[200] https://kakobuy-cn.com/spreadsheet/other/psd-christmas-vacation-boxer-shorts-111243/
[200] https://cdn.maisonlooks.com/products/file-1775554981564-47030963.webp
[200] https://cdn.maisonlooks.com/products/file-1778682339623-241291380.webp
[200] https://kakobuy-cn.com/fr/category/headwear/
[200] https://cdn.maisonlooks.com/products/file-1778679698846-267612020.webp
[200] https://cdn.maisonlooks.com/products/file-1778668442319-355319477.webp
[200] https://kakobuy-cn.com/es/category/other/
[200] https://kakobuy-cn.com/blog/mega-sale-split-arrivals-consolidation-spreadsheet/
[200] https://kakobuy-cn.com/blog/group-haul-consolidation-freight-savings/
[200] https://kakobuy-cn.com/blog/china-public-holidays-agent-forwarding-2026/
[200] https://kakobuy-cn.com/spreadsheet/other/chanel-cd-boxer-briefs-solid-color-underwear-efef3c/
[200] https://kakobuy-cn.com/spreadsheet/shoes/adidas-yeezy-slide-bone-white-6345-sandals-b2d6c1/
[200] https://kakobuy-cn.com/blog/identifying-phishing-spreadsheet-scams-reps-2026/
[200] https://cdn.maisonlooks.com/products/file-1778678794093-586681794.webp
[200] https://kakobuy-cn.com/spreadsheet/shoes/saint-laurent-ysl-kate-gold-heels-275095/
[200] https://kakobuy-cn.com/spreadsheet/shoes/dr-martens-1460-black-leather-boots-496320/
[200] https://kakobuy-cn.com/spreadsheet/shoes/birkenstock-arizona-black-white-fleece-loafers-2bf5bb/
[200] https://kakobuy-cn.com/spreadsheet/shoes/crocs-bayaband-core-black-clogs-11da71/
[200] https://kakobuy-cn.com/spreadsheet/shoes/nike-air-jordan-1-sb-la-to-chicago-cd6578-507-sneakers-908289/
[200] https://kakobuy-cn.com/pl/category/other/
[200] https://kakobuy-cn.com/spreadsheet/shoes/sacai-x-nike-lagua-sand-black-white-sneakers-e5ab0a/
[200] https://kakobuy-cn.com/spreadsheet/shoes/loro-piana-suede-loafers-grey-leather-flats-44a78b/
[200] https://kakobuy-cn.com/spreadsheet/shoes/balenciaga-speed-trainer-black-sock-sneakers-947f0c/
[200] https://kakobuy-cn.com/spreadsheet/shoes/louis-vuitton-tabi-brown-leather-boots-6283bb/
[200] https://kakobuy-cn.com/spreadsheet/shoes/prada-black-and-beige-triangle-print-heeled-mules-6f29bd/
[200] https://kakobuy-cn.com/spreadsheet/shoes/herm-s-runner-blue-suede-loafers-6083b6/
[200] https://kakobuy-cn.com/spreadsheet/shoes/suede-loafers-in-beige-colorway-e119d9/
[200] https://kakobuy-cn.com/spreadsheet/shoes/yeezy-slide-pure-sand-slippers-cb44b5/
[200] https://kakobuy-cn.com/spreadsheet/shoes/burberry-yellow-navy-horseferry-slide-sandals-e76a4b/
[200] https://kakobuy-cn.com/spreadsheet/shoes/tod-s-dolcevita-light-blue-loafers-f22bc4/
[200] https://kakobuy-cn.com/spreadsheet/shoes/christian-louboutin-white-patent-leather-heels-with-bow-detail-3f4153/
[200] https://kakobuy-cn.com/spreadsheet/headwear/supreme-nike-corduroy-cap-black-5c1434/
[200] https://kakobuy-cn.com/spreadsheet/shoes/loro-p-suede-loafers-beige-leather-shoes-80672d/
[200] https://cdn.maisonlooks.com/products/file-1778620929747-390771673.webp
[200] https://maisonlooks.com/p/air-jordan-13-retro-white-grey-red-sneakers-21b1d4
[200] https://cdn.maisonlooks.com/products/file-1775936452074-117337629.webp
[200] https://kakobuy-cn.com/spreadsheet/pants/polo-ralph-lauren-big-pony-grey-sweatpants-d332c8/
[200] https://kakobuy-cn.com/spreadsheet/shoes/tan-brogue-leather-loafers-2e6383/
[200] https://maisonlooks.com/en/c/beauty
[200] https://cdn.maisonlooks.com/products/file-1775235798402-750501865.webp
[200] https://kakobuy-cn.com/de/category/bags/
[200] https://kakobuy-cn.com/spreadsheet/headwear/moncler-pink-pom-pom-beanie-hat-46daeb/
[200] https://cdn.maisonlooks.com/products/file-1775236708318-292158623.webp
[200] https://kakobuy-cn.com/it/category/jackets/
[200] https://kakobuy-cn.com/spreadsheet/headwear/balenciaga-bb-logo-denim-cap-grey-dc67f2/
[200] https://cdn.maisonlooks.com/products/file-1778638952800-513248190.webp
[200] https://cdn.maisonlooks.com/products/file-1775958345334-974490409.webp
[200] https://kakobuy-cn.com/spreadsheet/electronics/harman-wind3-blue-wireless-speaker-v5-0-bb11bd/
[200] https://cdn.maisonlooks.com/products/file-1775320796239-93148323.webp
[200] https://kakobuy-cn.com/blog/telegram-finds-spreadsheet-kakobuy-link-hygiene/
[200] https://kakobuy-cn.com/spreadsheet/pants/arc-teryx-arctic-top-quality-grey-pants-264fa5/
[200] https://kakobuy-cn.com/blog/spreadsheet-row-archiving-vanished-listings/
[200] https://kakobuy-cn.com/blog/kakobuy-links-discovery-url-hygiene/
[200] https://kakobuy-cn.com/spreadsheet/shoes/tiffany-co-return-to-tiffany-hair-dryer-set-28abf7/
[200] https://kakobuy-cn.com/blog/kakobuy-top-up-payment-rails-exchange-rates/
[200] https://maisonlooks.com/p/louis-vuitton-monogram-print-crewneck-sweatshirt-in-cream-a66513
[200] https://kakobuy-cn.com/blog/yupoo-album-spreadsheet-kakobuy-intake/
[200] https://kakobuy-cn.com/es/blog/page/5/
[200] https://kakobuy-cn.com/_astro/index.Ce5lAYH9.css
[200] https://kakobuy-cn.com/fr/category/electronics/
[200] https://maisonlooks.com/p/moncler-white-mountain-logo-tank-top-fb7905
[200] https://maisonlooks.com/p/a-bathing-ape-x-mcm-camo-print-black-t-shirt-8748bf
[200] https://kakobuy-cn.com/spreadsheet/electronics/c-p-company-blue-graphic-iphone-case-70b640/
[200] https://kakobuy-cn.com/spreadsheet/shoes/timberland-6-inch-premium-red-boots-c98e08/
[200] https://kakobuy-cn.com/spreadsheet/other/calvin-klein-cc-grey-new-3-boxers-235dc4/
[200] https://maisonlooks.com/p/gallery-dept-doc-johnson-black-t-shirt-d9f45e
[200] https://cdn.maisonlooks.com/products/file-1778681488982-70998039.webp
[200] https://kakobuy-cn.com/spreadsheet/shoes/ugg-classic-short-high-top-camel-suede-boots-1699ee/
[200] https://kakobuy-cn.com/blog/kakobuy-domestic-returns-before-international-ship/
[200] https://kakobuy-cn.com/pl/blog/page/2/
[200] https://kakobuy-cn.com/spreadsheet/shoes/nike-air-max-90-black-white-slide-sandals-a1a276/
[200] https://kakobuy-cn.com/pt/category/shoes/
[200] https://kakobuy-cn.com/es/spreadsheet/
[200] https://cdn.maisonlooks.com/products/file-1778634617582-448878056.webp
[200] https://kakobuy-cn.com/spreadsheet/shoes/gucci-runners-black-leather-loafers-b65c43/
[200] https://kakobuy-cn.com/spreadsheet/shoes/rick-owens-geobasket-pink-high-top-boots-192eba/
[200] https://cdn.maisonlooks.com/products/file-1778642653146-795136583.webp
[200] https://cdn.maisonlooks.com/products/file-1778676063414-824610396.webp
[200] https://cdn.maisonlooks.com/products/file-1778684555296-564807175.webp
[200] https://cdn.maisonlooks.com/products/file-1778683097108-546356172.webp
[200] https://cdn.maisonlooks.com/products/file-1778673347848-963238855.webp
[200] https://cdn.maisonlooks.com/products/file-1778676043288-575810966.webp
[200] https://cdn.maisonlooks.com/products/file-1778676036915-304073440.webp
[200] https://cdn.maisonlooks.com/products/file-1775277127339-597944204.webp
[200] https://kakobuy-cn.com/spreadsheet/pants/burberry-black-solid-trousers-9b4c97/
[200] https://cdn.maisonlooks.com/products/file-1778682622137-496840455.webp
[200] https://kakobuy-cn.com/pl/spreadsheet/
[200] https://kakobuy-cn.com/spreadsheet/accessories/bape-bathtub-print-iphone-case-544196/
[200] https://kakobuy-cn.com/spreadsheet/pants/broken-planet-market-track-pants-black-solid-casual-2adf5e/
[200] https://kakobuy-cn.com/spreadsheet/shoes/dior-black-silver-mesh-heels-with-crystal-embellishments-446f1a/
[200] https://cdn.maisonlooks.com/products/file-1778684724392-928559128.webp
[200] https://cdn.maisonlooks.com/products/file-1778682447974-13365553.webp
[200] https://cdn.maisonlooks.com/products/file-1775307714265-972503161.webp
[200] https://cdn.maisonlooks.com/products/file-1778670571651-315331061.webp
[200] https://kakobuy-cn.com/blog/kakobuy-net-finds-spreadsheet-lane/
[200] https://cdn.maisonlooks.com/products/file-1778654821431-235638349.webp
[200] https://cdn.maisonlooks.com/products/file-1778681726272-64651693.webp
[200] https://kakobuy-cn.com/_astro/index.BjBeTMkU.css
[200] https://cdn.maisonlooks.com/products/file-1775757206780-753212490.webp
[200] https://kakobuy-cn.com/spreadsheet/perfume/montblanc-explorer-100ml-eau-de-parfum-89ee30/
[200] https://cdn.maisonlooks.com/products/file-1778684275761-585558960.webp
[200] https://cdn.maisonlooks.com/products/file-1778678299893-203416415.webp
[200] https://kakobuy-cn.com/spreadsheet/perfume/maison-mihara-yasuhiro-l-eau-majeure-d-issey-edt-perfume-762da2/
[200] https://kakobuy-cn.com/pt/blog/page/3/
[200] https://kakobuy-cn.com/spreadsheet/jackets/burberry-navy-hoodie-with-embroidery-640813/
[200] https://kakobuy-cn.com/spreadsheet/perfume/tom-ford-rose-d-amalfi-italian-rose-100ml-perfume-8db977/
[200] https://cdn.maisonlooks.com/products/file-1778634767744-696809364.webp
[200] https://kakobuy-cn.com/es/category/electronics/
[200] https://kakobuy-cn.com/spreadsheet/jackets/burberry-grey-b-logo-zip-up-hoodie-a327e7/
[200] https://cdn.maisonlooks.com/products/file-1778670221940-312090341.webp
[200] https://kakobuy-cn.com/spreadsheet/perfume/giorgio-armani-acqua-di-gi-parfum-125ml-88a2ca/
[200] https://cdn.maisonlooks.com/products/file-1778654882581-854768271.webp
[200] https://kakobuy-cn.com/it/category/jersey/
[200] https://maisonlooks.com/p/louis-vuitton-white-graphic-sweatshirt-7f2b5a
[200] https://kakobuy-cn.com/blog/litbuy-agent-taobao-weidian-context/
[200] https://kakobuy-cn.com/blog/reverse-image-search-taobao-weidian-listings/
[200] https://kakobuy-cn.com/spreadsheet/perfume/maison-mihara-yasuhiro-l-eau-d-issey-pour-homme-edt-perfume-fef32a/
[200] https://cdn.maisonlooks.com/products/file-1775565717819-612065403.webp
[200] https://kakobuy-cn.com/spreadsheet/jackets/fendi-iconic-ff-logo-jacket-black-0341fe/
[200] https://kakobuy-cn.com/spreadsheet/shoes/chanel-white-leather-mary-jane-flats-with-gold-accents-11f097/
[200] https://kakobuy-cn.com/es/blog/page/6/
[200] https://kakobuy-cn.com/blog/kakobuy-discord/
[200] https://kakobuy-cn.com/fr/blog/
[200] https://cdn.maisonlooks.com/products/file-1778673348317-430168507.webp
[200] https://kakobuy-cn.com/de/category/headwear/
[200] https://kakobuy-cn.com/spreadsheet/other/supreme-sup-3-underwear-boxer-briefs-0d4e11/
[200] https://maisonlooks.com/p/louis-vuitton-cowboy-print-crewneck-sweatshirt-white-eaa1b7
[200] https://kakobuy-cn.com/spreadsheet/other/supreme-grey-box-logo-underwear-3cfeb5/
[200] https://cdn.maisonlooks.com/products/file-1775519720196-36815861.webp
[200] https://cdn.maisonlooks.com/products/file-1778671909087-178272263.webp
[200] https://cdn.maisonlooks.com/products/file-1778684670499-474824219.webp
[200] https://cdn.maisonlooks.com/products/file-1775318230394-500187234.webp
[200] https://kakobuy-cn.com/spreadsheet/accessories/jordan-brand-phone-case-with-michael-jordan-design-465523/
[200] https://kakobuy-cn.com/spreadsheet/jersey/joma-atl-tico-madrid-away-jersey-blue-plaid-football-shirt-309da8/
[200] https://cdn.maisonlooks.com/products/file-1775447331770-802343023.webp
[200] https://finance.sina.com.cn/tech/roll/2026-04-29/doc-inhwefve6787805.shtml
[200] https://cdn.maisonlooks.com/products/file-1778681533084-800616594.webp
[200] https://kakobuy-cn.com/spreadsheet/other/victoria-s-secret-red-lace-bikini-set-30097b/
[200] https://kakobuy-cn.com/spreadsheet/pants/carhartt-olive-cargo-pants-0cfe52/
[200] https://kakobuy-cn.com/spreadsheet/hoodies/white-hooded-jacket-with-black-accents-eb496c/
[200] https://kakobuy-cn.com/spreadsheet/t-shirts/burberry-black-cotton-t-shirt-with-script-logo-348adb/
[200] https://kakobuy-cn.com/spreadsheet/hoodies/stone-island-68-15-blue-hoodie-45af75/
[200] https://kakobuy-cn.com/spreadsheet/bags/coach-signature-mini-tote-bag-brown-53f572/
[200] https://kakobuy-cn.com/spreadsheet/other/lacoste-gray-underwear-75ef12/
[200] https://cdn.maisonlooks.com/products/file-1778654610079-50461041.webp
[200] https://kakobuy-cn.com/spreadsheet/bags/goyard-saint-louis-1c8f79/
[200] https://kakobuy-cn.com/spreadsheet/hoodies/unisex-distressed-washed-black-hoodie-with-front-pocket-f32cda/
[200] https://kakobuy-cn.com/spreadsheet/hoodies/maison-margiela-replica-oversized-sweatshirt-fed-m21-black-f62914/
[200] https://kakobuy-cn.com/spreadsheet/hoodies/a-bathing-ape-bape-sta-world-gone-mad-grey-hoodie-ec6a36/
[200] https://cdn.maisonlooks.com/products/file-1775530791583-495557917.webp
[200] https://cdn.maisonlooks.com/products/file-1775979547227-258444288.webp
[200] https://cdn.maisonlooks.com/products/file-1778684393655-367762275.webp
[200] https://cdn.maisonlooks.com/products/file-1778676842692-785674837.webp
[200] https://cdn.maisonlooks.com/products/file-1778671887671-34069660.webp
[200] https://kakobuy-cn.com/it/category/electronics/
[200] https://kakobuy-cn.com/spreadsheet/hoodies/moncler-black-logo-patch-crewneck-sweatshirt-371483/
[200] https://kakobuy-cn.com/spreadsheet/pants/ami-paris-ami-de-coeur-navy-sweatpants-c343a3/
[200] https://kakobuy-cn.com/spreadsheet/pants/the-north-face-khaki-pants-trousers-3fa278/
[200] https://kakobuy-cn.com/spreadsheet/shoes/balmain-black-white-geometric-pattern-heeled-boots-78be8b/
[200] https://kakobuy-cn.com/spreadsheet/jackets/balenciaga-white-logo-embroidered-jacket-ba5aaf/
[200] https://maisonlooks.com/p/dolce-gabbana-dg-logo-knit-sweater-in-cream-0421c9
[200] https://kakobuy-cn.com/spreadsheet/headwear/canada-goose-arctic-program-beanie-cream-cf829f/
[200] https://kakobuy-cn.com/spreadsheet/jersey/nike-air-jordan-13-miami-jersey-red-74e3a8/
[200] https://cdn.maisonlooks.com/products/file-1778654846933-775724432.webp
[200] https://cdn.maisonlooks.com/products/file-1778640575236-557811429.webp
[200] https://kakobuy-cn.com/blog/spotting-red-flag-sellers-community-spreadsheets/
[200] https://kakobuy-cn.com/spreadsheet/accessories/carhartt-wip-blue-moon-socks-in-ink-blue-9adf12/
[200] https://kakobuy-cn.com/spreadsheet/hoodies/a-bathing-ape-bape-sta-world-gone-mad-black-hoodie-786970/
[200] https://kakobuy-cn.com/spreadsheet/jersey/mitchell-ness-bulls-23-green-basketball-jersey-135ec8/
[200] https://kakobuy-cn.com/blog/oopbuy-agent-user-experience-shell/
[200] https://cdn.maisonlooks.com/products/file-1778681159460-607908519.webp
[200] https://kakobuy-cn.com/spreadsheet/jackets/balenciaga-blue-01-track-jacket-eb99ac/
[200] https://kakobuy-cn.com/spreadsheet/headwear/dior-monogram-baseball-cap-in-black-87fe5c/
[200] https://kakobuy-cn.com/spreadsheet/perfume/bvlgari-blv-pour-homme-edt-eau-de-toilette-5911b4/
[200] https://kakobuy-cn.com/spreadsheet/jersey/amiri-white-red-palm-trees-jersey-t-shirt-9fac97/
[200] https://kakobuy-cn.com/spreadsheet/other/playboy-butterfly-print-boxer-shorts-2d5908/
[200] https://maisonlooks.com/p/stone-island-white-t-shirt-with-blue-compass-logo-7c417c
[200] https://cdn.maisonlooks.com/products/file-1778502358697-96486771.webp
[200] https://cdn.maisonlooks.com/products/file-1778676855097-319763729.webp
[200] https://kakobuy-cn.com/spreadsheet/headwear/the-north-face-basic-logo-beige-cap-89ebd6/
[200] https://kakobuy-cn.com/spreadsheet/hoodies/maison-margiela-replica-oversized-sweatshirt-fed-m21-white-0b28e7/
[200] https://kakobuy-cn.com/spreadsheet/hoodies/nike-tech-fleece-yellow-fd8454-jacket-95e688/
[200] https://kakobuy-cn.com/spreadsheet/headwear/cardi-b-rules-the-world-balaclava-black-57f154/
[200] https://kakobuy-cn.com/spreadsheet/jersey/nike-air-jordan-1-buzz-city-002-basketball-jersey-b413ee/
[200] https://kakobuy-cn.com/spreadsheet/pants/stone-island-68-15-black-solid-pants-3e9463/
[200] https://cdn.maisonlooks.com/products/file-1778648101917-989202295.webp
[200] https://cdn.maisonlooks.com/products/file-1778640455790-895328346.webp
[200] https://www.kakobuy.com/tipdetail?id=48
[200] https://cdn.maisonlooks.com/products/file-1778670584555-905986858.webp
[200] https://cdn.maisonlooks.com/products/file-1778653903159-927962867.webp
[200] https://cdn.maisonlooks.com/products/file-1778502385712-917796587.webp
[200] https://kakobuy-cn.com/join/discord
[200] https://kakobuy-cn.com/it/spreadsheet/
[200] https://kakobuy-cn.com/blog/annual-reps-shopping-calendar-2026/
[200] https://kakobuy-cn.com/spreadsheet/shoes/a-bathing-ape-bape-sta-runner-white-red-sneakers-faaee8/
[200] https://kakobuy-cn.com/_astro/index.DCBAJ5GK.css
[200] https://kakobuy.com/service/help/question?id=84&cid=35
[200] https://maisonlooks.com/p/stussy-pink-box-logo-sweater-fd5751
[200] https://cdn.maisonlooks.com/products/file-1778668325810-156702073.webp
[200] https://kakobuy-cn.com/blog/kakobuy-warehouse-storage-spreadsheet/
[200] https://cdn.maisonlooks.com/products/file-1775464123292-214692505.webp
[200] https://kakobuy-cn.com/fr/buyer-shares/
[200] https://kakobuy.com/service/help/question?id=1&cid=35
[200] https://cdn.maisonlooks.com/products/file-1775463775052-588133597.webp
[200] https://maisonlooks.com/en/guide
[200] https://cdn.maisonlooks.com/products/file-1775958344012-989556981.webp
[200] https://kakobuy-cn.com/spreadsheet/electronics/beats-studio3-wireless-headphones-black-gold-471da8/
[200] https://cdn.maisonlooks.com/products/file-1775547866933-694926206.webp
[200] https://cdn.maisonlooks.com/products/file-1778654882899-483739480.webp
[200] https://cdn.maisonlooks.com/products/file-1775571906692-853632135.webp
[200] https://kakobuy-cn.com/blog/community-crowdsourced-qc-verification-batches/
[200] https://cdn.maisonlooks.com/products/file-1778681915556-320676783.webp
[200] https://cdn.maisonlooks.com/products/file-1778673360515-360848881.webp
[200] https://kakobuy-cn.com/spreadsheet/electronics/apple-airpods-max-silver-headphones-24e75f/
[200] https://cdn.maisonlooks.com/products/file-1778654512966-791135133.webp
[200] https://kakobuy-cn.com/_astro/index.BBPXVeez.css
[200] https://kakobuy-cn.com/spreadsheet/electronics/jbl-pulse5-black-portable-speaker-ffd04a/
[200] https://cdn.maisonlooks.com/products/file-1778669151315-422045397.webp
[200] https://kakobuy-cn.com/pl/category/pants/
[200] https://cdn.maisonlooks.com/products/file-1778679813531-704124412.webp
[200] https://kakobuy.com/service/help/question?id=47&cid=35
[200] https://kakobuy-cn.com/spreadsheet/perfume/chanel-bleu-de-chanel-pour-homme-100ml-eau-de-toilette-e008df/
[200] https://kakobuy-cn.com/spreadsheet/jackets/moncler-grey-zip-up-hoodie-a9b7e0/
[200] https://cdn.maisonlooks.com/products/file-1775545281629-763924045.webp
[200] https://maisonlooks.com/p/fear-of-god-essentials-light-blue-sweatpants-2f467e
[200] https://kakobuy-cn.com/spreadsheet/other/lacoste-underwear-blue-boxer-briefs-d57b60/
[200] https://cdn.maisonlooks.com/products/file-1778630454578-213639173.webp
[200] https://kakobuy-cn.com/spreadsheet/accessories/chanel-classic-flap-gold-iphone-case-e713e0/
[200] https://cdn.maisonlooks.com/products/file-1775523200661-711647271.webp
[200] https://cdn.maisonlooks.com/products/file-1778681136854-12670790.webp
[200] https://kakobuy-cn.com/pt/category/jackets/
[200] https://kakobuy-cn.com/spreadsheet/t-shirts/moncler-dark-grey-t-shirt-ebc505/
[200] https://cdn.maisonlooks.com/products/file-1775572065179-180906831.webp
[200] https://maisonlooks.com/p/louis-vuitton-monogram-print-crewneck-sweatshirt-8642f6
[200] https://kakobuy.com/forwarding
[200] https://cdn.maisonlooks.com/products/file-1778679940383-513414176.webp
[200] https://cdn.maisonlooks.com/products/file-1778676855256-25885282.webp
[200] https://kakobuy-cn.com/spreadsheet/hoodies/maison-margiela-abstract-splatter-black-sweatshirt-53a9ef/
[200] https://cdn.maisonlooks.com/products/file-1775219805037-170215621.webp
[200] https://cdn.maisonlooks.com/products/file-1778684811231-819029972.webp
[200] https://cdn.maisonlooks.com/products/file-1778681541541-672832494.webp
[200] https://kakobuy-cn.com/join/discord/
[200] https://cdn.maisonlooks.com/products/file-1778671887732-938909632.webp
[200] https://maisonlooks.com/p/essentials-carpenter-jeans-in-deep-blue-c44a33
[200] https://cdn.maisonlooks.com/products/file-1778671895141-913118905.webp
[200] https://kakobuy-cn.com/spreadsheet/accessories/balenciaga-logo-print-scarf-black-white-12d871/
[200] https://kakobuy-cn.com/spreadsheet/other/dior-classic-logo-boxer-briefs-blue-44fce9/
[200] https://kakobuy-cn.com/it/blog/
[200] https://kakobuy-cn.com/spreadsheet/t-shirts/hellstar-neon-green-star-flame-t-shirt-1bcf42/
[200] https://cdn.maisonlooks.com/products/file-1778670583527-119388514.webp
[200] https://cdn.maisonlooks.com/products/file-1775553229025-905659325.webp
[200] https://kakobuy-cn.com/pl/blog/page/3/
[200] https://kakobuy-cn.com/spreadsheet/t-shirts/a-bathing-ape-bape-sta-steve-aoki-black-t-shirt-114262/
[200] https://kakobuy-cn.com/fr/blog/page/2/
[200] https://kakobuy-cn.com/spreadsheet/accessories/cartier-soleil-blanc-cartier8-gradient-sunglasses-12dd06/
[200] https://cdn.maisonlooks.com/products/file-1778671890775-302830781.webp
[200] https://kakobuy-cn.com/spreadsheet/other/louis-vuitton-tie-dye-monogram-bikini-set-08f589/
[200] https://kakobuy-cn.com/spreadsheet/electronics/ralph-lauren-bear-car-iphone-case-cream-d8cb32/
[200] https://cdn.maisonlooks.com/products/file-1775239373452-3274805.webp
[200] https://cdn.maisonlooks.com/products/file-1778642341040-70735727.webp
[200] https://kakobuy-cn.com/spreadsheet/pants/black-track-pants-with-white-stripe-and-script-logo-8d427b/
[200] https://kakobuy-cn.com/spreadsheet/electronics/givenchy-damask-pattern-phone-case-black-red-8474c9/
[200] https://www.kakobuy.com/
[200] https://cdn.maisonlooks.com/products/file-1778681726860-693674963.webp
[200] https://cdn.maisonlooks.com/products/file-1778630219248-705147080.webp
[200] https://kakobuy-cn.com/spreadsheet/t-shirts/nike-dri-fit-purple-t-shirt-men-s-6cac80/
[200] https://cdn.maisonlooks.com/products/file-1778681906628-436777427.webp
[200] https://cdn.maisonlooks.com/products/file-1778681192723-466546857.webp
[200] https://cdn.maisonlooks.com/products/file-1778630458116-774076052.webp
[200] https://cdn.maisonlooks.com/products/file-1775524917133-299403162.webp
[200] https://kakobuy-cn.com/spreadsheet/perfume/hawas-for-him-edp-perfume-36cdc7/
[200] https://cdn.maisonlooks.com/products/file-1778679882440-275174772.webp
[200] https://cdn.maisonlooks.com/products/file-1778681986317-108130972.webp
[200] https://cdn.maisonlooks.com/products/file-1778683099280-576334852.webp
[200] https://cdn.maisonlooks.com/products/file-1778676034107-357278467.webp
[200] https://kakobuy-cn.com/spreadsheet/headwear/fendi-high-version6-logo-print-baseball-cap-a362d1/
[200] https://kakobuy-cn.com/spreadsheet/hoodies/moncler-navy-blue-crewneck-sweatshirt-45f12a/
[200] https://kakobuy-cn.com/spreadsheet/perfume/montblanc-explorer-platinum-100ml-eau-de-parfum-2d07fc/
[200] https://kakobuy-cn.com/spreadsheet/pants/adidas-adi-2000-black-track-pants-2accc9/
[200] https://cdn.maisonlooks.com/products/file-1778630452693-831685594.webp
[200] https://cdn.maisonlooks.com/products/file-1775543151083-128737134.webp
[200] https://kakobuy-cn.com/spreadsheet/jackets/moncler-navy-blue-zip-up-hoodie-972a67/
[200] https://kakobuy-cn.com/spreadsheet/headwear/new-era-59fifty-oakland-athletics-black-cap-5e6e79/
[200] https://kakobuy-cn.com/spreadsheet/pants/polo-ralph-lauren-black-classic-logo-trousers-6e1d91/
[200] https://kakobuy-cn.com/spreadsheet/jackets/supreme-grey-supreme-jacket-e8b7b8/
[200] https://cdn.maisonlooks.com/products/file-1778642652007-635663872.webp
[200] https://kakobuy-cn.com/spreadsheet/bags/louis-vuitton-damier-ebene-wallet-774b22/
[200] https://kakobuy-cn.com/spreadsheet/t-shirts/off-white-white-cross-print-oversized-t-shirt-2aef80/
[200] https://kakobuy.com/service/help/question?id=87&cid=35
[200] https://kakobuy-cn.com/fr/category/jersey/
[200] https://kakobuy-cn.com/spreadsheet/perfume/paco-rabanne-phantom-intense-blue-men-s-fragrance-100ml-9ebf00/
[200] https://kakobuy-cn.com/de/about/
[200] https://cdn.maisonlooks.com/products/file-1775950433080-987730974.webp
[200] https://cdn.maisonlooks.com/products/file-1776358641942-124708879.webp
[200] https://cdn.maisonlooks.com/products/file-1775228200213-214187951.webp
[200] https://kakobuy-cn.com/spreadsheet/jackets/versace-runners-black-medusa-logo-jacket-fd5f8b/
[200] https://cdn.maisonlooks.com/products/file-1775458022232-935821142.webp
[200] https://cdn.maisonlooks.com/products/file-1778670568860-698223404.webp
[200] https://kakobuy-cn.com/blog/kakobuy-taobao/
[200] https://kakobuy-cn.com/spreadsheet/bags/goyard-saint-louis-pink-mini-tote-bag-with-coin-purse-4f63e9/
[200] https://cdn.maisonlooks.com/products/file-1778630449272-73760731.webp
[200] https://kakobuy-cn.com/spreadsheet/perfume/valentino-rockstud-uomo-edt-100ml-e3b574/
[200] https://kakobuy-cn.com/blog/kakobuy-1688/
[200] https://cdn.maisonlooks.com/products/file-1778640071870-432105121.webp
[200] https://maisonlooks.com/p/stussy-x-nike-black-shorts-with-white-logo-ada6df
[200] https://cdn.maisonlooks.com/products/file-1778684676224-503073265.webp
[200] https://cdn.maisonlooks.com/products/file-1778682625699-523121987.webp
[200] https://kakobuy-cn.com/spreadsheet/jackets/nike-paris-saint-germain-tech-fleece-jacket-black-52128c/
[200] https://kakobuy-cn.com/it/category/perfume/
[200] https://kakobuy-cn.com/fr/category/bags/
[200] https://cdn.maisonlooks.com/products/file-1778676033441-843337243.webp
[200] https://kakobuy-cn.com/es/category/bags/
[200] https://kakobuy-cn.com/spreadsheet/perfume/gucci-guilty-edt-eau-de-toilette-perfume-c40838/
[200] https://cdn.maisonlooks.com/products/file-1775936453139-47012349.webp
[200] https://cdn.maisonlooks.com/products/file-1778684549745-94535432.webp
[200] https://kakobuy-cn.com/spreadsheet/hoodies/supreme-box-logo-zip-up-hoodie-fed-m33-black-27de66/
[200] https://cdn.maisonlooks.com/products/file-1775304741225-544946830.webp
[200] https://cdn.maisonlooks.com/products/file-1778683314791-768318894.webp
[200] https://maisonlooks.com/p/balmain-light-blue-skinny-jeans-with-zipper-details-729cc5
[200] https://kakobuy-cn.com/spreadsheet/pants/gallery-dept-dept-de-la-galerie-painted-pants-beige-03195a/
[200] https://cdn.maisonlooks.com/products/file-1778684671050-675180310.webp
[200] https://cdn.maisonlooks.com/products/file-1775227770654-968303852.webp
[200] https://cdn.maisonlooks.com/products/file-1778587286755-992292849.webp
[200] https://cdn.maisonlooks.com/products/file-1778592367389-337822303.webp
[200] https://cdn.maisonlooks.com/products/file-1778669130534-647710382.webp
[200] https://cdn.maisonlooks.com/products/file-1778671906397-96451040.webp
[200] https://cdn.maisonlooks.com/products/file-1778626324034-337493314.webp
[200] https://cdn.maisonlooks.com/products/file-1778683934064-978853800.webp
[200] https://cdn.maisonlooks.com/products/file-1775524619383-82323025.webp
[200] https://cdn.maisonlooks.com/products/file-1778682813314-227968650.webp
[200] https://cdn.maisonlooks.com/products/file-1776358643763-357351667.webp
[200] https://cdn.maisonlooks.com/products/file-1778654606971-217055094.webp
[200] https://cdn.maisonlooks.com/products/file-1778682394370-41251206.webp
[200] https://cdn.maisonlooks.com/products/file-1778673353439-560260613.webp
[200] https://cdn.maisonlooks.com/products/file-1775228221886-921081739.webp
[200] https://maisonlooks.com/p/dior-cd-sneakers-in-dusty-blue-36df46
[200] https://cdn.maisonlooks.com/products/file-1778653903493-968048535.webp
[200] https://cdn.maisonlooks.com/products/file-1778630448463-344646088.webp
[200] https://maisonlooks.com/p/dior-cd-sneakers-in-black-grey-627943
[200] https://kakobuy-cn.com/spreadsheet/jackets/louis-vuitton-damier-tabi-jacket-0f4604/
[200] https://maisonlooks.com/p/gallery-dept-blue-paint-splatter-sweatpants-2ac49b
[200] https://cdn.maisonlooks.com/products/file-1775927124799-120026638.webp
[200] https://cdn.maisonlooks.com/products/file-1775927130446-803335690.webp
[200] https://cdn.maisonlooks.com/products/file-1775979541674-231068395.webp
[200] https://kakobuy-cn.com/it/blog/page/2/
[200] https://kakobuy-cn.com/spreadsheet/hoodies/stone-island-68-15-white-hoodie-with-pockets-a51d3b/
[200] https://kakobuy-cn.com/spreadsheet/jackets/louis-vuitton-tabi-monogram-print-jacket-black-white-72b16e/
[200] https://cdn.maisonlooks.com/products/file-1778630219385-832830632.webp
[200] https://cdn.maisonlooks.com/products/file-1775979542707-941665336.webp
[200] https://cdn.maisonlooks.com/products/file-1778673359916-517427783.webp
[200] https://cdn.maisonlooks.com/products/file-1775755335291-946701204.webp
[200] https://cdn.maisonlooks.com/products/file-1778668310571-59834462.webp
[200] https://kakobuy-cn.com/fr/blog/page/3/
[200] https://cdn.maisonlooks.com/products/file-1778670584764-966674053.webp
[200] https://kakobuy-cn.com/spreadsheet/perfume/jean-paul-gaultier-ultra-male-edt-black-fragrance-f42482/
[200] https://cdn.maisonlooks.com/products/file-1778676035840-172216469.webp
[200] https://cdn.maisonlooks.com/products/file-1778683099897-922914013.webp
[200] https://kakobuy-cn.com/spreadsheet/jersey/white-queen-07-baseball-jersey-dress-b95c57/
[200] https://kakobuy-cn.com/pl/category/electronics/
[0] https://kakobuy-cn.com/spreadsheet/pants/carhartt-detroit-black-cargo-pants-109971/
[200] https://kakobuy-cn.com/blog/kakobuy-spreadsheet-to-parcel-checklist/
[200] https://kakobuy-cn.com/pl/category/jersey/
[200] https://cdn.maisonlooks.com/products/file-1775238861886-960402985.webp
[200] https://kakobuy-cn.com/spreadsheet/t-shirts/gallery-dept-buried-alive-t-shirt-cream-0dd496/
[200] https://cdn.maisonlooks.com/products/file-1775549804387-917514365.webp
[200] https://kakobuy-cn.com/spreadsheet/jackets/light-blue-tech-fleece-hoodie-jacket-9e3577/
[200] https://kakobuy-cn.com/blog/browser-extensions-link-rot-prevention/
[200] https://kakobuy-cn.com/spreadsheet/jersey/nike-paris-saint-germain-black-pink-training-jersey-e5aeae/
[200] https://cdn.maisonlooks.com/products/file-1778682392467-964446239.webp
[200] https://kakobuy-cn.com/spreadsheet/headwear/coach-signature-pattern-baseball-cap-black-white-headwear-fd74be/
[200] https://cdn.maisonlooks.com/products/file-1775950299154-700651569.webp
[200] https://kakobuy-cn.com/blog/evolution-of-reps-spreadsheets-excel-to-web/
[200] https://cdn.maisonlooks.com/products/file-1778682349931-537447052.webp
[200] https://cdn.maisonlooks.com/products/file-1778683800833-275517786.webp
[200] https://kakobuy-cn.com/it/category/headwear/
[200] https://kakobuy-cn.com/blog/eu-ets-shipping-carbon-tax-kakobuy-haul/
[200] https://cdn.maisonlooks.com/products/file-1778681139411-385485401.webp
[200] https://cdn.maisonlooks.com/products/file-1778680115951-728996084.webp
[0] https://kakobuy-cn.com/spreadsheet/bags/coach-tabby-c-buckle-leather-shoulder-bag-taupe-564dd1/
[200] https://cdn.maisonlooks.com/products/file-1778671897400-315861557.webp
[200] https://kakobuy-cn.com/spreadsheet/hoodies/supreme-box-logo-fed-m33-grey-zip-up-hoodie-086b4b/
[200] https://maisonlooks.com/p/gucci-gg-monogram-green-sweater-194123
[200] https://kakobuy-cn.com/spreadsheet/pants/under-armour-beige-track-pants-with-zip-pockets-f5f1e7/
[200] https://kakobuy-cn.com/spreadsheet/electronics/jbl-portable-bluetooth-speaker-8472e7/
[200] https://kakobuy-cn.com/spreadsheet/t-shirts/chrome-hearts-cross-print-t-shirt-black-ea21c0/
[0] https://kakobuy-cn.com/spreadsheet/perfume/maison-francis-kurkdjian-baccarat-rouge-540-70ml-perfume-f57235/
[200] https://kakobuy-cn.com/de/blog/page/3/
[200] https://kakobuy.com/service/help/question?id=78&cid=35
[200] https://kakobuy-cn.com/spreadsheet/accessories/essentials-by-fear-of-god-cream-white-socks-90b942/
[200] https://kakobuy-cn.com/pt/blog/page/4/
[200] https://cdn.maisonlooks.com/products/file-1778676838798-919260823.webp
[200] https://kakobuy-cn.com/spreadsheet/pants/ami-paris-beige-am-heart-logo-trousers-3d9752/
[200] https://kakobuy-cn.com/spreadsheet/jersey/adidas-juventus-25-26-away-jersey-soccer-shirt-31cf26/
[200] https://cdn.maisonlooks.com/products/file-1775531122639-359988455.webp
[200] https://cdn.maisonlooks.com/products/file-1778676052341-233013409.webp
[200] https://kakobuy-cn.com/spreadsheet/headwear/fendi-fendi-high-version11-color-cap-27408d/
[200] https://cdn.maisonlooks.com/products/file-1778670584232-855668183.webp
[200] https://cdn.maisonlooks.com/products/file-1775937026192-436393736.webp
[200] https://kakobuy-cn.com/spreadsheet/headwear/prada-distressed-triangle-logo-cap-grey-headwear-c4d942/
[200] https://kakobuy-cn.com/spreadsheet/bags/louis-vuitton-supreme-x-louis-vuitton-epi-leather-wallet-black-a8bff7/
[200] https://kakobuy-cn.com/spreadsheet/pants/lacoste-ey21-black-track-pants-22f7e4/
[200] https://kakobuy-cn.com/it/category/t-shirts/
[200] https://kakobuy-cn.com/spreadsheet/hoodies/hellstar-black-star-flame-zip-up-hoodie-338134/
[200] https://kakobuy-cn.com/spreadsheet/hoodies/hellstar-light-blue-distressed-zip-up-hoodie-e52d56/
[200] https://kakobuy-cn.com/spreadsheet/perfume/bvlgari-pour-homme-soir-night-edt-perfume-127da2/
[200] https://kakobuy-cn.com/spreadsheet/hoodies/nike-tech-fleece-zip-up-hoodie-in-grey-fd8454-f85abe/
[200] https://kakobuy-cn.com/spreadsheet/pants/lacoste-navy-solid-joggers-f0ff0f/
[200] https://cdn.maisonlooks.com/products/file-1775466902988-409683048.webp
[200] https://kakobuy-cn.com/spreadsheet/headwear/balenciaga-baseball-cap-cream-white-e0860a/
[200] https://kakobuy-cn.com/spreadsheet/pants/arc-teryx-alpha-sv-navy-pants-d516fd/
[200] https://kakobuy-cn.com/spreadsheet/bags/dior-classic-flap-red-card-holder-002822/
[200] https://kakobuy.com/service/help/question?id=75&cid=35
[200] https://cdn.maisonlooks.com/products/file-1778676052309-219865326.webp
[200] https://cdn.maisonlooks.com/products/file-1778643849592-260155259.webp
[200] https://kakobuy-cn.com/it/blog/page/3/
[200] https://cdn.maisonlooks.com/products/file-1775958348622-251184489.webp
[200] https://kakobuy-cn.com/spreadsheet/electronics/dyson-v15-detect-fluffy-cordless-vacuum-cleaner-132a5d/
[200] https://kakobuy-cn.com/fr/spreadsheet/
[200] https://kakobuy-cn.com/pl/category/headwear/
[200] https://kakobuy-cn.com/spreadsheet/t-shirts/moncler-navy-dripped-logo-t-shirt-895b3c/
[0] https://kakobuy-cn.com/spreadsheet/headwear/ugg-black-pom-pom-beanie-hat-dac6b7/
[200] https://kakobuy-cn.com/blog/web-spreadsheets-vs-whatsapp-sellers-safety/
[200] https://kakobuy-cn.com/spreadsheet/jackets/fendi-iconic-ff-logo-jacket-brown-6b32ee/
[200] https://kakobuy-cn.com/spreadsheet/accessories/black-leather-belt-with-ornate-silver-buckle-and-rivet-details-665571/
[0] https://kakobuy-cn.com/spreadsheet/headwear/dior-classic-logo-monogram-baseball-cap-black-white-064b93/
[200] https://cdn.maisonlooks.com/products/file-1775981366490-300678150.webp
[200] https://kakobuy-cn.com/blog/canada-cbsa-customs-declaration-spreadsheet-guide/
[200] https://cdn.maisonlooks.com/products/file-1775936766140-890339221.webp
[200] https://kakobuy-cn.com/spreadsheet/t-shirts/balenciaga-fashion-institute-black-t-shirt-d175f5/
[200] https://kakobuy-cn.com/spreadsheet/jersey/errea-sheffield-united-black-lightning-jersey-cde44d/
[200] https://kakobuy.com/service/help/question?id=74&cid=35
[0] https://kakobuy-cn.com/spreadsheet/electronics/chrome-hearts-cross-embossed-iphone-case-black-7409d4/
[200] https://kakobuy.com/service/help/question?id=76&cid=35
[200] https://kakobuy.com/service/help/question?id=48&cid=35
[200] https://kakobuy-cn.com/spreadsheet/jackets/louis-vuitton-monogram-lightweight-jacket-5ff715/
[200] https://cdn.maisonlooks.com/products/file-1778682351110-786454263.webp
[200] https://maisonlooks.com/p/vans-sk8-hi-navy-vn-0d5invy-sneakers-99f8a7
[200] https://kakobuy.com/service/help/question?id=85&cid=35
[200] https://kakobuy-cn.com/spreadsheet/perfume/creed-aventus-100ml-black-eau-de-parfum-0e7860/
[0] https://kakobuy-cn.com/spreadsheet/electronics/stone-island-shadow-project-cream-phone-case-8ff61c/
[200] https://maisonlooks.com/p/fendi-low-top-sneakers-in-beige-green-and-brown-bc8be1
[200] https://kakobuy-cn.com/fr/blog/page/4/
[200] https://kakobuy-cn.com/spreadsheet/hoodies/unisex-fed-m31-black-hoodie-with-graphic-print-65f065/
[200] https://cdn.maisonlooks.com/products/file-1778676037637-420116559.webp
[200] https://kakobuy.com/service/help/question?id=86&cid=35
[200] https://kakobuy-cn.com/blog/kakobuy-spreadsheet-hubs-compared/
[200] https://kakobuy.com/service/help/question?id=90&cid=35
[200] https://cdn.maisonlooks.com/products/file-1776362439378-15573989.webp
[200] https://kakobuy-cn.com/spreadsheet/pants/nike-air-max-23-black-trousers-940a28/
[200] https://kakobuy-cn.com/spreadsheet/perfume/burberry-hero-eau-de-parfum-d1ed22/
[200] https://cdn.maisonlooks.com/products/file-1778676051718-900051078.webp
[200] https://kakobuy-cn.com/spreadsheet/accessories/burberry-classic-check-belt-with-tb-buckle-904655/
[200] https://cdn.maisonlooks.com/products/file-1778676040431-426929682.webp
[200] https://cdn.maisonlooks.com/products/file-1775934566872-539607182.webp
[200] https://cdn.maisonlooks.com/products/file-1778673348207-62876864.webp
[200] https://cdn.maisonlooks.com/products/file-1778642650419-588890233.webp
[200] https://cdn.maisonlooks.com/products/file-1778681536875-924166518.webp
[0] https://kakobuy-cn.com/spreadsheet/accessories/dior-classic-logo-white-phone-case-3b9cc2/
[0] https://kakobuy-cn.com/spreadsheet/accessories/fendi-ff-logo-belt-in-brown-and-black-119267/
[200] https://cdn.maisonlooks.com/products/file-1778673355198-224076006.webp
[200] https://kakobuy-cn.com/pt/blog/page/5/
[0] https://kakobuy-cn.com/spreadsheet/accessories/givenchy-g-logo-navy-blue-belt-with-weave-texture-3d9b48/
[0] https://kakobuy-cn.com/spreadsheet/accessories/goyard-monogram-iphone-case-navy-blue-c0867a/
[200] https://kakobuy-cn.com/de/blog/page/4/
[200] https://kakobuy-cn.com/pt/category/pants/
[200] https://kakobuy-cn.com/pt/category/electronics/
[200] https://kakobuy-cn.com/pl/category/jackets/
[200] https://kakobuy-cn.com/spreadsheet/perfume/amouage-jubilation-40-men-s-perfume-100ml-2c4fc0/
[0] https://kakobuy-cn.com/spreadsheet/t-shirts/burberry-tb-logo-black-t-shirt-c208a9/
[200] https://cdn.maisonlooks.com/products/file-1778684850868-691056406.webp
[200] https://cdn.maisonlooks.com/products/file-1778668321333-746373975.webp
[200] https://telegram.org/faq
[200] https://litbuy.com/
[200] https://cdn.maisonlooks.com/products/file-1775320371077-471793034.webp
[200] https://cdn.maisonlooks.com/products/file-1778682973160-683276289.webp
[200] https://cdn.maisonlooks.com/products/file-1776355239126-978555655.webp
[200] https://cdn.maisonlooks.com/products/file-1775301659687-158925589.webp
[403] https://www.reddit.com/r/kakobuy/comments/1tbtw0r/everyday_streetwear_haul_hoodies_graphic_tees/
[200] https://cdn.maisonlooks.com/products/file-1778684666917-987261823.webp
[200] https://cdn.maisonlooks.com/products/file-1775524842053-379268688.webp
[200] https://cdn.maisonlooks.com/products/file-1778670582967-401349264.webp
[200] https://kakobuy-cn.com/spreadsheet/perfume/versace-medusa-edt-137e62/
[200] https://kakobuy-cn.com/spreadsheet/bags/coach-tabby-c-logo-black-patent-leather-shoulder-bag-9c2f5d/
[200] https://kakobuy-cn.com/spreadsheet/pants/stone-island-68-15-a30-cargo-pants-094ff3/
[200] https://kakobuy.com/service/help/question?id=88&cid=35
[200] https://cdn.maisonlooks.com/products/file-1778680040341-252104958.webp
[200] https://cdn.maisonlooks.com/products/file-1778682628261-905142894.webp
[200] https://cdn.maisonlooks.com/products/file-1778676031877-780181441.webp
[200] https://cdn.maisonlooks.com/products/file-1775234234876-429861251.webp
[200] https://cdn.maisonlooks.com/products/file-1778679874967-999825399.webp
[200] https://cdn.maisonlooks.com/products/file-1778676841605-961505885.webp
[200] https://kakobuy-cn.com/spreadsheet/electronics/apple-airpods-white-wireless-earbuds-980fc9/
[200] https://cdn.maisonlooks.com/products/file-1775457373787-733336346.webp
[200] https://maisonlooks.com/c/electronics
[200] https://maisonlooks.com/p/fendi-denim-low-top-sneakers-in-blue-and-white-8bbe5c
[200] https://cdn.maisonlooks.com/products/file-1775748946103-681448399.webp
[200] https://cdn.maisonlooks.com/products/file-1778583807822-719923351.webp
[200] https://maisonlooks.com/p/nike-p-6000-sneakers-in-white-burgundy-red-8d0c2c
[200] https://cdn.maisonlooks.com/products/file-1778585923318-255994070.webp
[200] https://kakobuy-cn.com/es/category/jackets/
[200] https://cdn.maisonlooks.com/products/file-1778676045444-92663990.webp
[200] https://kakobuy-cn.com/spreadsheet/bags/burberry-tb-monogram-card-holder-beige-black-1ff007/
[200] https://cdn.maisonlooks.com/products/file-1778585918997-259480603.webp
[200] https://maisonlooks.com/p/amiri-rainbow-drip-graphic-t-shirt-in-purple-280ea8
[200] https://kakobuy.com/service/help/question?id=125&cid=35
[200] https://kakobuy-cn.com/spreadsheet/headwear/loewe-anagram-beige-baseball-cap-12fb58/
[200] https://cdn.maisonlooks.com/products/file-1775955349480-2846027.webp
[200] https://cdn.maisonlooks.com/products/file-1778671904418-660467023.webp
[200] https://cdn.maisonlooks.com/products/file-1775530847107-885731501.webp
[200] https://cdn.maisonlooks.com/products/file-1778679813819-280272705.webp
[200] https://kakobuy-cn.com/spreadsheet/headwear/gucci-pink-gg-monogram-baseball-cap-4896f5/
[200] https://cdn.maisonlooks.com/products/file-1778672002343-190939948.webp
[200] https://cdn.maisonlooks.com/products/file-1775979543026-492207671.webp
[200] https://kakobuy-cn.com/fr/about/
[200] https://cdn.maisonlooks.com/products/file-1778654220451-233442654.webp
[200] https://kakobuy-cn.com/fr/blog/page/5/
[200] https://cdn.maisonlooks.com/products/file-1776719594150-57594058.webp
[200] https://cdn.maisonlooks.com/products/file-1778679874424-857549600.webp
[200] https://cdn.maisonlooks.com/products/file-1775233387360-464686731.webp
[200] https://cdn.maisonlooks.com/products/file-1778680447495-576816918.webp
[200] https://cdn.maisonlooks.com/products/file-1778676053972-744409682.webp
[200] https://kakobuy-cn.com/spreadsheet/perfume/dior-homme-intense-100ml-perfume-587eba/
[200] https://cdn.maisonlooks.com/products/file-1778668318474-206352625.webp
[200] https://kakobuy-cn.com/spreadsheet/t-shirts/balenciaga-black-bb-logo-t-shirt-e7203d/
[200] https://kakobuy.com/service/help/question?id=89&cid=35
[200] https://kakobuy-cn.com/spreadsheet/shoes/asics-gel-nimbus-24-silver-black-sneakers-aaa586/
[200] https://kakobuy-cn.com/spreadsheet/accessories/kaws-ornament-black-figure-statue-4226c9/
[200] https://kakobuy-cn.com/pt/category/headwear/
[200] https://www.jadeship.com/agents/kakobuy/discount
[200] https://cdn.maisonlooks.com/products/file-1775272785838-411894056.webp
[200] https://cdn.maisonlooks.com/products/file-1775571185868-315172725.webp
[200] https://cdn.maisonlooks.com/products/file-1775228807009-127383068.webp
[200] https://cdn.maisonlooks.com/products/file-1775565718093-770924643.webp
[200] https://cdn.maisonlooks.com/products/file-1778682815209-899273300.webp
[200] https://cdn.maisonlooks.com/products/file-1775570022906-751145212.webp
[200] https://cdn.maisonlooks.com/products/file-1775302314114-76828366.webp
[200] https://cdn.maisonlooks.com/products/file-1778651274067-788125790.webp
[200] https://cdn.maisonlooks.com/products/file-1778630218933-445598505.webp
[200] https://wa.me/447594927259
[200] https://kakobuy-cn.com/spreadsheet/electronics/nike-phone-case-with-just-do-it-design-3da0b3/
[200] https://cdn.maisonlooks.com/products/file-1778585941248-120042367.webp
[200] https://maisonlooks.com/c/hoodies-sweatshirts
[200] https://cdn.maisonlooks.com/products/file-1775304886498-583659695.webp
[200] https://kakobuy-cn.com/spreadsheet/jersey/black-queen-07-jersey-dress-dcb306/
[200] https://kakobuy-cn.com/spreadsheet/t-shirts/palm-angels-bear-print-t-shirt-burgundy-0c8b4b/
[200] https://cdn.maisonlooks.com/products/file-1775950847388-55518662.webp
[200] https://kakobuy-cn.com/spreadsheet/t-shirts/polo-ralph-lauren-polo-bear-navy-t-shirt-6f2e03/
[200] https://kakobuy-cn.com/pt/blog/page/6/
[200] https://kakobuy-cn.com/spreadsheet/jackets/nocta-green-softshell-hoodie-jacket-ef20c0/
[200] https://cdn.maisonlooks.com/products/file-1778684562181-879533737.webp
[200] https://kakobuy-cn.com/de/blog/page/5/
[0] https://kakobuy-cn.com/es/category/hoodies/
[200] https://technode.com/2024/11/05/undercurrents-in-double-11-whats-changed-and-whats-not/
[200] https://english.www.gov.cn/policies/featured/202511/04/content_WS6909c915c6d00ca5f9a074f7.html
[200] https://cdn.maisonlooks.com/products/file-1775979545180-587211234.webp
[200] https://kakobuy-cn.com/spreadsheet/jersey/nike-fc-barcelona-x-rolling-stones-jersey-red-blue-cc599e/
[200] https://cdn.maisonlooks.com/products/file-1778681126630-959118792.webp
[0] https://kakobuy-cn.com/spreadsheet/hoodies/moncler-white-embroidered-crewneck-sweatshirt-3b4f80/
[200] https://maisonlooks.com/p/levi-s-vintage-501-wide-leg-jeans-b8c43b
[200] https://kakobuy-cn.com/spreadsheet/jersey/joma-torino-fc-red-home-jersey-44aebe/
[200] https://cdn.maisonlooks.com/products/file-1778654887070-484670127.webp
[200] https://kakobuy-cn.com/spreadsheet/perfume/maison-margiela-replica-jazz-club-edt-eau-de-toilette-e516a6/
[200] https://cdn.maisonlooks.com/products/file-1778672004040-312711557.webp
[200] https://kakobuy-cn.com/spreadsheet/pants/burberry-navy-solid-sweatpants-5ce911/
[200] https://cdn.maisonlooks.com/products/file-1778683189144-453787221.webp
[200] https://kakobuy.com/service/help/question?id=83&cid=35
[200] https://cdn.maisonlooks.com/products/file-1778681484413-236779025.webp
[200] https://cdn.maisonlooks.com/products/file-1775466330964-192787848.webp
[200] https://maisonlooks.com/p/mizuno-wave-rider-26-sneakers-in-teal-and-silver-c253e8
[200] https://kakobuy-cn.com/it/blog/page/4/
[200] https://maisonlooks.com/p/new-balance-550-sneakers-in-grey-blue-colorway-a34236
[200] https://kakobuy.com/center/inviteFission
[200] https://cdn.maisonlooks.com/products/file-1778671909077-464359682.webp
[200] https://kakobuy-cn.com/spreadsheet/t-shirts/polo-ralph-lauren-polo-bear-black-t-shirt-ef3216/
[200] https://kakobuy-cn.com/es/category/shoes/
[200] https://kakobuy-cn.com/spreadsheet/headwear/nike-pro-therma-fit-hood-black-headwear-86bbb9/
[200] https://kakobuy-cn.com/spreadsheet/pants/louis-vuitton-black-track-pants-with-blue-and-red-side-stripes-330547/
[200] https://cdn.maisonlooks.com/products/file-1778636968868-478189363.webp
[200] https://maisonlooks.com/p/amiri-hoodie-navy-blue-amiri-logo-pullover-1a99b4
[200] https://kakobuy-cn.com/spreadsheet/jackets/polo-ralph-lauren-black-zip-up-hoodie-4f02e9/
[200] https://kakobuy-cn.com/blog/secure-payment-methods-kakobuy-2026/
[200] https://kakobuy-cn.com/spreadsheet/t-shirts/a-bathing-ape-steve-aoki-white-t-shirt-875238/
[200] https://kakobuy-cn.com/spreadsheet/bags/gucci-green-patterned-gift-box-5c2c4e/
[200] https://kakobuy-cn.com/spreadsheet/t-shirts/nike-dri-fit-blue-t-shirt-05b5f2/
[200] https://kakobuy-cn.com/spreadsheet/jersey/nike-air-jordan-white-green-saudi-home-jersey-29ac9b/
[200] https://cdn.maisonlooks.com/products/file-1775979543603-288411413.webp
[200] https://maisonlooks.com/p/golden-goose-black-ball-star-sneakers-with-white-star-detail-508ad2
[403] https://www.reddit.com/r/kakobuy/
[200] https://cdn.maisonlooks.com/products/file-1778678339353-433711413.webp
[200] https://kakobuy-cn.com/spreadsheet/electronics/beats-studio3-black-gold-headphones-b94afd/
[200] https://kakobuy-cn.com/fr/blog/page/6/
[200] https://kakobuy-cn.com/spreadsheet/electronics/samsung-galaxy-watch6-classic-triple-black-smartwatch-b04cc4/
[200] https://kakobuy-cn.com/blog/kakobuy-4k-qc-video-inspection-guide/
[200] https://kakobuy-cn.com/spreadsheet/jersey/white-queen-07-baseball-jersey-dress-1883ff/
[200] https://kakobuy-cn.com/spreadsheet/electronics/chrome-hearts-triple-black-leather-phone-case-880741/
[200] https://kakobuy.com/service/help/question?id=80&cid=35
[200] https://kakobuy-cn.com/spreadsheet/pants/ami-paris-ami-de-coeur-black-heart-logo-sweatpants-956b94/
[200] https://maisonlooks.com/p/a-bathing-ape-camo-polo-shirt-8424c9
[200] https://kakobuy-cn.com/spreadsheet/electronics/sony-playstation-5-dualsense-white-controller-21041e/
[200] https://kakobuy-cn.com/it/category/accessories/
[200] https://kakobuy-cn.com/spreadsheet/headwear/supreme-black-white-balaclava-headwear-52d35c/
[200] https://kakobuy-cn.com/pl/category/hoodies/
[200] https://cdn.maisonlooks.com/products/file-1778682807030-89020241.webp
[200] https://kakobuy-cn.com/spreadsheet/accessories/karl-lagerfeld-red-cat-print-umbrella-85f972/
[200] https://kakobuy-cn.com/de/blog/page/6/
[200] https://kakobuy-cn.com/spreadsheet/jackets/lacoste-navy-zip-up-hoodie-906013/
[403] https://www.reddit.com/r/kakobuy/comments/1t69y1l/clean_spring_haul_polo_rl_st%C3%BCssy_waffle_knit_and/
[200] https://kakobuy-cn.com/spreadsheet/electronics/dyson-v8s-cordless-vacuum-cleaner-911605/
[200] https://cdn.maisonlooks.com/products/file-1775936458343-302333924.webp
[200] https://cdn.maisonlooks.com/products/file-1775934568695-430687829.webp
[200] https://cdn.maisonlooks.com/products/file-1778671289461-537661148.webp
[200] https://kakobuy.com/service/help/question?id=4&cid=35
[200] https://kakobuy-cn.com/pl/blog/page/4/
[200] https://cdn.maisonlooks.com/products/file-1778678562261-132708606.webp
[200] https://cdn.maisonlooks.com/products/file-1775950848793-149989733.webp
[200] https://maisonlooks.com/p/nike-air-max-vision-sneakers-white-pure-violet-da3199-100-7b6428
[200] https://cdn.maisonlooks.com/products/file-1778634765943-654222532.webp
[200] https://kakobuy-cn.com/spreadsheet/electronics/s540-portable-bluetooth-speaker-9591e4/
[200] https://kakobuy-cn.com/blog/timing-the-reps-hype-cycle-spreadsheets/
[200] https://cdn.maisonlooks.com/products/file-1778673359583-563634451.webp
[200] https://cdn.maisonlooks.com/products/file-1778630464975-655648290.webp
[200] https://kakobuy-cn.com/spreadsheet/accessories/diesel-belt-with-logo-buckle-c27ecf/
[200] https://cdn.maisonlooks.com/products/file-1775234331640-885768780.webp
[200] https://kakobuy-cn.com/spreadsheet/hoodies/louis-vuitton-pixel-check-crewneck-sweater-black-blue-826902/
[200] https://cdn.maisonlooks.com/products/file-1778681898241-772484635.webp
[200] https://kakobuy-cn.com/images/reddit-buyer-shares/kakobuy-spreadsheet-desk-hero-2026.png
[200] https://kakobuy-cn.com/spreadsheet/jersey/macron-black-red-striped-soccer-jersey-19f905/
[403] https://www.reddit.com/r/kakobuy/comments/1t6jswc/massive_haul_just_landed_purple_jeans_lv_olympia/
[200] https://kakobuy-cn.com/spreadsheet/jackets/maison-mihara-yasuhiro-mmy-blakey-pixel-denim-jacket-f69ae1/
[200] https://kakobuy-cn.com/blog/kakobuy-spreadsheet-reddit/
[200] https://kakobuy-cn.com/spreadsheet/jackets/burberry-navy-hoodie-with-striped-zipper-e16bd5/
[200] https://kakobuy-cn.com/spreadsheet/headwear/gucci-gg-supreme-baseball-cap-with-web-stripe-18776a/
[200] https://kakobuy-cn.com/it/blog/page/5/
[200] https://maisonlooks.com/p/tommy-hilfiger-classic-logo-underwear-set-black-red-navy-99de03
[200] https://kakobuy-cn.com/spreadsheet/other/louis-vuitton-monogram-print-bikini-set-5f3ccc/
[200] https://cdn.maisonlooks.com/products/file-1778671898876-395614480.webp
[200] https://kakobuy-cn.com/spreadsheet/electronics/beats-solo3-wireless-white-red-headphones-249150/
[200] https://kakobuy.com/service/help/question?id=79&cid=35
[200] https://kakobuy-cn.com/spreadsheet/jackets/dior-classic-flap-hooded-puffer-vest-25-e2a08e/
[200] https://kakobuy-cn.com/spreadsheet/perfume/christian-louboutin-english-leather-perfume-7ba341/
[200] https://kakobuy-cn.com/fr/category/pants/
[200] https://kakobuy-cn.com/spreadsheet/t-shirts/amiri-black-white-pattern-t-shirt-875d1e/
[200] https://kakobuy-cn.com/spreadsheet/jackets/stone-island-68-15-black-hoodie-f0557c/
[200] https://kakobuy-cn.com/spreadsheet/bags/louis-vuitton-neverfull-monogram-crossbody-bag-ba85e3/
[200] https://kakobuy-cn.com/spreadsheet/jersey/kappa-roma-football-jersey-white-red-a5a25e/
[200] https://kakobuy-cn.com/spreadsheet/hoodies/stone-island-68-15-green-hoodie-1c7651/
[200] https://maisonlooks.com/p/burberry-tb-monogram-white-t-shirt-272b7c
[200] https://cdn.maisonlooks.com/products/file-1778626339124-655829666.webp
[200] https://cdn.maisonlooks.com/products/file-1775936455467-865385665.webp
[200] https://cdn.maisonlooks.com/products/file-1778651958962-944998748.webp
[200] https://kakobuy-cn.com/it/how-to-buy/
[200] https://cdn.maisonlooks.com/products/file-1778681537933-155002563.webp
[200] https://kakobuy.com/service/help/question?id=82&cid=35
[200] https://kakobuy-cn.com/pl/category/perfume/
[200] https://cdn.maisonlooks.com/products/file-1778681904948-130933334.webp
[200] https://kakobuy-cn.com/spreadsheet/jackets/black-and-light-grey-tech-fleece-jacket-0688b0/
[200] https://cdn.maisonlooks.com/products/file-1778676048982-687890949.webp
[403] https://www.reddit.com/r/kakobuy/comments/1t8vugn/haul_reviewed_8kg/
[200] https://kakobuy-cn.com/spreadsheet/accessories/herm-s-t-series-black-gold-buckle-belt-a0edbd/
[200] https://cdn.maisonlooks.com/products/file-1778626330960-739816964.webp
[200] https://cdn.maisonlooks.com/products/file-1778671898723-166225215.webp
[200] https://kakobuy-cn.com/_astro/_slug_.Ds0lI0C0.css
[200] https://cdn.maisonlooks.com/products/file-1778630460637-946063251.webp
[200] https://kakobuy-cn.com/spreadsheet/perfume/saint-laurent-l-homme-edp-orange-perfume-5d9e98/
[200] https://kakobuy-cn.com/es/category/headwear/
[200] https://kakobuy-cn.com/pl/blog/page/5/
[200] https://cdn.maisonlooks.com/products/file-1778630450948-824426045.webp
[200] https://kakobuy-cn.com/spreadsheet/jackets/stone-island-68-15-olive-green-hoodie-b9ffae/
[200] https://kakobuy-cn.com/spreadsheet/electronics/chanel-classic-flap-black-crystal-phone-case-59b7bc/
[200] https://kakobuy-cn.com/fr/category/jackets/
[200] https://kakobuy-cn.com/blog/page/2/
[200] https://cdn.maisonlooks.com/products/file-1775564520711-674345408.webp
[200] https://kakobuy-cn.com/spreadsheet/electronics/sony-dualsense-wireless-controller-black-39549f/
[200] https://cdn.maisonlooks.com/products/file-1775979543296-981198658.webp
[200] https://cdn.maisonlooks.com/products/file-1775571476186-895351317.webp
[200] https://cdn.maisonlooks.com/products/file-1775934627043-941805645.webp
[200] https://kakobuy-cn.com/spreadsheet/jackets/balenciaga-monogram-pattern-jacket-black-af6905/
[200] https://kakobuy.net/
[200] https://kakobuy-cn.com/spreadsheet/jackets/fendi-iconic-ff-print-jacket-navy-073948/
[200] https://cdn.maisonlooks.com/products/file-1775739943517-923084092.webp
[200] https://maisonlooks.com/p/calvin-klein-3-pack-underwear-trunks-1a796b
[200] https://kakobuy-cn.com/spreadsheet/jersey/adidas-ronaldo-9-jersey-yellow-brazil-home-f43254/
[200] https://kakobuy-cn.com/spreadsheet/perfume/dior-sauvage-elixir-wood-box-collection-100ml-perfume-3a6b3c/
[200] https://kakobuy-cn.com/spreadsheet/electronics/stanley-hello-kitty-kt-quencher-h2-0-tumbler-90bbae/
[200] https://maisonlooks.com/p/moncler-navy-knit-hat-scarf-set-94695f
[200] https://kakobuy-cn.com/spreadsheet/accessories/c-p-company-patta-white-phone-case-3f23dc/
[200] https://kakobuy-cn.com/spreadsheet/headwear/moncler-black-pom-pom-beanie-hat-9f42ee/
[403] https://www.reddit.com/r/RepHeads/comments/1tbwdby/giveaway_event_win_a_pair_of_aj1_offwhite_chicagos/
[200] https://maisonlooks.com/p/saint-laurent-ysl-kate-gold-heels-275095
[200] https://cdn.maisonlooks.com/products/file-1778684401998-133414714.webp
[200] https://world.taobao.com/
[200] https://cdn.maisonlooks.com/products/file-1778646221588-426599764.webp
[200] https://cdn.maisonlooks.com/products/file-1776355230698-376114821.webp
[200] https://kakobuy-cn.com/spreadsheet/headwear/loewe-monogram-embroidered-baseball-cap-white-headwear-58b232/
[200] https://support.google.com/docs/answer/2494822
[200] https://cdn.maisonlooks.com/products/file-1776355235419-423157765.webp
[200] https://kakobuy-cn.com/spreadsheet/accessories/gucci-gg-supreme-canvas-belt-in-navy-blue-e6c209/
[200] https://maisonlooks.com/p/balenciaga-white-wfp-supported-t-shirt-d21d89
[200] https://kakobuy-cn.com/spreadsheet/headwear/lacoste-beanie-cream-crocodile-patch-winter-hat-abe11f/
[200] https://kakobuy-cn.com/spreadsheet/jersey/mitchell-ness-toronto-raptors-tradition-classics-purple-jersey-de2665/
[200] https://cdn.maisonlooks.com/products/file-1775456860477-869997310.webp
[200] https://kakobuy-cn.com/spreadsheet/accessories/amiri-white-leather-belt-with-black-logo-buckle-7d49d4/
[200] https://kakobuy-cn.com/spreadsheet/other/armani-underwear-3-pack-in-black-grey-purple-a46946/
[200] https://maisonlooks.com/p/calvin-klein-cc-grey-new-3-boxers-235dc4
[200] https://cdn.maisonlooks.com/products/file-1778679919590-54873596.webp
[200] https://cdn.maisonlooks.com/products/file-1776709761624-242929033.webp
[200] https://kakobuy-cn.com/it/category/hoodies/
[200] https://kakobuy-cn.com/spreadsheet/jersey/adidas-serie-a-germany-away-jersey-pink-688cc3/
[200] https://kakobuy-cn.com/blog/page/3/
[200] https://kakobuy-cn.com/pl/blog/page/6/
[200] https://maisonlooks.com/c/trousers-pants
[200] https://maisonlooks.com/p/rick-owens-geobasket-pink-high-top-boots-192eba
[200] https://cdn.maisonlooks.com/products/file-1778683806009-488407006.webp
[200] https://kakobuy-cn.com/pl/category/accessories/
[200] https://kakobuy-cn.com/spreadsheet/electronics/adidas-bart-simpson-phone-case-cream-8e297e/
[200] https://cdn.maisonlooks.com/products/file-1778645409886-239028486.webp
[200] https://kakobuy-cn.com/es/category/jersey/
[200] https://cdn.maisonlooks.com/products/file-1778683808715-192792836.webp
[200] https://maisonlooks.com/p/suede-loafers-in-beige-colorway-e119d9
[200] https://cdn.maisonlooks.com/products/file-1778676043727-109050185.webp
[200] https://maisonlooks.com/p/dior-black-silver-mesh-heels-with-crystal-embellishments-446f1a
[200] https://maisonlooks.com/p/chanel-cd-boxer-briefs-solid-color-underwear-efef3c
[200] https://kakobuy.com/tools/estimate
[200] https://maisonlooks.com/c/headwear
[200] https://kakobuy-cn.com/spreadsheet/accessories/ami-alexandre-mattiussi-grey-socks-with-red-heart-logo-8e538d/
[200] https://kakobuy-cn.com/spreadsheet/jackets/supreme-bb-36-purple-hooded-jacket-1e5aa2/
[200] https://cdn.maisonlooks.com/products/file-1775936459569-540798032.webp
[200] https://kakobuy-cn.com/spreadsheet/electronics/nike-stitch-phone-case-cream-6c63d3/
[200] https://maisonlooks.com/p/yeezy-slide-pure-sand-slippers-cb44b5
[200] https://kakobuy-cn.com/pl/category/t-shirts/
[200] https://maisonlooks.com/p/gucci-runners-black-leather-loafers-b65c43
[200] https://maisonlooks.com/p/montblanc-explorer-100ml-eau-de-parfum-89ee30
[200] https://maisonlooks.com/p/tan-brogue-leather-loafers-2e6383
[200] https://www.kako-sheets.com/
[200] https://maisonlooks.com/p/dior-cd-boxer-briefs-set-blue-grey-red-4aa79b
[200] https://kakobuy-cn.com/spreadsheet/perfume/chanel-bleu-de-chanel-pour-homme-black-gold-perfume-8a6802/
[200] https://kakobuy-cn.com/spreadsheet/perfume/jean-paul-gaultier-le-beau-fragrance-trio-set-fd1773/
[200] https://kakobuy-cn.com/it/buyer-shares/
[200] https://cdn.maisonlooks.com/products/file-1775755335928-867097767.webp
[200] https://maisonlooks.com/p/celine-cross-embroidered-light-blue-jeans-471210
[200] https://kakobuy-cn.com/spreadsheet/other/louis-vuitton-monogram-triangle-bikini-set-25e0db/
[200] https://kakobuy-cn.com/pl/category/shoes/
[200] https://cdn.maisonlooks.com/products/file-1778668318587-487846621.webp
[200] https://maisonlooks.com/p/emporio-armani-black-blue-2-pack-underwear-06d9a2
[200] https://maisonlooks.com/p/coach-signature-mini-tote-bag-brown-53f572
[200] https://kakobuy-cn.com/spreadsheet/jackets/moncler-black-zip-up-hoodie-with-red-blue-white-stripes-a7dc2b/
[200] https://cdn.maisonlooks.com/products/file-1776705957767-71575537.webp
[200] https://maisonlooks.com/p/essentials-yellow-drawstring-track-pants-d01e17
[200] https://maisonlooks.com/p/dior-classic-logo-boxer-briefs-3-pack-d0dc77
[200] https://cdn.maisonlooks.com/products/file-1778585948048-319502957.webp
[200] https://maisonlooks.com/p/goyard-saint-louis-1c8f79
[200] https://maisonlooks.com/c/jersey
[200] https://maisonlooks.com/p/psd-space-themed-boxer-briefs-27a37e
[200] https://kakobuy-cn.com/spreadsheet/accessories/celine-classic-flap-gold-eyewear-0b4457/
[200] https://kakobuy-cn.com/blog/page/4/
[200] https://maisonlooks.com/p/a-bathing-ape-bape-sta-world-gone-mad-grey-hoodie-ec6a36
[200] https://kakobuy-cn.com/spreadsheet/headwear/nike-pro-hyperwarm-hood-pink-headwear-5ad686/
[200] https://maisonlooks.com/p/tiffany-co-return-to-tiffany-hair-dryer-set-28abf7
[200] https://cdn.maisonlooks.com/products/file-1775944612435-131223060.webp
[200] https://kakobuy-cn.com/it/blog/page/6/
[200] https://cdn.maisonlooks.com/products/file-1778683926393-329876767.webp
[200] https://kakobuy-cn.com/spreadsheet/t-shirts/palm-angels-bear-grey-t-shirt-315a40/
[200] https://cdn.maisonlooks.com/products/file-1778643103599-502799409.webp
[200] https://maisonlooks.com/p/chanel-white-leather-mary-jane-flats-with-gold-accents-11f097
[200] https://cdn.maisonlooks.com/products/file-1778676060713-117644275.webp
[200] https://cdn.maisonlooks.com/products/file-1778636967053-727602662.webp
[200] https://kakobuy-cn.com/spreadsheet/headwear/dsquared2-icon-beanie-khaki-headwear-e165bf/
[200] https://cdn.maisonlooks.com/products/file-1775937025329-699529964.webp
[200] https://cdn.maisonlooks.com/products/file-1778684006375-623833323.webp
[200] https://www.iata.org/
[200] https://kakobuy-cn.com/spreadsheet/jersey/mitchell-ness-michael-jordan-white-blue-red-002-all-star-jersey-2e36ee/
[200] https://maisonlooks.com/p/ami-paris-ami-de-coeur-navy-sweatpants-c343a3
[200] https://maisonlooks.com/p/gucci-gg-logo-beige-crewneck-sweatshirt-f5845d
[200] https://maisonlooks.com/p/harman-wind3-blue-wireless-speaker-v5-0-bb11bd
[200] https://kakobuy-cn.com/spreadsheet/accessories/ami-paris-grey-socks-with-red-heart-logo-5b7d46/
[200] https://kakobuy-cn.com/spreadsheet/jersey/errea-molino-castillo-goup-soccer-jersey-grey-ddd76b/
[200] https://kakobuy-cn.com/spreadsheet/t-shirts/amiri-black-blue-logo-t-shirt-58452b/
[200] https://kakobuy-cn.com/spreadsheet/hoodies/gucci-firenze-1921-black-hoodie-e3b289/
[200] https://kakobuy-cn.com/it/category/pants/
[200] https://kakobuy-cn.com/blog/page/5/
[200] https://maisonlooks.com/p/apple-airpods-max-silver-headphones-24e75f
[200] https://maisonlooks.com/c/bags-backpacks
[200] https://maisonlooks.com/p/maison-margiela-abstract-splatter-black-sweatshirt-53a9ef
[200] https://maisonlooks.com/p/under-armour-boxer-briefs-4-pack-black-white-grey-red-be3977
[200] https://cdn.maisonlooks.com/products/file-1775547529415-724533345.webp
[403] https://www.reddit.com/r/kakobuy/
[403] https://www.reddit.com/r/kakobuy/
[403] https://www.reddit.com/r/kakobuy/
[403] https://www.reddit.com/r/kakobuy/
[403] https://www.reddit.com/r/kakobuy/
[403] https://www.reddit.com/r/kakobuy/
[200] https://maisonlooks.com/p/the-north-face-basic-logo-beige-cap-89ebd6
[200] https://kakobuy-cn.com/spreadsheet/accessories/champion-reverse-weave-black-yellow-socks-f93f51/
[200] https://cdn.maisonlooks.com/products/file-1775927124298-191039612.webp
[200] https://maisonlooks.com/p/balenciaga-speed-trainer-black-sock-sneakers-947f0c
[200] https://maisonlooks.com/p/mitchell-ness-bulls-23-green-basketball-jersey-135ec8
[200] https://cdn.maisonlooks.com/products/file-1778676068108-637160049.webp
[200] https://academy.findqc.com/2025/06/25/pay-tribute-to-eli-and-finds-ly/
[200] https://maisonlooks.com/p/crocs-bayaband-core-black-clogs-11da71
[200] https://cdn.maisonlooks.com/products/file-1778677686128-630327621.webp
[200] https://maisonlooks.com/p/maison-margiela-replica-oversized-sweatshirt-fed-m21-black-f62914
[200] https://cdn.maisonlooks.com/products/file-1778650975668-689722756.webp
[200] https://cdn.maisonlooks.com/products/file-1778592122460-820200374.webp
[200] https://www.alibabagroup.com/en-US/about-businesses
[200] https://maisonlooks.com/p/chanel-bleu-de-chanel-pour-homme-100ml-eau-de-toilette-e008df
[200] https://maisonlooks.com/p/cartier-soleil-blanc-cartier8-gradient-sunglasses-12dd06
[200] https://cdn.maisonlooks.com/products/file-1778582284343-793381858.webp
[200] https://maisonlooks.com/p/balenciaga-blue-01-track-jacket-eb99ac
[200] https://maisonlooks.com/p/herm-s-runner-blue-suede-loafers-6083b6
[200] https://kakobuy-cn.com/spreadsheet/t-shirts/hellstar-red-star-flame-t-shirt-bd8a8f/
[200] https://maisonlooks.com/p/chrome-hearts-white-ch-cross-t-shirt-5878f8
[200] https://oopbuy.com/
[200] https://maisonlooks.com/p/stone-island-68-15-black-solid-pants-3e9463
[200] https://cdn.maisonlooks.com/products/file-1775937026800-686702786.webp
[200] https://maisonlooks.com/p/montblanc-explorer-platinum-100ml-eau-de-parfum-2d07fc
[200] https://maisonlooks.com/p/louis-vuitton-tie-dye-monogram-bikini-set-08f589
[200] https://maisonlooks.com/p/carhartt-wip-blue-moon-socks-in-ink-blue-9adf12
[200] https://cdn.maisonlooks.com/products/file-1775757198588-94134986.webp
[200] https://kakobuy-cn.com/spreadsheet/jackets/nike-air-lightning-neon-yellow-jacket-03d4fa/
[200] https://kakobuy-cn.com/spreadsheet/pants/black-solid-trousers-casual-pants-aa459a/
[200] https://maisonlooks.com/p/nike-dri-fit-purple-t-shirt-men-s-6cac80
[200] https://maisonlooks.com/p/hawas-for-him-edp-perfume-36cdc7
[200] https://maisonlooks.com/p/chanel-classic-flap-gold-iphone-case-e713e0
[200] https://maisonlooks.com/p/loro-piana-suede-loafers-grey-leather-flats-44a78b
[200] https://maisonlooks.com/p/nike-air-max-90-black-white-slide-sandals-a1a276
[200] https://cdn.maisonlooks.com/products/file-1776360130337-898611345.webp
[200] https://cdn.maisonlooks.com/products/file-1778671020391-808301439.webp
[200] https://maisonlooks.com/p/gallery-dept-art-that-kills-black-sweatpants-8155d3
[200] https://maisonlooks.com/p/tod-s-dolcevita-light-blue-loafers-f22bc4
[200] https://maisonlooks.com/p/balenciaga-white-logo-embroidered-jacket-ba5aaf
[200] https://cdn.maisonlooks.com/products/file-1778673783073-763220967.webp
[200] https://cdn.maisonlooks.com/products/file-1775755331808-94323551.webp
[200] https://maisonlooks.com/p/adidas-yeezy-slide-bone-white-6345-sandals-b2d6c1
[200] https://maisonlooks.com/p/timberland-6-inch-premium-red-boots-c98e08
[200] https://kakobuy-cn.com/spreadsheet/headwear/dsquared2-icon-beanie-cream-headwear-2b6526/
[200] https://maisonlooks.com/p/bape-bathtub-print-iphone-case-544196
[200] https://maisonlooks.com/p/psd-stay-loud-boxer-briefs-underwear-a1bfa6
[200] https://maisonlooks.com/p/burberry-black-solid-trousers-9b4c97
[200] https://maisonlooks.com/p/bvlgari-blv-pour-homme-edt-eau-de-toilette-5911b4
[200] https://kakobuy.org/
[200] https://maisonlooks.com/p/balenciaga-bb-logo-denim-cap-grey-dc67f2
[200] https://cdn.maisonlooks.com/products/file-1775307714201-857024249.webp
[200] https://maisonlooks.com/p/playboy-butterfly-print-boxer-shorts-2d5908
[200] https://kakobuy-cn.com/spreadsheet/accessories/audi-logo-umbrella-black-with-white-emblem-79cbef/
[200] https://cdn.maisonlooks.com/products/file-1775546836735-45015895.webp
[200] https://maisonlooks.com/p/moncler-pink-pom-pom-beanie-hat-46daeb
[200] https://kakobuy-cn.com/spreadsheet/jackets/polo-ralph-lauren-polo-bear-full-zip-hoodie-l040-black-7bc237/
[200] https://maisonlooks.com/p/kenzo-tiger-boxer-briefs-black-white-grey-284b69
[200] https://maisonlooks.com/p/loro-p-suede-loafers-beige-leather-shoes-80672d
[200] https://maisonlooks.com/p/a-bathing-ape-bape-sta-runner-white-red-sneakers-faaee8
[200] https://maisonlooks.com/p/fendi-high-version6-logo-print-baseball-cap-a362d1
[200] https://maisonlooks.com/p/gallery-dept-buried-alive-t-shirt-cream-0dd496
[200] https://maisonlooks.com/p/burberry-grey-b-logo-zip-up-hoodie-a327e7
[200] https://maisonlooks.com/p/unisex-distressed-washed-black-hoodie-with-front-pocket-f32cda
[200] https://kakobuy-cn.com/spreadsheet/bags/dior-dior-book-tote-card-holder-beige-7707a4/
[200] https://maisonlooks.com/p/nike-paris-saint-germain-black-pink-training-jersey-e5aeae
[200] https://kakobuy-cn.com/spreadsheet/perfume/maison-margiela-replica-sailing-day-edt-fragrance-c08b8b/
[200] https://www.gov.cn/zhengce/content/202511/content_7047090.htm
[200] https://maisonlooks.com/p/burberry-yellow-navy-horseferry-slide-sandals-e76a4b
[200] https://maisonlooks.com/p/jbl-portable-bluetooth-speaker-8472e7
[200] https://kakobuy-cn.com/blog/page/6/
[200] https://kakobuy-cn.com/spreadsheet/t-shirts/gallery-dept-my-batteries-died-black-t-shirt-3feee4/
[200] https://maisonlooks.com/p/ralph-lauren-bear-car-iphone-case-cream-d8cb32
[200] https://cdn.maisonlooks.com/products/file-1778670582479-544938322.webp
[200] https://kakobuy-cn.com/spreadsheet/hoodies/casablanca-ford-marin-black-hoodie-340d2e/
[200] https://maisonlooks.com/p/nike-air-jordan-1-sb-la-to-chicago-cd6578-507-sneakers-908289
[200] https://maisonlooks.com/p/emporio-armani-black-grey-2-pack-underwear-8ab499
[200] https://maisonlooks.com/p/burberry-black-classic-logo-t-shirt-3fd7a5
[200] https://cdn.maisonlooks.com/products/file-1775757195516-813126522.webp
[200] https://maisonlooks.com/p/louis-vuitton-damier-tabi-jacket-0f4604
[200] https://kakobuy-cn.com/spreadsheet/headwear/miu-miu-denim-baseball-cap-black-00ce6a/
[200] https://kakobuysheets.it.com/
[200] https://kakospread.com/
[200] https://maisonlooks.com/p/off-white-white-cross-print-oversized-t-shirt-2aef80
[200] https://kakobuy-cn.com/spreadsheet/accessories/essentials-by-fear-of-god-fg-logo-socks-fog-3-554ef4/
[200] https://maisonlooks.com/p/coach-signature-pattern-baseball-cap-black-white-headwear-fd74be
[200] https://maisonlooks.com/p/jordan-brand-phone-case-with-michael-jordan-design-465523
[200] https://kakobuy-cn.com/blog/ai-search-discovery-kakobuy-spreadsheet-reps/
[200] https://cdn.maisonlooks.com/products/file-1775199301277-767710254.webp
[200] https://cdn.maisonlooks.com/products/file-1778636968938-889425083.webp
[200] https://maisonlooks.com/p/beats-studio3-wireless-headphones-black-gold-471da8
[200] https://kakobuy-cn.com/spreadsheet/headwear/prada-distressed-logo-cap-black-headwear-b7f3b4/
[200] https://maisonlooks.com/p/louis-vuitton-tabi-monogram-print-jacket-black-white-72b16e
[200] https://maisonlooks.com/p/under-armour-beige-track-pants-with-zip-pockets-f5f1e7
[200] https://cdn.maisonlooks.com/products/file-1775757443683-42244667.webp
[200] https://cdn.maisonlooks.com/products/file-1775928418150-74463920.webp
[200] https://kakobuy-cn.com/spreadsheet/pants/reebok-classic-leather-red-tribal-print-pants-4767ef/
[200] https://cdn.maisonlooks.com/products/file-1778656509878-48078998.webp
[200] https://maisonlooks.com/p/adidas-juventus-25-26-away-jersey-soccer-shirt-31cf26
[200] https://maisonlooks.com/p/moncler-navy-dripped-logo-t-shirt-895b3c
[200] https://kakobuy-cn.com/spreadsheet/electronics/a-bathing-ape-bape-sta-shark-yellow-phone-case-ccf47b/
[403] https://www.reddit.com/r/kakobuy/
[403] https://www.reddit.com/r/kakobuy/
[403] https://www.reddit.com/r/kakobuy/
[200] https://maisonlooks.com/p/supreme-box-logo-fed-m33-grey-zip-up-hoodie-086b4b
[200] https://kakobuy-cn.com/spreadsheet/t-shirts/louis-vuitton-black-sketch-print-t-shirt-58df39/
[200] https://kakobuy-cn.com/spreadsheet/bags/goyard-saint-louis-black-brown-tote-bag-aae5bb/
[200] https://maisonlooks.com/p/creed-aventus-100ml-black-eau-de-parfum-0e7860
[200] https://taxation-customs.ec.europa.eu/vat-e-commerce_en
[200] https://cdn.maisonlooks.com/products/file-1778626073445-762396805.webp
[200] https://maisonlooks.com/p/moncler-navy-blue-crewneck-sweatshirt-45f12a
[200] https://maisonlooks.com/p/stone-island-68-15-blue-hoodie-45af75
[200] https://maisonlooks.com/p/dyson-v15-detect-fluffy-cordless-vacuum-cleaner-132a5d
[200] https://spreadsheetskakobuy.com/
[200] https://maisonlooks.com/p/canada-goose-arctic-program-beanie-cream-cf829f
[200] https://maisonlooks.com/c/perfume
[200] https://kakobuy-cn.com/spreadsheet/headwear/coach-signature-black-baseball-cap-1a27bd/
[200] https://maisonlooks.com/p/amouage-jubilation-40-men-s-perfume-100ml-2c4fc0
[200] https://maisonlooks.com/p/lacoste-navy-solid-joggers-f0ff0f
[200] https://kakobuy.com/service/help/question?id=77&cid=35
[200] https://maisonlooks.com/p/a-bathing-ape-bape-sta-world-gone-mad-black-hoodie-786970
[200] https://maisonlooks.com/p/nike-tech-fleece-zip-up-hoodie-in-grey-fd8454-f85abe
[200] https://maisonlooks.com/p/adidas-adi-2000-black-track-pants-2accc9
[200] https://kakobuy-cn.com/spreadsheet/headwear/lacoste-navy-crocodile-patch-beanie-ff6104/
[200] https://maisonlooks.com/p/balenciaga-hand-painted-jeans-e64ce2
[200] https://maisonlooks.com/p/paco-rabanne-phantom-intense-blue-men-s-fragrance-100ml-9ebf00
[200] https://maisonlooks.com/p/prada-black-and-beige-triangle-print-heeled-mules-6f29bd
[200] https://kakobuy-cn.com/spreadsheet/hoodies/hellstar-studios-hoodie-smoke-grey-zip-up-ce6fa3/
[200] https://maisonlooks.com/p/polo-ralph-lauren-black-classic-logo-trousers-6e1d91
[403] https://preview.redd.it/review-17-piece-summer-clothing-accessories-haul-via-oopbuy-v0-7lox115scgyg1.jpg?width=1080&crop=smart&auto=webp&s=7d5adfcd36c0b9af1cdc57f2eb32e847e6012eb7
[200] https://maisonlooks.com/p/moncler-grey-zip-up-hoodie-a9b7e0
[200] https://maisonlooks.com/p/black-track-pants-with-white-stripe-and-script-logo-8d427b
[200] https://cdn.maisonlooks.com/products/file-1775944284647-538672232.webp
[200] https://maisonlooks.com/p/sacai-x-nike-lagua-sand-black-white-sneakers-e5ab0a
[200] https://kakobuy-cn.com/spreadsheet/electronics/apple-airpods-max-headphones-4b45ba/
[200] https://www.jadeship.com/
[200] https://kakobuy-cn.com/spreadsheet/electronics/portable-bluetooth-speaker-s540-blue-audio-device-b85612/
[200] https://maisonlooks.com/p/nike-paris-saint-germain-tech-fleece-jacket-black-52128c
[200] https://maisonlooks.com/p/louis-vuitton-black-track-pants-with-blue-and-red-side-stripes-330547
[200] https://maisonlooks.com/p/stone-island-68-15-white-hoodie-with-pockets-a51d3b
[200] https://kakobuy-cn.com/spreadsheet/bags/dior-classic-flap-cardholder-navy-blue-de401b/
[403] https://www.reddit.com/r/1to1reps/comments/1t90txc/the_best_kakobuy_spreadsheet_resource_hub_2026/
[200] https://maisonlooks.com/p/nike-phone-case-with-just-do-it-design-3da0b3
[200] https://maisonlooks.com/p/nike-air-jordan-white-green-saudi-home-jersey-29ac9b
[200] https://www.maersk.com/logistics-explained/transportation-and-freight/2025/03/10/air-cargo-chargeable-weight
[200] https://maisonlooks.com/p/balenciaga-black-bb-logo-t-shirt-e7203d
[200] https://kakobuy-cn.com/spreadsheet/jersey/nike-fc-barcelona-black-training-jersey-829fb9/
[200] https://maisonlooks.com/p/dior-monogram-baseball-cap-in-black-87fe5c
[200] https://maisonlooks.com/p/gucci-pink-gg-monogram-baseball-cap-4896f5
[200] https://maisonlooks.com/p/nike-fc-barcelona-x-rolling-stones-jersey-red-blue-cc599e
[200] https://maisonlooks.com/p/victoria-s-secret-red-lace-bikini-set-30097b
[200] https://maisonlooks.com/p/supreme-box-logo-zip-up-hoodie-fed-m33-black-27de66
[200] https://maisonlooks.com/p/birkenstock-arizona-black-white-fleece-loafers-2bf5bb
[200] https://dct.dhl.com/help
[200] https://maisonlooks.com/c/sneakers
[200] https://maisonlooks.com/p/casablanca-tennis-club-black-hoodie-3ae1d9
[200] https://maisonlooks.com/p/louis-vuitton-tabi-brown-leather-boots-6283bb
[200] https://repgalaxy.com/
[200] https://cdn.maisonlooks.com/products/file-1775220461536-536006644.webp
[200] https://maisonlooks.com/p/hellstar-black-star-flame-zip-up-hoodie-338134
[200] https://maisonlooks.com/c/t-shirts
[200] https://maisonlooks.com/p/supreme-underwear-set-black-white-red-grey-blue-1e5216
[200] https://maisonlooks.com/p/amiri-dream-team-grey-sweatpants-a6aa2b
[200] https://maisonlooks.com/p/burberry-classic-check-belt-with-tb-buckle-904655
[200] https://maisonlooks.com/p/maison-mihara-yasuhiro-mmy-blakey-pixel-denim-jacket-f69ae1
[200] https://maisonlooks.com/p/psd-comic-print-boxer-briefs-men-s-underwear-4d134c
[200] https://maisonlooks.com/p/calvin-klein-dd-009-underwear-set-24d147
[200] https://maisonlooks.com/p/kaws-ornament-black-figure-statue-4226c9
[200] https://maisonlooks.com/p/balmain-black-white-geometric-pattern-heeled-boots-78be8b
[200] https://maisonlooks.com/p/nike-dri-fit-blue-t-shirt-05b5f2
[200] https://maisonlooks.com/p/joma-atl-tico-madrid-away-jersey-blue-plaid-football-shirt-309da8
[200] https://maisonlooks.com/p/white-hooded-jacket-with-black-accents-eb496c
[200] https://maisonlooks.com/p/amiri-black-white-pattern-t-shirt-875d1e
[200] https://maisonlooks.com/p/lacoste-white-underwear-with-green-waistband-4427c7
[200] https://maisonlooks.com/p/louis-vuitton-supreme-x-louis-vuitton-epi-leather-wallet-black-a8bff7
[200] https://kakobuy-cn.com/spreadsheet/accessories/bmw-logo-black-umbrella-98236f/
[200] https://maisonlooks.com/p/giorgio-armani-acqua-di-gi-4-piece-30ml-set-fb6605
[200] https://maisonlooks.com/p/dior-classic-flap-hooded-puffer-vest-25-e2a08e
[200] https://cdn.maisonlooks.com/products/file-1778597535708-532173886.webp
[200] https://maisonlooks.com/p/lacoste-navy-zip-up-hoodie-906013
[200] https://maisonlooks.com/p/a-bathing-ape-steve-aoki-white-t-shirt-875238
[200] https://maisonlooks.com/p/dior-sauvage-elixir-wood-box-collection-100ml-perfume-3a6b3c
[200] https://maisonlooks.com/p/polo-ralph-lauren-polo-bear-black-t-shirt-ef3216
[0] https://kakobuy-cn.com/blog/kakobuy-weidian/
[200] https://maisonlooks.com/p/arc-teryx-gamma-sl-black-trousers-e08720
[200] https://cdn.maisonlooks.com/products/file-1778684665627-501778661.webp
[200] https://kakobuy-cn.com/spreadsheet/accessories/apple-magsafe-wallet-black-10000mh-case-2e3dfe/
[200] https://maisonlooks.com/p/balenciaga-monogram-pattern-jacket-black-af6905
[200] https://maisonlooks.com/p/unisex-fed-m31-black-hoodie-with-graphic-print-65f065
[200] https://maisonlooks.com/p/black-leather-belt-with-ornate-silver-buckle-and-rivet-details-665571
[200] https://maisonlooks.com/p/s540-portable-bluetooth-speaker-9591e4
[200] https://maisonlooks.com/p/stone-island-68-15-green-hoodie-1c7651
[200] https://maisonlooks.com/p/stone-island-68-15-a30-cargo-pants-094ff3
[200] https://maisonlooks.com/p/dior-classic-logo-boxer-briefs-blue-44fce9
[200] https://cdn.maisonlooks.com/products/file-1778643115410-853332113.webp
[200] https://maisonlooks.com/p/fendi-iconic-ff-logo-jacket-brown-6b32ee
[200] https://maisonlooks.com/p/polo-ralph-lauren-black-zip-up-hoodie-4f02e9
[200] https://maisonlooks.com/p/jbl-pulse5-black-portable-speaker-ffd04a
[200] https://maisonlooks.com/p/louis-vuitton-neverfull-monogram-crossbody-bag-ba85e3
[200] https://maisonlooks.com/p/saint-laurent-l-homme-edp-orange-perfume-5d9e98
[200] https://kakobuy-cn.com/blog/kakobuy-spreadsheet-qc/
[200] https://cdn.maisonlooks.com/products/file-1778672055026-545816716.webp
[200] https://maisonlooks.com/p/balenciaga-logo-print-scarf-black-white-12d871
[403] https://www.reddit.com/r/kakobuy/
[200] https://maisonlooks.com/p/adidas-serie-a-germany-away-jersey-pink-688cc3
[200] https://cdn.maisonlooks.com/products/file-1778631582607-58638517.webp
[200] https://help.archive.org/help/category/the-wayback-machine/
[403] https://preview.redd.it/haul-reviewed-8kg-v0-hgd8yyk3e80h1.jpg?width=1080&crop=smart&auto=webp&s=887e0de429a39a9f73f4a26949656f078852f838
[200] https://maisonlooks.com/p/white-queen-07-baseball-jersey-dress-1883ff
[200] https://cdn.maisonlooks.com/products/file-1778671889406-699406245.webp
[200] https://maisonlooks.com/p/jean-paul-gaultier-le-beau-fragrance-trio-set-fd1773
[200] https://maisonlooks.com/p/ami-paris-beige-am-heart-logo-trousers-3d9752
[200] https://maisonlooks.com/p/diesel-belt-with-logo-buckle-c27ecf
[200] https://maisonlooks.com/p/supreme-grey-supreme-jacket-e8b7b8
[200] https://maisonlooks.com/p/cardi-b-rules-the-world-balaclava-black-57f154
[200] https://maisonlooks.com/p/palm-angels-bear-print-t-shirt-burgundy-0c8b4b
[200] https://maisonlooks.com/p/a-bathing-ape-bape-sta-year-of-the-tiger-grey-hoodie-54e639
[200] https://maisonlooks.com/p/loewe-monogram-embroidered-baseball-cap-white-headwear-58b232
[200] https://maisonlooks.com/p/polo-ralph-lauren-big-pony-grey-sweatpants-d332c8
[200] https://maisonlooks.com/p/gucci-guilty-edt-eau-de-toilette-perfume-c40838
[200] https://maisonlooks.com/p/nocta-green-softshell-hoodie-jacket-ef20c0
[200] https://maisonlooks.com/p/louis-vuitton-monogram-lightweight-jacket-5ff715
[200] https://maisonlooks.com/p/supreme-sup-3-underwear-boxer-briefs-0d4e11
[200] https://maisonlooks.com/p/adidas-bart-simpson-phone-case-cream-8e297e
[200] https://maisonlooks.com/p/burberry-black-cotton-t-shirt-with-script-logo-348adb
[200] https://maisonlooks.com/p/rhude-black-track-pants-with-white-side-stripes-16420d
[403] https://www.reddit.com/r/kakobuy/
[200] https://maisonlooks.com/p/christian-louboutin-white-patent-leather-heels-with-bow-detail-3f4153
[200] https://maisonlooks.com/p/bvlgari-pour-homme-soir-night-edt-perfume-127da2
[200] https://maisonlooks.com/p/coach-tabby-c-logo-black-patent-leather-shoulder-bag-9c2f5d
[200] https://maisonlooks.com/p/burberry-tb-monogram-card-holder-beige-black-1ff007
[200] https://maisonlooks.com/p/hellstar-neon-green-star-flame-t-shirt-1bcf42
[200] https://maisonlooks.com/p/ami-paris-grey-socks-with-red-heart-logo-5b7d46
[200] https://maisonlooks.com/p/hellstar-light-blue-distressed-zip-up-hoodie-e52d56
[200] https://maisonlooks.com/p/polo-ralph-lauren-polo-bear-navy-t-shirt-6f2e03
[200] https://maisonlooks.com/p/supreme-grey-box-logo-underwear-3cfeb5
[0] https://kakobuy-cn.com/spreadsheet/electronics/samsung-galaxy-watch-w7orange-smartwatch-24b433/
[0] https://kakobuy-cn.com/spreadsheet/accessories/carhartt-black-red-logo-socks-55de6a/
[0] https://kakobuy-cn.com/spreadsheet/electronics/ysl-pink-crystal-iphone-case-bd077f/
[0] https://kakobuy-cn.com/spreadsheet/accessories/christian-louboutin-embroidered-tassel-bookmark-in-white-and-black-8bc334/
[200] https://cdn.maisonlooks.com/products/file-1778683928818-331314075.webp
[403] https://www.reddit.com/r/kakobuy/
[200] https://maisonlooks.com/p/gucci-green-patterned-gift-box-5c2c4e
[200] https://maisonlooks.com/p/jean-paul-gaultier-ultra-male-edt-black-fragrance-f42482
[200] https://maisonlooks.com/p/ami-paris-ami-de-coeur-black-heart-logo-sweatpants-956b94
[200] https://maisonlooks.com/p/armani-underwear-3-pack-in-black-grey-purple-a46946
[200] https://maisonlooks.com/p/givenchy-damask-pattern-phone-case-black-red-8474c9
[200] https://maisonlooks.com/p/psd-spongebob-squarepants-boxer-briefs-1fb68e
[200] https://maisonlooks.com/p/christian-louboutin-english-leather-perfume-7ba341
[200] https://maisonlooks.com/p/arc-teryx-alpha-sv-navy-pants-d516fd
[200] https://maisonlooks.com/p/gucci-firenze-1921-black-hoodie-e3b289
[200] https://maisonlooks.com/p/beats-solo3-wireless-white-red-headphones-249150
[200] https://maisonlooks.com/p/black-queen-07-jersey-dress-dcb306
[200] https://maisonlooks.com/p/lacoste-beanie-cream-crocodile-patch-winter-hat-abe11f
[200] https://maisonlooks.com/p/chrome-hearts-cross-print-t-shirt-black-ea21c0
[200] https://maisonlooks.com/p/fendi-iconic-ff-print-jacket-navy-073948
[200] https://maisonlooks.com/p/fendi-iconic-ff-logo-jacket-black-0341fe
[200] https://www.uufinds.com/
[200] https://maisonlooks.com/p/a-bathing-ape-bape-sta-black-t-shirt-d7f5da
[200] https://maisonlooks.com/p/balenciaga-baseball-cap-cream-white-e0860a
[200] https://maisonlooks.com/p/moncler-black-zip-up-hoodie-with-red-blue-white-stripes-a7dc2b
[200] https://cdn.maisonlooks.com/products/file-1776362438475-508679200.webp
[200] https://cdn.maisonlooks.com/products/file-1775459568672-448207106.webp
[403] https://www.reddit.com/r/FashionReps/comments/1t0ivsn/review_17piece_summer_clothing_accessories_haul/
[200] https://maisonlooks.com/p/nike-air-lightning-neon-yellow-jacket-03d4fa
[200] https://maisonlooks.com/p/amiri-white-leather-belt-with-black-logo-buckle-7d49d4
[200] https://cdn.maisonlooks.com/products/file-1778673365610-123478151.webp
[200] https://maisonlooks.com/p/supreme-black-white-balaclava-headwear-52d35c
[200] https://maisonlooks.com/p/burberry-brit-for-him-edt-perfume-74859b
[200] https://maisonlooks.com/p/versace-runners-black-medusa-logo-jacket-fd5f8b
[200] https://maisonlooks.com/p/dsquared2-icon-beanie-cream-headwear-2b6526
[200] https://maisonlooks.com/p/louis-vuitton-damier-ebene-wallet-774b22
[200] https://maisonlooks.com/p/macron-black-red-striped-soccer-jersey-19f905
[200] https://maisonlooks.com/c/jackets
[200] https://maisonlooks.com/p/maison-margiela-replica-sailing-day-edt-fragrance-c08b8b
[403] https://preview.redd.it/giveaway-event-win-a-pair-of-aj1-off-white-chicagos-v0-rv1fslp00w0h1.jpeg?width=1080&crop=smart&auto=webp&s=b597abe3df53fe74382c3b4937290b645d54c364
[200] https://maisonlooks.com/p/tom-ford-rose-d-amalfi-italian-rose-100ml-perfume-8db977
[200] https://maisonlooks.com/p/tommy-hilfiger-black-white-navy-underwear-set-503ce3
[200] https://maisonlooks.com/p/nike-air-max-23-black-trousers-940a28
[200] https://maisonlooks.com/p/dr-martens-1460-black-leather-boots-496320
[200] https://maisonlooks.com/p/maison-mihara-yasuhiro-l-eau-d-issey-pour-homme-edt-perfume-fef32a
[200] https://maisonlooks.com/p/broken-planet-market-track-pants-black-solid-casual-2adf5e
[403] https://preview.redd.it/everyday-streetwear-haul-hoodies-graphic-tees-denim-luxury-v0-vq7db9a6cv0h1.png?width=640&crop=smart&auto=webp&s=390dc0018ee223b98621101880028bba4bc12535
[200] https://maisonlooks.com/p/ugg-classic-short-high-top-camel-suede-boots-1699ee
[0] https://kakobuy-cn.com/pt/category/jersey/
[0] https://kakobuy-cn.com/spreadsheet/hoodies/gucci-23-black-neon-graphic-sweatshirt-dd4f6d/
[200] https://maisonlooks.com/p/hellstar-red-star-flame-t-shirt-bd8a8f
[200] https://maisonlooks.com/p/gallery-dept-my-batteries-died-black-t-shirt-3feee4
[200] https://maisonlooks.com/p/kappa-roma-football-jersey-white-red-a5a25e
[200] https://maisonlooks.com/p/errea-molino-castillo-goup-soccer-jersey-grey-ddd76b
[200] https://maisonlooks.com/p/audi-logo-umbrella-black-with-white-emblem-79cbef
[200] https://maisonlooks.com/p/supreme-bb-36-purple-hooded-jacket-1e5aa2
[200] https://maisonlooks.com/p/karl-lagerfeld-red-cat-print-umbrella-85f972
[200] https://maisonlooks.com/p/loewe-anagram-beige-baseball-cap-12fb58
[200] https://maisonlooks.com/p/prada-distressed-triangle-logo-cap-grey-headwear-c4d942
[200] https://maisonlooks.com/p/miu-miu-denim-baseball-cap-black-00ce6a
[200] https://maisonlooks.com/p/sony-playstation-5-dualsense-white-controller-21041e
[200] https://maisonlooks.com/p/dior-dior-book-tote-card-holder-beige-7707a4
[200] https://maisonlooks.com/p/nike-air-jordan-13-miami-jersey-red-74e3a8
[200] https://maisonlooks.com/p/beats-studio3-black-gold-headphones-b94afd
[200] https://ikako.vip/r/KKBSheets
[200] https://maisonlooks.com/p/chanel-classic-flap-black-crystal-phone-case-59b7bc
[403] https://www.reddit.com/r/kakobuy/
[200] https://maisonlooks.com/p/sony-dualsense-wireless-controller-black-39549f
[200] https://maisonlooks.com/p/chanel-bleu-de-chanel-pour-homme-black-gold-perfume-8a6802
[200] https://maisonlooks.com/p/lacoste-gray-underwear-75ef12
[200] https://maisonlooks.com/p/moncler-navy-blue-zip-up-hoodie-972a67
[200] https://maisonlooks.com/p/stanley-hello-kitty-kt-quencher-h2-0-tumbler-90bbae
[200] https://maisonlooks.com/p/essentials-by-fear-of-god-fg-logo-socks-fog-3-554ef4
[200] https://maisonlooks.com/p/mitchell-ness-michael-jordan-white-blue-red-002-all-star-jersey-2e36ee
[200] https://maisonlooks.com/p/maison-margiela-replica-jazz-club-edt-eau-de-toilette-e516a6
[200] https://maisonlooks.com/p/lacoste-ey21-black-track-pants-22f7e4
[200] https://maisonlooks.com/p/gucci-gg-supreme-baseball-cap-with-web-stripe-18776a
[200] https://maisonlooks.com/p/prada-distressed-logo-cap-black-headwear-b7f3b4
[200] https://maisonlooks.com/p/gallery-dept-dept-de-la-galerie-painted-pants-beige-03195a
[200] https://maisonlooks.com/p/amiri-black-blue-logo-t-shirt-58452b
[200] https://maisonlooks.com/p/celine-classic-flap-gold-eyewear-0b4457
[200] https://maisonlooks.com/p/giorgio-armani-acqua-di-gi-parfum-125ml-88a2ca
[403] https://preview.redd.it/massive-haul-just-landed-purple-jeans-lv-olympia-chanel-v0-xvadwufghrzg1.jpg?width=1080&crop=smart&auto=webp&s=3719e1ca5bdcfd87e1f229b30ed81f4b7761d1f0
[200] https://maisonlooks.com/p/moncler-dark-grey-t-shirt-ebc505
[200] https://maisonlooks.com/p/versace-medusa-edt-137e62
[200] https://maisonlooks.com/p/burberry-navy-hoodie-with-embroidery-640813
[200] https://maisonlooks.com/p/nike-stitch-phone-case-cream-6c63d3
[200] https://maisonlooks.com/p/ami-alexandre-mattiussi-grey-socks-with-red-heart-logo-8e538d
[200] https://maisonlooks.com/p/black-solid-trousers-casual-pants-aa459a
[200] https://maisonlooks.com/p/dsquared2-icon-beanie-khaki-headwear-e165bf
[200] https://maisonlooks.com/p/fendi-fendi-high-version11-color-cap-27408d
[200] https://maisonlooks.com/p/burberry-navy-solid-sweatpants-5ce911
[200] https://maisonlooks.com/p/nike-air-jordan-1-buzz-city-002-basketball-jersey-b413ee
[200] https://maisonlooks.com/p/mitchell-ness-toronto-raptors-tradition-classics-purple-jersey-de2665
[200] https://maisonlooks.com/p/amiri-black-leopard-print-t-shirt-a4f10e
[403] https://www.reddit.com/r/kakobuy/comments/1t6hlaq/lately_picked_up_things_that_finally_feel_like_me/
[200] https://maisonlooks.com/p/vetements-orange-oversized-hoodie-bcdc05
[403] https://www.reddit.com/r/kakobuy/
[403] https://www.reddit.com/r/kakobuy/
[403] https://www.reddit.com/r/kakobuy/
[200] https://maisonlooks.com/p/cartelo-beige-crocodile-t-shirt-f33b42
[200] https://maisonlooks.com/p/apple-airpods-max-headphones-4b45ba
[200] https://maisonlooks.com/p/white-queen-07-baseball-jersey-dress-b95c57
[200] https://maisonlooks.com/p/light-blue-tech-fleece-hoodie-jacket-9e3577
[200] https://cdn.maisonlooks.com/products/file-1775273609803-479916518.webp
[403] https://www.reddit.com/r/kakobuy/
[403] https://www.reddit.com/r/kakobuy/
[200] https://maisonlooks.com/p/nike-pro-hyperwarm-hood-pink-headwear-5ad686
[200] https://maisonlooks.com/p/herm-s-t-series-black-gold-buckle-belt-a0edbd
[200] https://maisonlooks.com/p/psd-christmas-vacation-boxer-shorts-111243
[200] https://maisonlooks.com/p/carhartt-olive-cargo-pants-0cfe52
[200] https://maisonlooks.com/p/valentino-rockstud-uomo-edt-100ml-e3b574
[200] https://maisonlooks.com/p/maison-mihara-yasuhiro-l-eau-majeure-d-issey-edt-perfume-762da2
[200] https://maisonlooks.com/p/louis-vuitton-black-sketch-print-t-shirt-58df39
[200] https://maisonlooks.com/p/adidas-ronaldo-9-jersey-yellow-brazil-home-f43254
[200] https://maisonlooks.com/p/casablanca-ford-marin-black-hoodie-340d2e
[200] https://maisonlooks.com/p/dior-classic-flap-cardholder-navy-blue-de401b
[403] https://www.reddit.com/r/kakobuy/
[403] https://www.reddit.com/r/kakobuy/
[403] https://www.reddit.com/r/kakobuy/
[403] https://www.reddit.com/r/kakobuy/
[403] https://www.reddit.com/r/kakobuy/
[403] https://www.reddit.com/r/kakobuy/
[403] https://www.reddit.com/r/kakobuy/
[403] https://www.reddit.com/r/kakobuy/
[200] https://maisonlooks.com/p/c-p-company-blue-graphic-iphone-case-70b640
[200] https://maisonlooks.com/p/dyson-v8s-cordless-vacuum-cleaner-911605
[200] https://maisonlooks.com/p/balenciaga-fashion-institute-black-t-shirt-d175f5
[200] https://maisonlooks.com/p/supreme-nike-corduroy-cap-black-5c1434
[200] https://maisonlooks.com/p/stone-island-68-15-olive-green-hoodie-b9ffae
[200] https://maisonlooks.com/p/nike-tech-fleece-yellow-fd8454-jacket-95e688
[200] https://maisonlooks.com/p/champion-reverse-weave-black-yellow-socks-f93f51
[200] https://maisonlooks.com/p/polo-ralph-lauren-polo-bear-full-zip-hoodie-l040-black-7bc237
[200] https://maisonlooks.com/p/burberry-navy-hoodie-with-striped-zipper-e16bd5
[200] https://maisonlooks.com/p/asics-gel-nimbus-24-silver-black-sneakers-aaa586
[200] https://maisonlooks.com/p/nike-fc-barcelona-black-training-jersey-829fb9
[200] https://maisonlooks.com/p/dior-homme-intense-100ml-perfume-587eba
[200] https://maisonlooks.com/p/lacoste-navy-crocodile-patch-beanie-ff6104
[200] https://maisonlooks.com/p/chrome-hearts-triple-black-leather-phone-case-880741
[200] https://maisonlooks.com/p/apple-airpods-white-wireless-earbuds-980fc9
[200] https://maisonlooks.com/p/bmw-logo-black-umbrella-98236f
[200] https://maisonlooks.com/p/hellstar-studios-hoodie-smoke-grey-zip-up-ce6fa3
[200] https://maisonlooks.com/p/new-era-59fifty-oakland-athletics-black-cap-5e6e79
[200] https://maisonlooks.com/p/nike-pro-therma-fit-hood-black-headwear-86bbb9
[200] https://maisonlooks.com/p/arc-teryx-arctic-top-quality-grey-pants-264fa5
[200] https://maisonlooks.com/c/accessories
[403] https://www.reddit.com/r/kakobuy/
[403] https://www.reddit.com/r/kakobuy/
[403] https://www.reddit.com/r/kakobuy/
[403] https://www.reddit.com/r/kakobuy/
[403] https://www.reddit.com/r/kakobuy/
[403] https://www.reddit.com/r/kakobuy/
[200] https://maisonlooks.com/p/goyard-saint-louis-black-brown-tote-bag-aae5bb
[200] https://maisonlooks.com/p/a-bathing-ape-bape-sta-steve-aoki-black-t-shirt-114262
[200] https://maisonlooks.com/p/portable-bluetooth-speaker-s540-blue-audio-device-b85612
[200] https://maisonlooks.com/p/black-and-light-grey-tech-fleece-jacket-0688b0
[200] https://maisonlooks.com/p/louis-vuitton-monogram-triangle-bikini-set-25e0db
[200] https://maisonlooks.com/p/moncler-black-pom-pom-beanie-hat-9f42ee
[403] https://preview.redd.it/clean-spring-haul-polo-rl-st%C3%BCssy-waffle-knit-and-some-stone-v0-u5a6kv2prpzg1.jpg?width=640&crop=smart&auto=webp&s=a03591c19b1527f3955577d59f18b388c2c96d40
[403] https://www.reddit.com/r/kakobuy/
[403] https://www.reddit.com/r/kakobuy/
[200] https://maisonlooks.com/p/burberry-hero-eau-de-parfum-d1ed22
[200] https://maisonlooks.com/p/coach-signature-black-baseball-cap-1a27bd
[200] https://ikako.vip/r/clonesoles
[200] https://maisonlooks.com/p/goyard-saint-louis-pink-mini-tote-bag-with-coin-purse-4f63e9
[200] https://maisonlooks.com/p/lacoste-underwear-blue-boxer-briefs-d57b60
[200] https://maisonlooks.com/p/essentials-by-fear-of-god-cream-white-socks-90b942
[200] https://maisonlooks.com/p/joma-torino-fc-red-home-jersey-44aebe
[200] https://maisonlooks.com/p/stone-island-68-15-black-hoodie-f0557c
[200] https://maisonlooks.com/p/apple-magsafe-wallet-black-10000mh-case-2e3dfe
[403] https://www.reddit.com/r/kakobuy/
[0] https://kakobuy-cn.com/spreadsheet/bags/coach-tabby-c-buckle-leather-shoulder-bag-taupe-564dd1/
[403] https://www.reddit.com/r/kakobuy/
[403] https://www.reddit.com/r/kakobuy/
[0] https://kakobuy-cn.com/spreadsheet/perfume/maison-francis-kurkdjian-baccarat-rouge-540-70ml-perfume-f57235/
[403] https://www.reddit.com/r/kakobuy/
[403] https://www.reddit.com/r/1to1reps/comments/1t90txc/the_best_kakobuy_spreadsheet_resource_hub_2026/
[403] https://preview.redd.it/giveaway-event-win-a-pair-of-aj1-off-white-chicagos-v0-rv1fslp00w0h1.jpeg?width=1080&crop=smart&auto=webp&s=b597abe3df53fe74382c3b4937290b645d54c364
[403] https://www.reddit.com/r/RepHeads/comments/1tbwdby/giveaway_event_win_a_pair_of_aj1_offwhite_chicagos/
[403] https://preview.redd.it/everyday-streetwear-haul-hoodies-graphic-tees-denim-luxury-v0-vq7db9a6cv0h1.png?width=640&crop=smart&auto=webp&s=390dc0018ee223b98621101880028bba4bc12535
[403] https://www.reddit.com/r/kakobuy/comments/1tbtw0r/everyday_streetwear_haul_hoodies_graphic_tees/
[403] https://preview.redd.it/haul-reviewed-8kg-v0-hgd8yyk3e80h1.jpg?width=1080&crop=smart&auto=webp&s=887e0de429a39a9f73f4a26949656f078852f838
[403] https://www.reddit.com/r/kakobuy/comments/1t8vugn/haul_reviewed_8kg/
[403] https://preview.redd.it/massive-haul-just-landed-purple-jeans-lv-olympia-chanel-v0-xvadwufghrzg1.jpg?width=1080&crop=smart&auto=webp&s=3719e1ca5bdcfd87e1f229b30ed81f4b7761d1f0
[403] https://www.reddit.com/r/kakobuy/comments/1t6jswc/massive_haul_just_landed_purple_jeans_lv_olympia/
[403] https://preview.redd.it/clean-spring-haul-polo-rl-st%C3%BCssy-waffle-knit-and-some-stone-v0-u5a6kv2prpzg1.jpg?width=640&crop=smart&auto=webp&s=a03591c19b1527f3955577d59f18b388c2c96d40
[403] https://www.reddit.com/r/kakobuy/comments/1t69y1l/clean_spring_haul_polo_rl_st%C3%BCssy_waffle_knit_and/
[403] https://www.reddit.com/r/kakobuy/comments/1t6hlaq/lately_picked_up_things_that_finally_feel_like_me/
[403] https://preview.redd.it/review-17-piece-summer-clothing-accessories-haul-via-oopbuy-v0-7lox115scgyg1.jpg?width=1080&crop=smart&auto=webp&s=7d5adfcd36c0b9af1cdc57f2eb32e847e6012eb7
[403] https://www.reddit.com/r/FashionReps/comments/1t0ivsn/review_17piece_summer_clothing_accessories_haul/
[0] https://kakobuy-cn.com/es/category/hoodies/
[403] https://www.reddit.com/r/kakobuy/
[403] https://www.reddit.com/r/kakobuy/
[200] https://maisonlooks.com/p/louis-vuitton-pixel-check-crewneck-sweater-black-blue-826902
[200] https://maisonlooks.com/p/maison-margiela-replica-oversized-sweatshirt-fed-m21-white-0b28e7
[200] https://maisonlooks.com/p/c-p-company-patta-white-phone-case-3f23dc
[200] https://maisonlooks.com/p/the-north-face-khaki-pants-trousers-3fa278
[200] https://maisonlooks.com/p/louis-vuitton-monogram-print-bikini-set-5f3ccc
[200] https://maisonlooks.com/p/reebok-classic-leather-red-tribal-print-pants-4767ef
[200] https://kakobuy-cn.com/spreadsheet/perfume/gucci-guilty-pour-homme-edt-eau-de-toilette-a5f911/
[403] https://www.reddit.com/r/kakobuy/
[403] https://www.reddit.com/r/kakobuy/
[0] https://kakobuy-cn.com/spreadsheet/accessories/carhartt-black-red-logo-socks-55de6a/
[0] https://kakobuy-cn.com/spreadsheet/accessories/christian-louboutin-embroidered-tassel-bookmark-in-white-and-black-8bc334/
[0] https://kakobuy-cn.com/spreadsheet/accessories/dior-classic-logo-white-phone-case-3b9cc2/
[0] https://kakobuy-cn.com/spreadsheet/accessories/fendi-ff-logo-belt-in-brown-and-black-119267/
[0] https://kakobuy-cn.com/spreadsheet/accessories/givenchy-g-logo-navy-blue-belt-with-weave-texture-3d9b48/
[0] https://kakobuy-cn.com/spreadsheet/accessories/goyard-monogram-iphone-case-navy-blue-c0867a/
[403] https://www.reddit.com/r/kakobuy/
[0] https://kakobuy-cn.com/spreadsheet/perfume/maison-francis-kurkdjian-baccarat-rouge-540-70ml-perfume-f57235/
[403] https://www.reddit.com/r/kakobuy/
[0] https://kakobuy-cn.com/spreadsheet/accessories/carhartt-black-red-logo-socks-55de6a/
[0] https://kakobuy-cn.com/spreadsheet/accessories/christian-louboutin-embroidered-tassel-bookmark-in-white-and-black-8bc334/
[0] https://kakobuy-cn.com/spreadsheet/accessories/dior-classic-logo-white-phone-case-3b9cc2/
[0] https://kakobuy-cn.com/spreadsheet/accessories/fendi-ff-logo-belt-in-brown-and-black-119267/
[0] https://kakobuy-cn.com/spreadsheet/accessories/givenchy-g-logo-navy-blue-belt-with-weave-texture-3d9b48/
[0] https://kakobuy-cn.com/spreadsheet/accessories/goyard-monogram-iphone-case-navy-blue-c0867a/
[403] https://www.reddit.com/r/kakobuy/
[403] https://www.reddit.com/r/kakobuy/
[403] https://www.reddit.com/r/kakobuy/
[403] https://www.reddit.com/r/kakobuy/
[403] https://www.reddit.com/r/kakobuy/
[403] https://www.reddit.com/r/kakobuy/
[403] https://www.reddit.com/r/1to1reps/comments/1t90txc/the_best_kakobuy_spreadsheet_resource_hub_2026/
[403] https://preview.redd.it/giveaway-event-win-a-pair-of-aj1-off-white-chicagos-v0-rv1fslp00w0h1.jpeg?width=1080&crop=smart&auto=webp&s=b597abe3df53fe74382c3b4937290b645d54c364
[403] https://www.reddit.com/r/RepHeads/comments/1tbwdby/giveaway_event_win_a_pair_of_aj1_offwhite_chicagos/
[403] https://preview.redd.it/everyday-streetwear-haul-hoodies-graphic-tees-denim-luxury-v0-vq7db9a6cv0h1.png?width=640&crop=smart&auto=webp&s=390dc0018ee223b98621101880028bba4bc12535
[403] https://www.reddit.com/r/kakobuy/comments/1tbtw0r/everyday_streetwear_haul_hoodies_graphic_tees/
[403] https://preview.redd.it/haul-reviewed-8kg-v0-hgd8yyk3e80h1.jpg?width=1080&crop=smart&auto=webp&s=887e0de429a39a9f73f4a26949656f078852f838
[403] https://www.reddit.com/r/kakobuy/comments/1t8vugn/haul_reviewed_8kg/
[403] https://preview.redd.it/massive-haul-just-landed-purple-jeans-lv-olympia-chanel-v0-xvadwufghrzg1.jpg?width=1080&crop=smart&auto=webp&s=3719e1ca5bdcfd87e1f229b30ed81f4b7761d1f0
[403] https://www.reddit.com/r/kakobuy/comments/1t6jswc/massive_haul_just_landed_purple_jeans_lv_olympia/
[403] https://preview.redd.it/clean-spring-haul-polo-rl-st%C3%BCssy-waffle-knit-and-some-stone-v0-u5a6kv2prpzg1.jpg?width=640&crop=smart&auto=webp&s=a03591c19b1527f3955577d59f18b388c2c96d40
[403] https://www.reddit.com/r/kakobuy/comments/1t69y1l/clean_spring_haul_polo_rl_st%C3%BCssy_waffle_knit_and/
[403] https://www.reddit.com/r/kakobuy/comments/1t6hlaq/lately_picked_up_things_that_finally_feel_like_me/
[403] https://preview.redd.it/review-17-piece-summer-clothing-accessories-haul-via-oopbuy-v0-7lox115scgyg1.jpg?width=1080&crop=smart&auto=webp&s=7d5adfcd36c0b9af1cdc57f2eb32e847e6012eb7
[403] https://www.reddit.com/r/FashionReps/comments/1t0ivsn/review_17piece_summer_clothing_accessories_haul/
[403] https://www.reddit.com/r/kakobuy/
[0] https://kakobuy-cn.com/spreadsheet/t-shirts/burberry-tb-logo-black-t-shirt-c208a9/
[403] https://www.reddit.com/r/kakobuy/
[403] https://www.reddit.com/r/1to1reps/comments/1t90txc/the_best_kakobuy_spreadsheet_resource_hub_2026/
[403] https://preview.redd.it/giveaway-event-win-a-pair-of-aj1-off-white-chicagos-v0-rv1fslp00w0h1.jpeg?width=1080&crop=smart&auto=webp&s=b597abe3df53fe74382c3b4937290b645d54c364
[403] https://www.reddit.com/r/RepHeads/comments/1tbwdby/giveaway_event_win_a_pair_of_aj1_offwhite_chicagos/
[403] https://preview.redd.it/everyday-streetwear-haul-hoodies-graphic-tees-denim-luxury-v0-vq7db9a6cv0h1.png?width=640&crop=smart&auto=webp&s=390dc0018ee223b98621101880028bba4bc12535
[403] https://www.reddit.com/r/kakobuy/comments/1tbtw0r/everyday_streetwear_haul_hoodies_graphic_tees/
[403] https://preview.redd.it/haul-reviewed-8kg-v0-hgd8yyk3e80h1.jpg?width=1080&crop=smart&auto=webp&s=887e0de429a39a9f73f4a26949656f078852f838
[403] https://www.reddit.com/r/kakobuy/comments/1t8vugn/haul_reviewed_8kg/
[403] https://preview.redd.it/massive-haul-just-landed-purple-jeans-lv-olympia-chanel-v0-xvadwufghrzg1.jpg?width=1080&crop=smart&auto=webp&s=3719e1ca5bdcfd87e1f229b30ed81f4b7761d1f0
[403] https://www.reddit.com/r/kakobuy/comments/1t6jswc/massive_haul_just_landed_purple_jeans_lv_olympia/
[403] https://preview.redd.it/clean-spring-haul-polo-rl-st%C3%BCssy-waffle-knit-and-some-stone-v0-u5a6kv2prpzg1.jpg?width=640&crop=smart&auto=webp&s=a03591c19b1527f3955577d59f18b388c2c96d40
[403] https://www.reddit.com/r/kakobuy/comments/1t69y1l/clean_spring_haul_polo_rl_st%C3%BCssy_waffle_knit_and/
[403] https://www.reddit.com/r/kakobuy/comments/1t6hlaq/lately_picked_up_things_that_finally_feel_like_me/
[403] https://preview.redd.it/review-17-piece-summer-clothing-accessories-haul-via-oopbuy-v0-7lox115scgyg1.jpg?width=1080&crop=smart&auto=webp&s=7d5adfcd36c0b9af1cdc57f2eb32e847e6012eb7
[403] https://www.reddit.com/r/FashionReps/comments/1t0ivsn/review_17piece_summer_clothing_accessories_haul/
[403] https://www.reddit.com/r/kakobuy/
[0] https://kakobuy-cn.com/spreadsheet/t-shirts/burberry-tb-logo-black-t-shirt-c208a9/
[403] https://www.reddit.com/r/kakobuy/
[0] https://kakobuy-cn.com/spreadsheet/t-shirts/burberry-tb-logo-black-t-shirt-c208a9/
[403] https://www.reddit.com/r/kakobuy/
[0] https://kakobuy-cn.com/spreadsheet/accessories/carhartt-black-red-logo-socks-55de6a/
[0] https://kakobuy-cn.com/spreadsheet/accessories/christian-louboutin-embroidered-tassel-bookmark-in-white-and-black-8bc334/
[0] https://kakobuy-cn.com/spreadsheet/accessories/dior-classic-logo-white-phone-case-3b9cc2/
[0] https://kakobuy-cn.com/spreadsheet/accessories/fendi-ff-logo-belt-in-brown-and-black-119267/
[0] https://kakobuy-cn.com/spreadsheet/accessories/givenchy-g-logo-navy-blue-belt-with-weave-texture-3d9b48/
[0] https://kakobuy-cn.com/spreadsheet/accessories/goyard-monogram-iphone-case-navy-blue-c0867a/
[403] https://www.reddit.com/r/kakobuy/
[0] https://kakobuy-cn.com/spreadsheet/t-shirts/burberry-tb-logo-black-t-shirt-c208a9/
[0] https://kakobuy-cn.com/pt/category/jersey/
[403] https://www.reddit.com/r/kakobuy/
[0] https://kakobuy-cn.com/es/category/hoodies/
[403] https://www.reddit.com/r/kakobuy/
[0] https://kakobuy-cn.com/spreadsheet/hoodies/moncler-white-embroidered-crewneck-sweatshirt-3b4f80/
[0] https://kakobuy-cn.com/spreadsheet/hoodies/gucci-23-black-neon-graphic-sweatshirt-dd4f6d/
[403] https://www.reddit.com/r/kakobuy/
[0] https://kakobuy-cn.com/spreadsheet/electronics/chrome-hearts-cross-embossed-iphone-case-black-7409d4/
[0] https://kakobuy-cn.com/spreadsheet/electronics/ysl-pink-crystal-iphone-case-bd077f/
[0] https://kakobuy-cn.com/spreadsheet/electronics/samsung-galaxy-watch-w7orange-smartwatch-24b433/
[0] https://kakobuy-cn.com/spreadsheet/electronics/stone-island-shadow-project-cream-phone-case-8ff61c/
[403] https://www.reddit.com/r/kakobuy/
[403] https://www.reddit.com/r/kakobuy/
[403] https://www.reddit.com/r/1to1reps/comments/1t90txc/the_best_kakobuy_spreadsheet_resource_hub_2026/
[403] https://preview.redd.it/giveaway-event-win-a-pair-of-aj1-off-white-chicagos-v0-rv1fslp00w0h1.jpeg?width=1080&crop=smart&auto=webp&s=b597abe3df53fe74382c3b4937290b645d54c364
[403] https://www.reddit.com/r/RepHeads/comments/1tbwdby/giveaway_event_win_a_pair_of_aj1_offwhite_chicagos/
[403] https://preview.redd.it/everyday-streetwear-haul-hoodies-graphic-tees-denim-luxury-v0-vq7db9a6cv0h1.png?width=640&crop=smart&auto=webp&s=390dc0018ee223b98621101880028bba4bc12535
[403] https://www.reddit.com/r/kakobuy/comments/1tbtw0r/everyday_streetwear_haul_hoodies_graphic_tees/
[403] https://preview.redd.it/haul-reviewed-8kg-v0-hgd8yyk3e80h1.jpg?width=1080&crop=smart&auto=webp&s=887e0de429a39a9f73f4a26949656f078852f838
[403] https://www.reddit.com/r/kakobuy/comments/1t8vugn/haul_reviewed_8kg/
[403] https://preview.redd.it/massive-haul-just-landed-purple-jeans-lv-olympia-chanel-v0-xvadwufghrzg1.jpg?width=1080&crop=smart&auto=webp&s=3719e1ca5bdcfd87e1f229b30ed81f4b7761d1f0
[403] https://www.reddit.com/r/kakobuy/comments/1t6jswc/massive_haul_just_landed_purple_jeans_lv_olympia/
[403] https://preview.redd.it/clean-spring-haul-polo-rl-st%C3%BCssy-waffle-knit-and-some-stone-v0-u5a6kv2prpzg1.jpg?width=640&crop=smart&auto=webp&s=a03591c19b1527f3955577d59f18b388c2c96d40
[403] https://www.reddit.com/r/kakobuy/comments/1t69y1l/clean_spring_haul_polo_rl_st%C3%BCssy_waffle_knit_and/
[200] https://maisonlooks.com/p/gucci-gg-supreme-canvas-belt-in-navy-blue-e6c209
[200] https://maisonlooks.com/p/moncler-black-logo-patch-crewneck-sweatshirt-371483
[200] https://maisonlooks.com/p/amiri-white-red-palm-trees-jersey-t-shirt-9fac97
[200] https://maisonlooks.com/p/a-bathing-ape-bape-sta-shark-yellow-phone-case-ccf47b
[200] https://maisonlooks.com/p/errea-sheffield-united-black-lightning-jersey-cde44d
[200] https://maisonlooks.com/p/samsung-galaxy-watch6-classic-triple-black-smartwatch-b04cc4
[200] https://ikako.vip/r/c5v3b
[200] https://maisonlooks.com/c/clothing
[403] https://www.reddit.com/r/kakobuy/comments/1t6hlaq/lately_picked_up_things_that_finally_feel_like_me/
[403] https://preview.redd.it/review-17-piece-summer-clothing-accessories-haul-via-oopbuy-v0-7lox115scgyg1.jpg?width=1080&crop=smart&auto=webp&s=7d5adfcd36c0b9af1cdc57f2eb32e847e6012eb7
[403] https://www.reddit.com/r/FashionReps/comments/1t0ivsn/review_17piece_summer_clothing_accessories_haul/
[403] https://www.reddit.com/r/kakobuy/
[0] https://kakobuy-cn.com/spreadsheet/perfume/maison-francis-kurkdjian-baccarat-rouge-540-70ml-perfume-f57235/
[403] https://www.reddit.com/r/kakobuy/
[403] https://www.reddit.com/r/kakobuy/
[403] https://www.reddit.com/r/kakobuy/
[0] https://kakobuy-cn.com/spreadsheet/hoodies/moncler-white-embroidered-crewneck-sweatshirt-3b4f80/
[403] https://www.reddit.com/r/kakobuy/
[403] https://www.reddit.com/r/kakobuy/
[403] https://www.reddit.com/r/kakobuy/
[0] https://kakobuy-cn.com/spreadsheet/accessories/carhartt-black-red-logo-socks-55de6a/
[0] https://kakobuy-cn.com/spreadsheet/accessories/christian-louboutin-embroidered-tassel-bookmark-in-white-and-black-8bc334/
[0] https://kakobuy-cn.com/spreadsheet/accessories/dior-classic-logo-white-phone-case-3b9cc2/
[0] https://kakobuy-cn.com/spreadsheet/accessories/fendi-ff-logo-belt-in-brown-and-black-119267/
[0] https://kakobuy-cn.com/spreadsheet/accessories/givenchy-g-logo-navy-blue-belt-with-weave-texture-3d9b48/
[0] https://kakobuy-cn.com/spreadsheet/accessories/goyard-monogram-iphone-case-navy-blue-c0867a/
[0] https://kakobuy-cn.com/es/category/hoodies/
[403] https://www.reddit.com/r/kakobuy/
[0] https://kakobuy-cn.com/spreadsheet/hoodies/moncler-white-embroidered-crewneck-sweatshirt-3b4f80/
[0] https://kakobuy-cn.com/spreadsheet/hoodies/gucci-23-black-neon-graphic-sweatshirt-dd4f6d/
[403] https://www.reddit.com/r/kakobuy/
[0] https://kakobuy-cn.com/blog/kakobuy-weidian/
[403] https://www.reddit.com/r/kakobuy/
[0] https://kakobuy-cn.com/spreadsheet/perfume/maison-francis-kurkdjian-baccarat-rouge-540-70ml-perfume-f57235/
[403] https://www.reddit.com/r/kakobuy/
[403] https://www.reddit.com/r/kakobuy/
[0] https://kakobuy-cn.com/blog/kakobuy-weidian/
[403] https://www.reddit.com/r/kakobuy/
[403] https://www.reddit.com/r/kakobuy/
[403] https://www.reddit.com/r/kakobuy/
[403] https://www.reddit.com/r/kakobuy/
[403] https://www.reddit.com/r/kakobuy/
[403] https://www.reddit.com/r/kakobuy/
[403] https://www.reddit.com/r/kakobuy/
[403] https://www.reddit.com/r/kakobuy/
[403] https://www.reddit.com/r/kakobuy/
[403] https://www.reddit.com/r/kakobuy/
[0] https://kakobuy-cn.com/es/category/hoodies/
[403] https://www.reddit.com/r/kakobuy/
[0] https://kakobuy-cn.com/spreadsheet/hoodies/moncler-white-embroidered-crewneck-sweatshirt-3b4f80/
[0] https://kakobuy-cn.com/spreadsheet/hoodies/gucci-23-black-neon-graphic-sweatshirt-dd4f6d/
[403] https://www.reddit.com/r/kakobuy/
[403] https://www.reddit.com/r/kakobuy/
[403] https://www.reddit.com/r/kakobuy/
[403] https://www.reddit.com/r/kakobuy/
[403] https://www.reddit.com/r/kakobuy/
[403] https://www.reddit.com/r/kakobuy/
[403] https://www.reddit.com/r/kakobuy/
[403] https://www.reddit.com/r/kakobuy/
[403] https://www.reddit.com/r/kakobuy/
[403] https://www.reddit.com/r/kakobuy/
[403] https://www.reddit.com/r/kakobuy/
[403] https://www.reddit.com/r/kakobuy/
[403] https://www.reddit.com/r/kakobuy/
[403] https://www.reddit.com/r/kakobuy/
[0] https://kakobuy-cn.com/blog/kakobuy-weidian/
[403] https://www.reddit.com/r/kakobuy/
[403] https://www.reddit.com/r/kakobuy/
[403] https://www.reddit.com/r/kakobuy/
[403] https://www.reddit.com/r/kakobuy/
[403] https://www.reddit.com/r/kakobuy/
[403] https://www.reddit.com/r/kakobuy/
[403] https://www.reddit.com/r/kakobuy/
[403] https://www.reddit.com/r/kakobuy/
[403] https://www.reddit.com/r/kakobuy/
[0] https://kakobuy-cn.com/spreadsheet/pants/carhartt-detroit-black-cargo-pants-109971/
[403] https://www.reddit.com/r/kakobuy/
[403] https://www.reddit.com/r/kakobuy/
[403] https://www.reddit.com/r/kakobuy/
[403] https://www.reddit.com/r/kakobuy/
[403] https://www.reddit.com/r/kakobuy/
[403] https://www.reddit.com/r/kakobuy/
[403] https://www.reddit.com/r/kakobuy/
[0] https://kakobuy-cn.com/spreadsheet/pants/carhartt-detroit-black-cargo-pants-109971/
[403] https://www.reddit.com/r/kakobuy/
[403] https://www.reddit.com/r/kakobuy/
[403] https://www.reddit.com/r/kakobuy/
[403] https://www.reddit.com/r/kakobuy/
[0] https://kakobuy-cn.com/pt/category/jersey/
[403] https://www.reddit.com/r/kakobuy/
[403] https://www.reddit.com/r/kakobuy/
[403] https://www.reddit.com/r/kakobuy/
[403] https://www.reddit.com/r/kakobuy/
[0] https://kakobuy-cn.com/blog/kakobuy-weidian/
[403] https://www.reddit.com/r/kakobuy/
[403] https://www.reddit.com/r/kakobuy/
[403] https://www.reddit.com/r/kakobuy/
[0] https://kakobuy-cn.com/spreadsheet/bags/coach-tabby-c-buckle-leather-shoulder-bag-taupe-564dd1/
[403] https://www.reddit.com/r/kakobuy/
[403] https://www.reddit.com/r/kakobuy/
[403] https://www.reddit.com/r/kakobuy/
[403] https://www.reddit.com/r/kakobuy/
[403] https://www.reddit.com/r/kakobuy/
[0] https://kakobuy-cn.com/pt/category/jersey/
[0] https://kakobuy-cn.com/blog/kakobuy-weidian/
[403] https://www.reddit.com/r/kakobuy/
[403] https://www.reddit.com/r/kakobuy/
[403] https://www.reddit.com/r/kakobuy/
[403] https://www.reddit.com/r/kakobuy/
[403] https://www.reddit.com/r/kakobuy/
[403] https://www.reddit.com/r/kakobuy/
[0] https://kakobuy-cn.com/spreadsheet/headwear/ugg-black-pom-pom-beanie-hat-dac6b7/
[0] https://kakobuy-cn.com/spreadsheet/headwear/dior-classic-logo-monogram-baseball-cap-black-white-064b93/
[403] https://www.reddit.com/r/kakobuy/
[403] https://www.reddit.com/r/kakobuy/
[403] https://www.reddit.com/r/kakobuy/
[0] https://kakobuy-cn.com/blog/kakobuy-weidian/
[403] https://www.reddit.com/r/kakobuy/
[403] https://www.reddit.com/r/kakobuy/
[403] https://www.reddit.com/r/kakobuy/
[403] https://www.reddit.com/r/kakobuy/
[403] https://www.reddit.com/r/kakobuy/
[403] https://www.reddit.com/r/kakobuy/
[403] https://www.reddit.com/r/kakobuy/
[403] https://www.reddit.com/r/kakobuy/
[403] https://www.reddit.com/r/kakobuy/
[403] https://www.reddit.com/r/kakobuy/
[403] https://www.reddit.com/r/kakobuy/
[403] https://www.reddit.com/r/kakobuy/
[403] https://www.reddit.com/r/kakobuy/
[403] https://www.reddit.com/r/kakobuy/
[403] https://www.reddit.com/r/kakobuy/
[403] https://www.reddit.com/r/kakobuy/
[403] https://www.reddit.com/r/kakobuy/
[403] https://www.reddit.com/r/kakobuy/
[403] https://www.reddit.com/r/kakobuy/
[0] https://kakobuy-cn.com/spreadsheet/pants/carhartt-detroit-black-cargo-pants-109971/
[403] https://www.reddit.com/r/kakobuy/
[0] https://kakobuy-cn.com/spreadsheet/headwear/dior-classic-logo-monogram-baseball-cap-black-white-064b93/
[0] https://kakobuy-cn.com/spreadsheet/headwear/ugg-black-pom-pom-beanie-hat-dac6b7/
[403] https://www.reddit.com/r/kakobuy/
[403] https://www.reddit.com/r/kakobuy/
[403] https://www.reddit.com/r/kakobuy/
[403] https://www.reddit.com/r/kakobuy/
[0] https://kakobuy-cn.com/spreadsheet/bags/coach-tabby-c-buckle-leather-shoulder-bag-taupe-564dd1/
[403] https://www.reddit.com/r/kakobuy/
[403] https://www.reddit.com/r/kakobuy/
[0] https://kakobuy-cn.com/spreadsheet/electronics/chrome-hearts-cross-embossed-iphone-case-black-7409d4/
[403] https://www.reddit.com/r/kakobuy/
[0] https://kakobuy-cn.com/blog/kakobuy-weidian/
[403] https://www.reddit.com/r/kakobuy/
[0] https://kakobuy-cn.com/blog/kakobuy-weidian/
[403] https://www.reddit.com/r/kakobuy/
[0] https://kakobuy-cn.com/blog/kakobuy-weidian/
[403] https://www.reddit.com/r/kakobuy/
[403] https://www.reddit.com/r/kakobuy/
[403] https://www.reddit.com/r/kakobuy/
[403] https://www.reddit.com/r/kakobuy/
[403] https://www.reddit.com/r/kakobuy/
[403] https://www.reddit.com/r/kakobuy/
[403] https://www.reddit.com/r/kakobuy/
[403] https://www.reddit.com/r/kakobuy/
[403] https://www.reddit.com/r/kakobuy/
[403] https://www.reddit.com/r/kakobuy/
[403] https://www.reddit.com/r/kakobuy/
[403] https://www.reddit.com/r/kakobuy/
[0] https://kakobuy-cn.com/blog/kakobuy-weidian/
[403] https://www.reddit.com/r/kakobuy/
[403] https://www.reddit.com/r/kakobuy/
[403] https://www.reddit.com/r/kakobuy/
[403] https://www.reddit.com/r/kakobuy/
[0] https://kakobuy-cn.com/es/category/hoodies/
[0] https://kakobuy-cn.com/blog/kakobuy-weidian/
[403] https://www.reddit.com/r/kakobuy/
[403] https://www.reddit.com/r/kakobuy/
[403] https://www.reddit.com/r/kakobuy/
[403] https://www.reddit.com/r/kakobuy/
[403] https://www.reddit.com/r/kakobuy/
[403] https://www.reddit.com/r/kakobuy/
[0] https://kakobuy-cn.com/spreadsheet/accessories/carhartt-black-red-logo-socks-55de6a/
[0] https://kakobuy-cn.com/spreadsheet/accessories/dior-classic-logo-white-phone-case-3b9cc2/
[0] https://kakobuy-cn.com/spreadsheet/accessories/christian-louboutin-embroidered-tassel-bookmark-in-white-and-black-8bc334/
[403] https://www.reddit.com/r/kakobuy/
[0] https://kakobuy-cn.com/spreadsheet/perfume/maison-francis-kurkdjian-baccarat-rouge-540-70ml-perfume-f57235/
[403] https://www.reddit.com/r/kakobuy/
[403] https://www.reddit.com/r/kakobuy/
[403] https://www.reddit.com/r/kakobuy/
[403] https://www.reddit.com/r/kakobuy/
[403] https://www.reddit.com/r/kakobuy/
[403] https://www.reddit.com/r/kakobuy/
[403] https://www.reddit.com/r/kakobuy/
[0] https://kakobuy-cn.com/blog/kakobuy-weidian/
[0] https://kakobuy-cn.com/pt/category/jersey/
[403] https://www.reddit.com/r/kakobuy/
[403] https://www.reddit.com/r/kakobuy/
[0] https://kakobuy-cn.com/blog/kakobuy-weidian/
[403] https://www.reddit.com/r/kakobuy/
[403] https://www.reddit.com/r/kakobuy/
[0] https://kakobuy-cn.com/blog/kakobuy-weidian/
[403] https://www.reddit.com/r/kakobuy/
[403] https://www.reddit.com/r/kakobuy/
[0] https://kakobuy-cn.com/blog/kakobuy-weidian/
[403] https://www.reddit.com/r/kakobuy/
[403] https://www.reddit.com/r/kakobuy/
[403] https://www.reddit.com/r/kakobuy/
[0] https://kakobuy-cn.com/spreadsheet/electronics/chrome-hearts-cross-embossed-iphone-case-black-7409d4/
[0] https://kakobuy-cn.com/spreadsheet/electronics/ysl-pink-crystal-iphone-case-bd077f/
[0] https://kakobuy-cn.com/spreadsheet/electronics/samsung-galaxy-watch-w7orange-smartwatch-24b433/
[0] https://kakobuy-cn.com/spreadsheet/electronics/stone-island-shadow-project-cream-phone-case-8ff61c/
[403] https://www.reddit.com/r/kakobuy/
[0] https://kakobuy-cn.com/spreadsheet/electronics/chrome-hearts-cross-embossed-iphone-case-black-7409d4/
[0] https://kakobuy-cn.com/spreadsheet/electronics/ysl-pink-crystal-iphone-case-bd077f/
[0] https://kakobuy-cn.com/spreadsheet/electronics/samsung-galaxy-watch-w7orange-smartwatch-24b433/
[0] https://kakobuy-cn.com/spreadsheet/electronics/stone-island-shadow-project-cream-phone-case-8ff61c/
[403] https://www.reddit.com/r/kakobuy/
[403] https://www.reddit.com/r/kakobuy/
[0] https://kakobuy-cn.com/spreadsheet/headwear/ugg-black-pom-pom-beanie-hat-dac6b7/
[0] https://kakobuy-cn.com/spreadsheet/headwear/dior-classic-logo-monogram-baseball-cap-black-white-064b93/
[403] https://www.reddit.com/r/kakobuy/
[0] https://kakobuy-cn.com/spreadsheet/accessories/carhartt-black-red-logo-socks-55de6a/
[0] https://kakobuy-cn.com/spreadsheet/accessories/goyard-monogram-iphone-case-navy-blue-c0867a/
[403] https://www.reddit.com/r/kakobuy/
[403] https://www.reddit.com/r/kakobuy/
[403] https://www.reddit.com/r/kakobuy/
[403] https://www.reddit.com/r/kakobuy/
[403] https://www.reddit.com/r/kakobuy/
[403] https://www.reddit.com/r/kakobuy/
[403] https://www.reddit.com/r/kakobuy/
[403] https://www.reddit.com/r/kakobuy/
[403] https://www.reddit.com/r/kakobuy/
[403] https://www.reddit.com/r/kakobuy/
[403] https://www.reddit.com/r/kakobuy/
[403] https://www.reddit.com/r/kakobuy/
[403] https://www.reddit.com/r/kakobuy/
[403] https://www.reddit.com/r/kakobuy/
[403] https://www.reddit.com/r/kakobuy/
[403] https://www.reddit.com/r/kakobuy/
[403] https://www.reddit.com/r/kakobuy/
[403] https://www.reddit.com/r/kakobuy/
[403] https://www.reddit.com/r/kakobuy/
[0] https://kakobuy-cn.com/spreadsheet/headwear/ugg-black-pom-pom-beanie-hat-dac6b7/
[403] https://www.reddit.com/r/kakobuy/
[403] https://www.reddit.com/r/kakobuy/
[0] https://kakobuy-cn.com/spreadsheet/electronics/chrome-hearts-cross-embossed-iphone-case-black-7409d4/
[0] https://kakobuy-cn.com/spreadsheet/electronics/ysl-pink-crystal-iphone-case-bd077f/
[0] https://kakobuy-cn.com/spreadsheet/electronics/samsung-galaxy-watch-w7orange-smartwatch-24b433/
[0] https://kakobuy-cn.com/spreadsheet/electronics/stone-island-shadow-project-cream-phone-case-8ff61c/
[403] https://www.reddit.com/r/kakobuy/
[403] https://www.reddit.com/r/kakobuy/
[403] https://www.reddit.com/r/kakobuy/
[0] https://kakobuy-cn.com/blog/kakobuy-weidian/
[403] https://www.reddit.com/r/kakobuy/
[403] https://www.reddit.com/r/kakobuy/
[403] https://www.reddit.com/r/kakobuy/
[403] https://www.reddit.com/r/kakobuy/
[403] https://www.reddit.com/r/kakobuy/
[403] https://www.reddit.com/r/kakobuy/
[0] https://kakobuy-cn.com/spreadsheet/headwear/dior-classic-logo-monogram-baseball-cap-black-white-064b93/
[403] https://www.reddit.com/r/kakobuy/
[403] https://www.reddit.com/r/kakobuy/
[403] https://www.reddit.com/r/kakobuy/
[403] https://www.reddit.com/r/kakobuy/
[403] https://www.reddit.com/r/kakobuy/
[403] https://www.reddit.com/r/kakobuy/
[0] https://kakobuy-cn.com/blog/kakobuy-weidian/
[403] https://www.reddit.com/r/kakobuy/
[0] https://kakobuy-cn.com/spreadsheet/electronics/chrome-hearts-cross-embossed-iphone-case-black-7409d4/
[403] https://www.reddit.com/r/kakobuy/
[403] https://www.reddit.com/r/kakobuy/
[0] https://kakobuy-cn.com/spreadsheet/electronics/ysl-pink-crystal-iphone-case-bd077f/
[403] https://www.reddit.com/r/kakobuy/
[0] https://kakobuy-cn.com/spreadsheet/electronics/samsung-galaxy-watch-w7orange-smartwatch-24b433/
[403] https://www.reddit.com/r/kakobuy/
[403] https://www.reddit.com/r/kakobuy/
[403] https://www.reddit.com/r/kakobuy/
[0] https://kakobuy-cn.com/spreadsheet/pants/carhartt-detroit-black-cargo-pants-109971/
[403] https://www.reddit.com/r/kakobuy/
[403] https://www.reddit.com/r/kakobuy/
[403] https://www.reddit.com/r/1to1reps/comments/1t90txc/the_best_kakobuy_spreadsheet_resource_hub_2026/
[403] https://preview.redd.it/giveaway-event-win-a-pair-of-aj1-off-white-chicagos-v0-rv1fslp00w0h1.jpeg?width=1080&crop=smart&auto=webp&s=b597abe3df53fe74382c3b4937290b645d54c364
[403] https://www.reddit.com/r/RepHeads/comments/1tbwdby/giveaway_event_win_a_pair_of_aj1_offwhite_chicagos/
[403] https://preview.redd.it/everyday-streetwear-haul-hoodies-graphic-tees-denim-luxury-v0-vq7db9a6cv0h1.png?width=640&crop=smart&auto=webp&s=390dc0018ee223b98621101880028bba4bc12535
[403] https://www.reddit.com/r/kakobuy/comments/1tbtw0r/everyday_streetwear_haul_hoodies_graphic_tees/
[403] https://preview.redd.it/haul-reviewed-8kg-v0-hgd8yyk3e80h1.jpg?width=1080&crop=smart&auto=webp&s=887e0de429a39a9f73f4a26949656f078852f838
[403] https://www.reddit.com/r/kakobuy/comments/1t8vugn/haul_reviewed_8kg/
[403] https://preview.redd.it/massive-haul-just-landed-purple-jeans-lv-olympia-chanel-v0-xvadwufghrzg1.jpg?width=1080&crop=smart&auto=webp&s=3719e1ca5bdcfd87e1f229b30ed81f4b7761d1f0
[403] https://www.reddit.com/r/kakobuy/comments/1t6jswc/massive_haul_just_landed_purple_jeans_lv_olympia/
[403] https://preview.redd.it/clean-spring-haul-polo-rl-st%C3%BCssy-waffle-knit-and-some-stone-v0-u5a6kv2prpzg1.jpg?width=640&crop=smart&auto=webp&s=a03591c19b1527f3955577d59f18b388c2c96d40
[403] https://www.reddit.com/r/kakobuy/comments/1t69y1l/clean_spring_haul_polo_rl_st%C3%BCssy_waffle_knit_and/
[403] https://www.reddit.com/r/kakobuy/comments/1t6hlaq/lately_picked_up_things_that_finally_feel_like_me/
[403] https://preview.redd.it/review-17-piece-summer-clothing-accessories-haul-via-oopbuy-v0-7lox115scgyg1.jpg?width=1080&crop=smart&auto=webp&s=7d5adfcd36c0b9af1cdc57f2eb32e847e6012eb7
[403] https://www.reddit.com/r/FashionReps/comments/1t0ivsn/review_17piece_summer_clothing_accessories_haul/
[403] https://www.reddit.com/r/kakobuy/
[0] https://kakobuy-cn.com/spreadsheet/accessories/fendi-ff-logo-belt-in-brown-and-black-119267/
[403] https://www.reddit.com/r/kakobuy/
[403] https://www.reddit.com/r/kakobuy/
[403] https://www.reddit.com/r/kakobuy/
[403] https://www.reddit.com/r/kakobuy/
[0] https://kakobuy-cn.com/spreadsheet/accessories/christian-louboutin-embroidered-tassel-bookmark-in-white-and-black-8bc334/
[0] https://kakobuy-cn.com/spreadsheet/accessories/carhartt-black-red-logo-socks-55de6a/
[403] https://www.reddit.com/r/kakobuy/
[403] https://www.reddit.com/r/kakobuy/
[403] https://www.reddit.com/r/kakobuy/
[403] https://www.reddit.com/r/kakobuy/
[403] https://www.reddit.com/r/kakobuy/
[0] https://kakobuy-cn.com/spreadsheet/accessories/dior-classic-logo-white-phone-case-3b9cc2/
[403] https://www.reddit.com/r/kakobuy/
[403] https://www.reddit.com/r/kakobuy/
[403] https://www.reddit.com/r/kakobuy/
[403] https://www.reddit.com/r/kakobuy/
[403] https://www.reddit.com/r/kakobuy/
[403] https://www.reddit.com/r/kakobuy/
[0] https://kakobuy-cn.com/spreadsheet/electronics/stone-island-shadow-project-cream-phone-case-8ff61c/
[403] https://www.reddit.com/r/kakobuy/
[403] https://www.reddit.com/r/kakobuy/
[403] https://www.reddit.com/r/kakobuy/
[403] https://www.reddit.com/r/kakobuy/
[403] https://www.reddit.com/r/kakobuy/
[403] https://www.reddit.com/r/kakobuy/
[403] https://www.reddit.com/r/kakobuy/
[403] https://www.reddit.com/r/kakobuy/
[0] https://kakobuy-cn.com/spreadsheet/headwear/ugg-black-pom-pom-beanie-hat-dac6b7/
[403] https://www.reddit.com/r/kakobuy/
[403] https://www.reddit.com/r/kakobuy/
[403] https://www.reddit.com/r/kakobuy/
[403] https://www.reddit.com/r/kakobuy/
[403] https://www.reddit.com/r/kakobuy/
[0] https://kakobuy-cn.com/pt/category/jersey/
[403] https://www.reddit.com/r/kakobuy/
[403] https://www.reddit.com/r/kakobuy/
[403] https://www.reddit.com/r/kakobuy/
[0] https://kakobuy-cn.com/blog/kakobuy-weidian/
[403] https://www.reddit.com/r/kakobuy/
[403] https://www.reddit.com/r/kakobuy/
[403] https://www.reddit.com/r/kakobuy/
[403] https://www.reddit.com/r/kakobuy/
[403] https://www.reddit.com/r/kakobuy/
[403] https://www.reddit.com/r/kakobuy/
[0] https://kakobuy-cn.com/spreadsheet/pants/carhartt-detroit-black-cargo-pants-109971/
[403] https://www.reddit.com/r/kakobuy/
[403] https://www.reddit.com/r/kakobuy/
[403] https://www.reddit.com/r/kakobuy/
[403] https://www.reddit.com/r/kakobuy/
[403] https://www.reddit.com/r/kakobuy/
[403] https://www.reddit.com/r/kakobuy/
[403] https://www.reddit.com/r/kakobuy/
[0] https://kakobuy-cn.com/spreadsheet/electronics/chrome-hearts-cross-embossed-iphone-case-black-7409d4/
[0] https://kakobuy-cn.com/spreadsheet/electronics/ysl-pink-crystal-iphone-case-bd077f/
[0] https://kakobuy-cn.com/spreadsheet/electronics/samsung-galaxy-watch-w7orange-smartwatch-24b433/
[0] https://kakobuy-cn.com/spreadsheet/electronics/stone-island-shadow-project-cream-phone-case-8ff61c/
[403] https://www.reddit.com/r/kakobuy/
[403] https://www.reddit.com/r/kakobuy/
[0] https://kakobuy-cn.com/pt/category/jersey/
[403] https://www.reddit.com/r/kakobuy/
[403] https://www.reddit.com/r/kakobuy/
[403] https://www.reddit.com/r/kakobuy/
[403] https://www.reddit.com/r/kakobuy/
[403] https://www.reddit.com/r/kakobuy/
[403] https://www.reddit.com/r/kakobuy/
[0] https://kakobuy-cn.com/spreadsheet/headwear/ugg-black-pom-pom-beanie-hat-dac6b7/
[0] https://kakobuy-cn.com/spreadsheet/headwear/dior-classic-logo-monogram-baseball-cap-black-white-064b93/
[403] https://www.reddit.com/r/kakobuy/
[0] https://kakobuy-cn.com/spreadsheet/electronics/ysl-pink-crystal-iphone-case-bd077f/
[403] https://www.reddit.com/r/kakobuy/
[403] https://www.reddit.com/r/kakobuy/
[403] https://www.reddit.com/r/kakobuy/
[403] https://www.reddit.com/r/kakobuy/
[0] https://kakobuy-cn.com/spreadsheet/hoodies/gucci-23-black-neon-graphic-sweatshirt-dd4f6d/
[403] https://www.reddit.com/r/kakobuy/
[0] https://kakobuy-cn.com/spreadsheet/bags/coach-tabby-c-buckle-leather-shoulder-bag-taupe-564dd1/
[403] https://www.reddit.com/r/kakobuy/
[0] https://kakobuy-cn.com/spreadsheet/bags/coach-tabby-c-buckle-leather-shoulder-bag-taupe-564dd1/
[403] https://www.reddit.com/r/kakobuy/
[403] https://www.reddit.com/r/kakobuy/
[403] https://www.reddit.com/r/kakobuy/
[403] https://www.reddit.com/r/kakobuy/
[0] https://kakobuy-cn.com/spreadsheet/perfume/maison-francis-kurkdjian-baccarat-rouge-540-70ml-perfume-f57235/
[403] https://www.reddit.com/r/kakobuy/
[0] https://kakobuy-cn.com/spreadsheet/accessories/goyard-monogram-iphone-case-navy-blue-c0867a/
[403] https://www.reddit.com/r/kakobuy/
[403] https://www.reddit.com/r/kakobuy/
[403] https://www.reddit.com/r/kakobuy/
[403] https://www.reddit.com/r/kakobuy/
[0] https://kakobuy-cn.com/spreadsheet/headwear/dior-classic-logo-monogram-baseball-cap-black-white-064b93/
[403] https://www.reddit.com/r/kakobuy/
[403] https://www.reddit.com/r/kakobuy/
[0] https://kakobuy-cn.com/spreadsheet/hoodies/moncler-white-embroidered-crewneck-sweatshirt-3b4f80/
[403] https://www.reddit.com/r/kakobuy/
[403] https://www.reddit.com/r/kakobuy/
[0] https://kakobuy-cn.com/spreadsheet/pants/carhartt-detroit-black-cargo-pants-109971/
[403] https://www.reddit.com/r/kakobuy/
[403] https://www.reddit.com/r/kakobuy/
[403] https://preview.redd.it/lately-picked-up-things-that-finally-feel-like-me-v0-xnhu8e7f4rzg1.png?width=1080&crop=smart&auto=webp&s=3c412d874cad38de68b29334f3e01013d06ac4e9
[403] https://preview.redd.it/lately-picked-up-things-that-finally-feel-like-me-v0-xnhu8e7f4rzg1.png?width=1080&crop=smart&auto=webp&s=3c412d874cad38de68b29334f3e01013d06ac4e9
[403] https://preview.redd.it/lately-picked-up-things-that-finally-feel-like-me-v0-xnhu8e7f4rzg1.png?width=1080&crop=smart&auto=webp&s=3c412d874cad38de68b29334f3e01013d06ac4e9
[403] https://preview.redd.it/lately-picked-up-things-that-finally-feel-like-me-v0-xnhu8e7f4rzg1.png?width=1080&crop=smart&auto=webp&s=3c412d874cad38de68b29334f3e01013d06ac4e9
[403] https://preview.redd.it/lately-picked-up-things-that-finally-feel-like-me-v0-xnhu8e7f4rzg1.png?width=1080&crop=smart&auto=webp&s=3c412d874cad38de68b29334f3e01013d06ac4e9
[403] https://preview.redd.it/lately-picked-up-things-that-finally-feel-like-me-v0-xnhu8e7f4rzg1.png?width=1080&crop=smart&auto=webp&s=3c412d874cad38de68b29334f3e01013d06ac4e9
[0] https://kakobuy-cn.com/spreadsheet/bags/coach-tabby-c-buckle-leather-shoulder-bag-taupe-564dd1/
[403] https://www.reddit.com/r/kakobuy/
[403] https://www.reddit.com/r/kakobuy/
[403] https://www.reddit.com/r/kakobuy/
[403] https://www.reddit.com/r/kakobuy/
[403] https://www.reddit.com/r/kakobuy/
[403] https://www.reddit.com/r/kakobuy/
[403] https://www.reddit.com/r/kakobuy/
[0] https://kakobuy-cn.com/blog/kakobuy-weidian/
[403] https://www.reddit.com/r/kakobuy/
[403] https://www.reddit.com/r/kakobuy/
[403] https://www.reddit.com/r/kakobuy/
[403] https://www.reddit.com/r/kakobuy/
[403] https://www.reddit.com/r/kakobuy/
[403] https://www.reddit.com/r/kakobuy/
[403] https://www.reddit.com/r/kakobuy/
[0] https://kakobuy-cn.com/spreadsheet/t-shirts/burberry-tb-logo-black-t-shirt-c208a9/
[403] https://www.reddit.com/r/kakobuy/
[403] https://www.reddit.com/r/kakobuy/
[403] https://www.reddit.com/r/kakobuy/
[0] https://kakobuy-cn.com/blog/kakobuy-weidian/
[403] https://www.reddit.com/r/kakobuy/
[0] https://kakobuy-cn.com/spreadsheet/hoodies/moncler-white-embroidered-crewneck-sweatshirt-3b4f80/
[403] https://www.reddit.com/r/kakobuy/
[403] https://www.reddit.com/r/kakobuy/
[403] https://www.reddit.com/r/kakobuy/
[403] https://www.reddit.com/r/kakobuy/
[0] https://kakobuy-cn.com/spreadsheet/hoodies/moncler-white-embroidered-crewneck-sweatshirt-3b4f80/
[403] https://www.reddit.com/r/kakobuy/
[403] https://www.reddit.com/r/kakobuy/
[403] https://www.reddit.com/r/kakobuy/
[403] https://www.reddit.com/r/kakobuy/
[0] https://kakobuy-cn.com/spreadsheet/electronics/chrome-hearts-cross-embossed-iphone-case-black-7409d4/
[0] https://kakobuy-cn.com/spreadsheet/electronics/ysl-pink-crystal-iphone-case-bd077f/
[0] https://kakobuy-cn.com/spreadsheet/electronics/samsung-galaxy-watch-w7orange-smartwatch-24b433/
[0] https://kakobuy-cn.com/spreadsheet/electronics/stone-island-shadow-project-cream-phone-case-8ff61c/
[403] https://www.reddit.com/r/kakobuy/
[403] https://www.reddit.com/r/kakobuy/
[403] https://www.reddit.com/r/kakobuy/
[0] https://kakobuy-cn.com/spreadsheet/pants/carhartt-detroit-black-cargo-pants-109971/
[403] https://www.reddit.com/r/kakobuy/
[403] https://www.reddit.com/r/kakobuy/
[403] https://www.reddit.com/r/kakobuy/
[403] https://www.reddit.com/r/kakobuy/
[0] https://kakobuy-cn.com/spreadsheet/accessories/givenchy-g-logo-navy-blue-belt-with-weave-texture-3d9b48/
[0] https://kakobuy-cn.com/spreadsheet/accessories/goyard-monogram-iphone-case-navy-blue-c0867a/
[403] https://www.reddit.com/r/kakobuy/
[403] https://www.reddit.com/r/kakobuy/
[0] https://kakobuy-cn.com/spreadsheet/electronics/ysl-pink-crystal-iphone-case-bd077f/
[0] https://kakobuy-cn.com/spreadsheet/electronics/chrome-hearts-cross-embossed-iphone-case-black-7409d4/
[403] https://www.reddit.com/r/kakobuy/
[0] https://kakobuy-cn.com/spreadsheet/t-shirts/burberry-tb-logo-black-t-shirt-c208a9/
[403] https://www.reddit.com/r/kakobuy/
[403] https://www.reddit.com/r/kakobuy/
[403] https://www.reddit.com/r/kakobuy/
[403] https://www.reddit.com/r/kakobuy/
[403] https://www.reddit.com/r/kakobuy/
[403] https://www.reddit.com/r/kakobuy/
[403] https://www.reddit.com/r/kakobuy/
[403] https://www.reddit.com/r/kakobuy/
[403] https://www.reddit.com/r/kakobuy/
[403] https://www.reddit.com/r/kakobuy/
[403] https://www.reddit.com/r/kakobuy/
[403] https://www.reddit.com/r/kakobuy/
[403] https://www.reddit.com/r/kakobuy/
[403] https://www.reddit.com/r/kakobuy/
[403] https://www.reddit.com/r/kakobuy/
[403] https://www.reddit.com/r/kakobuy/
[0] https://kakobuy-cn.com/spreadsheet/pants/carhartt-detroit-black-cargo-pants-109971/
[403] https://www.reddit.com/r/kakobuy/
[403] https://www.reddit.com/r/kakobuy/
[0] https://kakobuy-cn.com/spreadsheet/accessories/fendi-ff-logo-belt-in-brown-and-black-119267/
[403] https://www.reddit.com/r/kakobuy/
[403] https://www.reddit.com/r/kakobuy/
[0] https://kakobuy-cn.com/blog/kakobuy-weidian/
[403] https://www.reddit.com/r/kakobuy/
[403] https://www.reddit.com/r/kakobuy/
[403] https://www.reddit.com/r/kakobuy/
[403] https://www.reddit.com/r/kakobuy/
[403] https://www.reddit.com/r/kakobuy/
[403] https://www.reddit.com/r/kakobuy/
[403] https://www.reddit.com/r/kakobuy/
[403] https://www.reddit.com/r/kakobuy/
[0] https://kakobuy-cn.com/blog/kakobuy-weidian/
[403] https://www.reddit.com/r/kakobuy/
[403] https://www.reddit.com/r/kakobuy/
[403] https://www.reddit.com/r/kakobuy/
[403] https://www.reddit.com/r/kakobuy/
[403] https://www.reddit.com/r/kakobuy/
[403] https://www.reddit.com/r/kakobuy/
[403] https://www.reddit.com/r/kakobuy/
[403] https://www.reddit.com/r/kakobuy/
[403] https://www.reddit.com/r/kakobuy/
[403] https://www.reddit.com/r/kakobuy/
[403] https://www.reddit.com/r/kakobuy/
[0] https://kakobuy-cn.com/blog/kakobuy-weidian/
[403] https://www.reddit.com/r/kakobuy/
[0] https://kakobuy-cn.com/blog/kakobuy-weidian/
[403] https://www.reddit.com/r/kakobuy/
[403] https://www.reddit.com/r/kakobuy/
[403] https://www.reddit.com/r/kakobuy/
[403] https://www.reddit.com/r/kakobuy/
[403] https://www.reddit.com/r/kakobuy/
[403] https://www.reddit.com/r/kakobuy/
[403] https://www.reddit.com/r/kakobuy/
[403] https://www.reddit.com/r/kakobuy/
[0] https://kakobuy-cn.com/blog/kakobuy-weidian/
[403] https://www.reddit.com/r/kakobuy/
[403] https://www.reddit.com/r/kakobuy/
[0] https://kakobuy-cn.com/spreadsheet/accessories/carhartt-black-red-logo-socks-55de6a/
[0] https://kakobuy-cn.com/spreadsheet/accessories/christian-louboutin-embroidered-tassel-bookmark-in-white-and-black-8bc334/
[0] https://kakobuy-cn.com/spreadsheet/accessories/dior-classic-logo-white-phone-case-3b9cc2/
[0] https://kakobuy-cn.com/spreadsheet/accessories/fendi-ff-logo-belt-in-brown-and-black-119267/
[0] https://kakobuy-cn.com/spreadsheet/accessories/givenchy-g-logo-navy-blue-belt-with-weave-texture-3d9b48/
[0] https://kakobuy-cn.com/spreadsheet/accessories/goyard-monogram-iphone-case-navy-blue-c0867a/
[0] https://kakobuy-cn.com/es/category/hoodies/
[403] https://www.reddit.com/r/kakobuy/
[0] https://kakobuy-cn.com/spreadsheet/hoodies/moncler-white-embroidered-crewneck-sweatshirt-3b4f80/
[0] https://kakobuy-cn.com/spreadsheet/hoodies/gucci-23-black-neon-graphic-sweatshirt-dd4f6d/
[403] https://www.reddit.com/r/kakobuy/
[403] https://www.reddit.com/r/kakobuy/
[403] https://www.reddit.com/r/kakobuy/
[403] https://www.reddit.com/r/kakobuy/
[403] https://www.reddit.com/r/kakobuy/
[0] https://kakobuy-cn.com/spreadsheet/accessories/dior-classic-logo-white-phone-case-3b9cc2/
[403] https://www.reddit.com/r/kakobuy/
[403] https://www.reddit.com/r/kakobuy/
[403] https://www.reddit.com/r/kakobuy/
[403] https://www.reddit.com/r/kakobuy/
[403] https://www.reddit.com/r/kakobuy/
[403] https://www.reddit.com/r/kakobuy/
[403] https://www.reddit.com/r/kakobuy/
[403] https://www.reddit.com/r/kakobuy/
[403] https://www.reddit.com/r/kakobuy/
[403] https://www.reddit.com/r/kakobuy/
[0] https://kakobuy-cn.com/spreadsheet/pants/carhartt-detroit-black-cargo-pants-109971/
[403] https://www.reddit.com/r/kakobuy/
[0] https://kakobuy-cn.com/spreadsheet/bags/coach-tabby-c-buckle-leather-shoulder-bag-taupe-564dd1/
[403] https://www.reddit.com/r/kakobuy/
[403] https://www.reddit.com/r/kakobuy/
[403] https://www.reddit.com/r/kakobuy/
[403] https://www.reddit.com/r/kakobuy/
[403] https://www.reddit.com/r/kakobuy/
[403] https://www.reddit.com/r/kakobuy/
[0] https://kakobuy-cn.com/spreadsheet/headwear/ugg-black-pom-pom-beanie-hat-dac6b7/
[0] https://kakobuy-cn.com/spreadsheet/headwear/dior-classic-logo-monogram-baseball-cap-black-white-064b93/
[403] https://www.reddit.com/r/kakobuy/
[403] https://www.reddit.com/r/kakobuy/
[403] https://www.reddit.com/r/kakobuy/
[403] https://www.reddit.com/r/kakobuy/
[0] https://kakobuy-cn.com/spreadsheet/perfume/maison-francis-kurkdjian-baccarat-rouge-540-70ml-perfume-f57235/
[403] https://www.reddit.com/r/kakobuy/
[403] https://www.reddit.com/r/kakobuy/
[403] https://www.reddit.com/r/kakobuy/
[0] https://kakobuy-cn.com/spreadsheet/accessories/givenchy-g-logo-navy-blue-belt-with-weave-texture-3d9b48/
[0] https://kakobuy-cn.com/spreadsheet/accessories/carhartt-black-red-logo-socks-55de6a/
[403] https://www.reddit.com/r/kakobuy/
[403] https://www.reddit.com/r/kakobuy/
[403] https://www.reddit.com/r/kakobuy/
[403] https://www.reddit.com/r/kakobuy/
[403] https://www.reddit.com/r/kakobuy/
[403] https://www.reddit.com/r/kakobuy/
[403] https://www.reddit.com/r/kakobuy/
[403] https://www.reddit.com/r/kakobuy/
[403] https://www.reddit.com/r/kakobuy/
[0] https://kakobuy-cn.com/spreadsheet/perfume/maison-francis-kurkdjian-baccarat-rouge-540-70ml-perfume-f57235/
[403] https://www.reddit.com/r/kakobuy/
[403] https://www.reddit.com/r/kakobuy/
[403] https://www.reddit.com/r/kakobuy/
[0] https://kakobuy-cn.com/spreadsheet/electronics/ysl-pink-crystal-iphone-case-bd077f/
[403] https://www.reddit.com/r/kakobuy/
[403] https://www.reddit.com/r/kakobuy/
[0] https://kakobuy-cn.com/spreadsheet/headwear/ugg-black-pom-pom-beanie-hat-dac6b7/
[0] https://kakobuy-cn.com/spreadsheet/headwear/dior-classic-logo-monogram-baseball-cap-black-white-064b93/
[403] https://www.reddit.com/r/kakobuy/
[403] https://www.reddit.com/r/kakobuy/
[0] https://kakobuy-cn.com/spreadsheet/headwear/ugg-black-pom-pom-beanie-hat-dac6b7/
[403] https://www.reddit.com/r/kakobuy/
[403] https://www.reddit.com/r/kakobuy/
[403] https://www.reddit.com/r/kakobuy/
[403] https://www.reddit.com/r/kakobuy/
[403] https://www.reddit.com/r/kakobuy/
[403] https://www.reddit.com/r/kakobuy/
[0] https://kakobuy-cn.com/es/category/hoodies/
[403] https://www.reddit.com/r/kakobuy/
[0] https://kakobuy-cn.com/spreadsheet/hoodies/moncler-white-embroidered-crewneck-sweatshirt-3b4f80/
[0] https://kakobuy-cn.com/spreadsheet/hoodies/gucci-23-black-neon-graphic-sweatshirt-dd4f6d/
[403] https://www.reddit.com/r/kakobuy/
[0] https://kakobuy-cn.com/blog/kakobuy-weidian/
[403] https://www.reddit.com/r/kakobuy/
[403] https://www.reddit.com/r/kakobuy/
[0] https://kakobuy-cn.com/spreadsheet/accessories/carhartt-black-red-logo-socks-55de6a/
[0] https://kakobuy-cn.com/spreadsheet/accessories/christian-louboutin-embroidered-tassel-bookmark-in-white-and-black-8bc334/
[0] https://kakobuy-cn.com/spreadsheet/accessories/dior-classic-logo-white-phone-case-3b9cc2/
[0] https://kakobuy-cn.com/spreadsheet/accessories/fendi-ff-logo-belt-in-brown-and-black-119267/
[0] https://kakobuy-cn.com/spreadsheet/accessories/givenchy-g-logo-navy-blue-belt-with-weave-texture-3d9b48/
[0] https://kakobuy-cn.com/spreadsheet/accessories/goyard-monogram-iphone-case-navy-blue-c0867a/
[0] https://kakobuy-cn.com/pt/category/jersey/
[403] https://www.reddit.com/r/kakobuy/
[403] https://www.reddit.com/r/kakobuy/
[0] https://kakobuy-cn.com/spreadsheet/accessories/christian-louboutin-embroidered-tassel-bookmark-in-white-and-black-8bc334/
[0] https://kakobuy-cn.com/spreadsheet/accessories/givenchy-g-logo-navy-blue-belt-with-weave-texture-3d9b48/
[403] https://www.reddit.com/r/kakobuy/
[403] https://www.reddit.com/r/kakobuy/
[403] https://www.reddit.com/r/kakobuy/
[0] https://kakobuy-cn.com/spreadsheet/electronics/ysl-pink-crystal-iphone-case-bd077f/
[0] https://kakobuy-cn.com/spreadsheet/electronics/chrome-hearts-cross-embossed-iphone-case-black-7409d4/
[403] https://www.reddit.com/r/kakobuy/
[403] https://www.reddit.com/r/kakobuy/
[403] https://www.reddit.com/r/kakobuy/
[403] https://www.reddit.com/r/1to1reps/comments/1t90txc/the_best_kakobuy_spreadsheet_resource_hub_2026/
[403] https://preview.redd.it/giveaway-event-win-a-pair-of-aj1-off-white-chicagos-v0-rv1fslp00w0h1.jpeg?width=1080&crop=smart&auto=webp&s=b597abe3df53fe74382c3b4937290b645d54c364
[403] https://www.reddit.com/r/RepHeads/comments/1tbwdby/giveaway_event_win_a_pair_of_aj1_offwhite_chicagos/
[403] https://preview.redd.it/everyday-streetwear-haul-hoodies-graphic-tees-denim-luxury-v0-vq7db9a6cv0h1.png?width=640&crop=smart&auto=webp&s=390dc0018ee223b98621101880028bba4bc12535
[403] https://www.reddit.com/r/kakobuy/comments/1tbtw0r/everyday_streetwear_haul_hoodies_graphic_tees/
[403] https://preview.redd.it/haul-reviewed-8kg-v0-hgd8yyk3e80h1.jpg?width=1080&crop=smart&auto=webp&s=887e0de429a39a9f73f4a26949656f078852f838
[403] https://www.reddit.com/r/kakobuy/comments/1t8vugn/haul_reviewed_8kg/
[403] https://preview.redd.it/massive-haul-just-landed-purple-jeans-lv-olympia-chanel-v0-xvadwufghrzg1.jpg?width=1080&crop=smart&auto=webp&s=3719e1ca5bdcfd87e1f229b30ed81f4b7761d1f0
[403] https://www.reddit.com/r/kakobuy/comments/1t6jswc/massive_haul_just_landed_purple_jeans_lv_olympia/
[403] https://preview.redd.it/clean-spring-haul-polo-rl-st%C3%BCssy-waffle-knit-and-some-stone-v0-u5a6kv2prpzg1.jpg?width=640&crop=smart&auto=webp&s=a03591c19b1527f3955577d59f18b388c2c96d40
[403] https://www.reddit.com/r/kakobuy/comments/1t69y1l/clean_spring_haul_polo_rl_st%C3%BCssy_waffle_knit_and/
[403] https://preview.redd.it/lately-picked-up-things-that-finally-feel-like-me-v0-xnhu8e7f4rzg1.png?width=1080&crop=smart&auto=webp&s=3c412d874cad38de68b29334f3e01013d06ac4e9
[403] https://www.reddit.com/r/kakobuy/comments/1t6hlaq/lately_picked_up_things_that_finally_feel_like_me/
[403] https://preview.redd.it/review-17-piece-summer-clothing-accessories-haul-via-oopbuy-v0-7lox115scgyg1.jpg?width=1080&crop=smart&auto=webp&s=7d5adfcd36c0b9af1cdc57f2eb32e847e6012eb7
[403] https://www.reddit.com/r/FashionReps/comments/1t0ivsn/review_17piece_summer_clothing_accessories_haul/
[403] https://www.reddit.com/r/kakobuy/
[403] https://www.reddit.com/r/kakobuy/
[403] https://www.reddit.com/r/kakobuy/
[403] https://www.reddit.com/r/kakobuy/
[0] https://kakobuy-cn.com/spreadsheet/accessories/carhartt-black-red-logo-socks-55de6a/
[403] https://www.reddit.com/r/kakobuy/
[403] https://www.reddit.com/r/kakobuy/
[0] https://kakobuy-cn.com/spreadsheet/t-shirts/burberry-tb-logo-black-t-shirt-c208a9/
[403] https://www.reddit.com/r/kakobuy/
[403] https://www.reddit.com/r/kakobuy/
[0] https://kakobuy-cn.com/spreadsheet/t-shirts/burberry-tb-logo-black-t-shirt-c208a9/
[403] https://www.reddit.com/r/kakobuy/
[403] https://www.reddit.com/r/kakobuy/
[0] https://kakobuy-cn.com/blog/kakobuy-weidian/
[403] https://www.reddit.com/r/kakobuy/
[403] https://www.reddit.com/r/kakobuy/
[403] https://www.reddit.com/r/kakobuy/
[0] https://kakobuy-cn.com/spreadsheet/accessories/carhartt-black-red-logo-socks-55de6a/
[403] https://www.reddit.com/r/kakobuy/
[403] https://www.reddit.com/r/kakobuy/
[0] https://kakobuy-cn.com/spreadsheet/pants/carhartt-detroit-black-cargo-pants-109971/
[403] https://www.reddit.com/r/kakobuy/
[403] https://www.reddit.com/r/kakobuy/
[403] https://www.reddit.com/r/kakobuy/
[403] https://www.reddit.com/r/kakobuy/
[403] https://www.reddit.com/r/kakobuy/
[403] https://www.reddit.com/r/kakobuy/
[0] https://kakobuy-cn.com/spreadsheet/electronics/chrome-hearts-cross-embossed-iphone-case-black-7409d4/
[403] https://www.reddit.com/r/kakobuy/
[403] https://www.reddit.com/r/kakobuy/
[403] https://www.reddit.com/r/kakobuy/
[403] https://www.reddit.com/r/kakobuy/
[403] https://www.reddit.com/r/kakobuy/
[403] https://www.reddit.com/r/kakobuy/
[403] https://www.reddit.com/r/kakobuy/
[0] https://kakobuy-cn.com/spreadsheet/bags/coach-tabby-c-buckle-leather-shoulder-bag-taupe-564dd1/
[403] https://www.reddit.com/r/kakobuy/
[403] https://www.reddit.com/r/kakobuy/
[403] https://www.reddit.com/r/kakobuy/
[0] https://kakobuy-cn.com/blog/kakobuy-weidian/
[403] https://www.reddit.com/r/kakobuy/
[0] https://kakobuy-cn.com/spreadsheet/hoodies/gucci-23-black-neon-graphic-sweatshirt-dd4f6d/
[403] https://www.reddit.com/r/kakobuy/
[403] https://www.reddit.com/r/kakobuy/
[0] https://kakobuy-cn.com/spreadsheet/headwear/ugg-black-pom-pom-beanie-hat-dac6b7/
[0] https://kakobuy-cn.com/spreadsheet/headwear/dior-classic-logo-monogram-baseball-cap-black-white-064b93/
[403] https://www.reddit.com/r/kakobuy/
[403] https://www.reddit.com/r/kakobuy/
[0] https://kakobuy-cn.com/spreadsheet/accessories/fendi-ff-logo-belt-in-brown-and-black-119267/
[403] https://www.reddit.com/r/kakobuy/
[403] https://www.reddit.com/r/kakobuy/
[403] https://www.reddit.com/r/kakobuy/
[403] https://www.reddit.com/r/kakobuy/
[403] https://www.reddit.com/r/kakobuy/
[403] https://www.reddit.com/r/kakobuy/
[403] https://www.reddit.com/r/kakobuy/
[403] https://www.reddit.com/r/kakobuy/
[403] https://www.reddit.com/r/kakobuy/
[403] https://www.reddit.com/r/kakobuy/
[403] https://www.reddit.com/r/kakobuy/
[403] https://www.reddit.com/r/kakobuy/
[0] https://kakobuy-cn.com/spreadsheet/bags/coach-tabby-c-buckle-leather-shoulder-bag-taupe-564dd1/
[403] https://www.reddit.com/r/kakobuy/
[0] https://kakobuy-cn.com/spreadsheet/accessories/fendi-ff-logo-belt-in-brown-and-black-119267/
[403] https://www.reddit.com/r/kakobuy/
[403] https://www.reddit.com/r/kakobuy/
[403] https://www.reddit.com/r/kakobuy/
[403] https://www.reddit.com/r/kakobuy/
[0] https://kakobuy-cn.com/spreadsheet/accessories/dior-classic-logo-white-phone-case-3b9cc2/
[0] https://kakobuy-cn.com/spreadsheet/accessories/givenchy-g-logo-navy-blue-belt-with-weave-texture-3d9b48/
[0] https://kakobuy-cn.com/spreadsheet/accessories/fendi-ff-logo-belt-in-brown-and-black-119267/
[403] https://www.reddit.com/r/kakobuy/
[403] https://www.reddit.com/r/kakobuy/
[403] https://www.reddit.com/r/kakobuy/
[0] https://kakobuy-cn.com/spreadsheet/electronics/chrome-hearts-cross-embossed-iphone-case-black-7409d4/
[403] https://www.reddit.com/r/kakobuy/
[0] https://kakobuy-cn.com/spreadsheet/bags/coach-tabby-c-buckle-leather-shoulder-bag-taupe-564dd1/
[403] https://www.reddit.com/r/kakobuy/
[200] https://maisonlooks.com/p/palm-angels-bear-grey-t-shirt-315a40
[200] https://maisonlooks.com/p/gucci-guilty-pour-homme-edt-eau-de-toilette-a5f911
[200] https://maisonlooks.com/p/dior-classic-flap-red-card-holder-002822
[200] https://www.dhl.com/discover/en-gb/ship-with-dhl/products-and-services/weight-and-dimensions

  [200] https://kakobuy-cn.com/
https://kakobuy-cn.com/
  [200] https://www.googletagmanager.com/gtag/js?id=G-ZMRNL5GG8M
  [200] https://kakobuy-cn.com/de/
  [200] https://cdn.maisonlooks.com/products/file-1775273397797-475904073.webp
  [200] https://cdn.maisonlooks.com/products/file-1775569650120-960424373.webp
  [200] https://cdn.maisonlooks.com/products/file-1775542979802-684363753.webp
  [200] https://cdn.maisonlooks.com/products/file-1775520182505-209990891.webp
  [200] https://cdn.maisonlooks.com/products/file-1775526775231-433582409.webp
  [200] https://cdn.maisonlooks.com/products/file-1775237273843-514051328.webp
  [200] https://nstatic.kakobuy.com/banner/202601/31/c1b9b68cffdf0ac8fa28c89a4275e042.png
  [200] https://cdn.maisonlooks.com/products/file-1775239339831-847515027.webp
  [200] https://cdn.maisonlooks.com/products/file-1775448342194-802593856.webp
  [200] https://nstatic.kakobuy.com/banner/202511/26/f1e20d4a20583bf784c3d5da930622e0.png
  [200] https://cdn.maisonlooks.com/products/file-1775564759965-941693472.webp
  [200] https://cdn.maisonlooks.com/products/file-1775303809983-378199523.webp
  [200] https://cdn.maisonlooks.com/products/file-1775518902575-832435517.webp
  [200] https://cdn.maisonlooks.com/products/file-1775460426946-43612296.webp
  [200] https://cdn.maisonlooks.com/products/file-1775474817576-964816004.webp
  [200] https://cdn.maisonlooks.com/products/file-1775234616591-361434245.webp
  [200] https://nstatic.kakobuy.com/banner/202602/01/8d1ab6034ac0f85d928ab89ce692e0ff.png
  [200] https://nstatic.kakobuy.com/banner/202601/31/99c2b8e469015bec3bb2d86d4bebcd38.png
  [200] https://kakobuy-cn.com/promotions/kakobuy-may-2026
  [200] https://cdn.maisonlooks.com/products/file-1775305639284-545895296.webp
  [200] https://cdn.maisonlooks.com/products/file-1775518573159-307007716.webp
  [200] https://cdn.maisonlooks.com/products/file-1775276161086-977845473.webp
  [200] https://nstatic.kakobuy.com/www/kakobuy.mp4
  [200] https://kakobuy-cn.com/about/
  [200] https://cdn.maisonlooks.com/products/file-1775520291454-328378513.webp
  [200] https://cdn.maisonlooks.com/products/file-1775302153209-195098715.webp
  [200] https://cdn.maisonlooks.com/products/file-1775460668509-604737736.webp
  [200] https://nstatic.kakobuy.com/banner/202601/31/7a04f4981637ffa8e5838455eabdaea4.png
  [200] https://cdn.maisonlooks.com/products/file-1775234106833-898131775.webp
  [200] https://cdn.maisonlooks.com/products/file-1775474937639-902465476.webp
  [200] https://nstatic.kakobuy.com/banner/202605/07/cfa82944c4fc548e5af1ea7ab59b4290.png
  [200] https://cdn.maisonlooks.com/products/file-1775379904159-995657032.webp
  [200] https://cdn.maisonlooks.com/products/file-1775571508982-140894690.webp
  [200] https://kakobuy-cn.com/kakobuy-brand/logo-header.png
  [200] https://kakobuy-cn.com/category/other/
  [200] https://cdn.maisonlooks.com/products/file-1775571249913-989971070.webp
  [200] https://kakobuy-cn.com/_astro/index.B77kx07h.css
  [200] https://kakobuy-cn.com/hero-banner-mobile.webp
  [200] https://kakobuy-cn.com/logo-512.png
  [200] https://kakobuy-cn.com/favicon.png
  [200] https://cdn.maisonlooks.com/products/file-1775553156886-780006826.webp
  [200] https://kakobuy-cn.com/blog/kakobuy-vs-joyabuy-vs-cnfans-2026-comparison/
  [200] https://kakobuy-cn.com/it/
  [200] https://kakobuy-cn.com/fonts/inter-latin-wght-normal.woff2
  [200] https://kakobuy-cn.com/pl/
  [200] https://kakobuy-cn.com/og-default.png
  [200] https://kakobuy-cn.com/reddit-snoo.png
  [200] https://kakobuy-cn.com/category-icons/cat-accessories.png
  [200] https://kakobuy-cn.com/category-icons/cat-t-shirts.png
  [200] https://kakobuy-cn.com/hero-banner.jpg
  [200] https://maisonlooks.com/en/c/accessories
  [200] https://kakobuy-cn.com/top-strip-banner.png
  [200] https://cdn.maisonlooks.com/products/file-1775230133754-744920362.webp
  [200] https://kakobuy-cn.com/category/pants/
  [200] https://maisonlooks.com/en/search?q=cap%20hat
  [200] https://maisonlooks.com/en/search?q=bag%20backpack
  [200] https://maisonlooks.com/en/search?q=jacket
  [200] https://kakobuy-cn.com/spreadsheet/
  [200] https://kakobuy-cn.com/category-icons/cat-shoes.png
  [200] https://kakobuy-cn.com/category-icons/cat-jackets.png
  [200] https://kakobuy-cn.com/news/
  [200] https://kakobuy-cn.com/buyer-shares/
  [200] https://kakobuy-cn.com/category-icons/cat-bags.png
  [200] https://maisonlooks.com/en/c/shoes
  [200] https://kakobuy-cn.com/category/bags/
  [200] https://kakobuy-cn.com/category/electronics/
  [200] https://kakobuy-cn.com/category/perfume/
  [200] https://kakobuy-cn.com/category-icons/cat-headwear.png
  [200] https://kakobuy-cn.com/category/headwear/
  [200] https://kakobuy-cn.com/category-icons/cat-other.png
  [200] https://cdn.maisonlooks.com/products/file-1775567379496-470651315.webp
  [200] https://kakobuy-cn.com/category-icons/cat-jersey.png
  [200] https://kakobuy-cn.com/category-icons/cat-perfume.png
  [200] https://kakobuy-cn.com/category/accessories/
  [200] https://cdn.maisonlooks.com/products/file-1775474182127-714560836.webp
  [200] https://kakobuy-cn.com/category/t-shirts/
  [200] https://maisonlooks.com/en/search?q=jersey
  [200] https://kakobuy-cn.com/blog/
  [200] https://kakobuy-cn.com/category/jackets/
  [200] https://discord.com/invite/9hrqg53zgs
  [200] https://kakobuy-cn.com/category/jersey/
  [200] https://cdn.maisonlooks.com/products/file-1775382409624-667751244.webp
  [200] https://cdn.maisonlooks.com/products/file-1775239264872-58310592.webp
  [200] https://kakobuy-cn.com/es/
  [200] https://maisonlooks.com/en/search?q=pants%20shorts
  [200] https://kakobuy-cn.com/blog/shipping-branded-vs-unbranded-spreadsheet-restrictions/
  [200] https://cdn.maisonlooks.com/products/file-1775564220768-658020385.webp
  [200] https://kakobuy-cn.com/category-icons/cat-hoodies.png
  [200] https://kakobuy-cn.com/_astro/index.BgkXmj24.css
  [200] https://kakobuy-cn.com/category/hoodies/
  [200] https://cdn.maisonlooks.com/products/file-1775465844973-371740094.webp
  [200] https://cdn.maisonlooks.com/products/file-1775554140873-518977058.webp
  [200] https://kakobuy-cn.com/blog/decoding-spreadsheet-batch-prices-discrepancies/
  [200] https://maisonlooks.com/en
  [200] https://cdn.maisonlooks.com/products/file-1775274996302-575953239.webp
  [200] https://maisonlooks.com/en/search?q=t-shirt
  [200] https://cdn.maisonlooks.com/products/file-1775459793332-993567057.webp
  [200] https://kakobuy-cn.com/category-icons/cat-pants.png
  [200] https://kakobuy-cn.com/category-icons/cat-electronics.png
  [200] https://kakobuy-cn.com/icons/reddit-snoo.png
  [200] https://kakobuy-cn.com/how-to-buy/
  [200] https://maisonlooks.com/en/c/electronics
  [200] https://maisonlooks.com/p/badfriend-jeans-dark-indigo-with-yellow-badfriend-logo-acecf9
  [200] https://maisonlooks.com/p/air-jordan-6-unc-white-sneakers-2e135c
  [200] https://maisonlooks.com/p/air-jordan-4-retro-metallic-silver-sneakers-3fc266
  [200] https://maisonlooks.com/p/stone-island-tank-shield-cargo-pants-in-beige-7fdfe8
  [200] https://maisonlooks.com/p/gallery-dept-car-print-t-shirt-in-cream-c59fcf
  [200] https://maisonlooks.com/p/off-white-x-nike-air-max-97-white-beige-sneakers-47d0ed
  [200] https://maisonlooks.com/p/a-bathing-ape-red-bape-head-polo-shirt-98ad9a
  [200] https://cdn.maisonlooks.com/products/file-1775527905338-258247352.webp
  [200] https://cdn.maisonlooks.com/products/file-1775224877563-599087633.webp
  [200] https://cdn.maisonlooks.com/products/file-1775459005520-461085870.webp
  [200] https://maisonlooks.com/p/clot-x-nike-air-force-1-white-red-track-pants-69cd31
  [200] https://kakobuy.com/
  [200] https://kakobuy-cn.com/category/shoes/
  [200] https://maisonlooks.com/p/polo-ralph-lauren-black-slim-fit-sweatpants-0a503b
  [200] https://maisonlooks.com/p/a-bathing-ape-shark-camo-shorts-acd8ea
  [200] https://maisonlooks.com/en/search?q=hoodie
  [200] https://kakobuy-cn.com/fr/
  [403] https://www.reddit.com/r/kakobuy/
  [200] https://maisonlooks.com/en/products
  [200] https://maisonlooks.com/p/gallery-dept-art-that-kills-cream-t-shirt-8e9b39
  [200] https://kakobuy-cn.com/blog/kakobuy-shipping-insurance-seizure-protection-guide/
  [200] https://maisonlooks.com/p/split-design-trap-t-shirt-in-21-black-grey-e8ed72
  [200] https://cdn.maisonlooks.com/products/file-1775567099548-911683193.webp
  [200] https://cdn.maisonlooks.com/products/file-1775465590579-143131045.webp
  [200] https://kakobuy-cn.com/pt/
  [200] https://cdn.maisonlooks.com/products/file-1775544247155-254578409.webp
  [200] https://cdn.maisonlooks.com/products/file-1775231527464-262382689.webp
  [200] https://maisonlooks.com/p/nike-air-zoom-pegasus-38-black-running-shoes-bfa7d0
  [200] https://maisonlooks.com/p/chrome-hearts-cross-logo-long-sleeve-t-shirt-in-white-b2b199
  [200] https://cdn.maisonlooks.com/products/file-1775554981564-47030963.webp
  [200] https://maisonlooks.com/p/air-jordan-13-retro-white-grey-red-sneakers-21b1d4
  [200] https://maisonlooks.com/en/c/beauty
  [200] https://cdn.maisonlooks.com/products/file-1775320796239-93148323.webp
  [200] https://maisonlooks.com/p/louis-vuitton-monogram-print-crewneck-sweatshirt-in-cream-a66513
  [200] https://kakobuy-cn.com/_astro/index.Ce5lAYH9.css
  [200] https://maisonlooks.com/p/moncler-white-mountain-logo-tank-top-fb7905
  [200] https://maisonlooks.com/p/a-bathing-ape-x-mcm-camo-print-black-t-shirt-8748bf
  [200] https://maisonlooks.com/p/gallery-dept-doc-johnson-black-t-shirt-d9f45e
  [200] https://maisonlooks.com/p/louis-vuitton-white-graphic-sweatshirt-7f2b5a
  [200] https://maisonlooks.com/p/louis-vuitton-cowboy-print-crewneck-sweatshirt-white-eaa1b7
  [200] https://maisonlooks.com/p/dolce-gabbana-dg-logo-knit-sweater-in-cream-0421c9
  [200] https://kakobuy-cn.com/blog/spotting-red-flag-sellers-community-spreadsheets/
  [200] https://maisonlooks.com/p/stone-island-white-t-shirt-with-blue-compass-logo-7c417c
  [200] https://maisonlooks.com/p/stussy-pink-box-logo-sweater-fd5751
  [200] https://cdn.maisonlooks.com/products/file-1775463775052-588133597.webp
  [200] https://maisonlooks.com/p/fear-of-god-essentials-light-blue-sweatpants-2f467e
  [200] https://maisonlooks.com/p/louis-vuitton-monogram-print-crewneck-sweatshirt-8642f6
  [200] https://maisonlooks.com/p/essentials-carpenter-jeans-in-deep-blue-c44a33
  [200] https://maisonlooks.com/p/stussy-x-nike-black-shorts-with-white-logo-ada6df
  [200] https://maisonlooks.com/p/balmain-light-blue-skinny-jeans-with-zipper-details-729cc5
  [200] https://maisonlooks.com/p/dior-cd-sneakers-in-dusty-blue-36df46
  [200] https://maisonlooks.com/p/dior-cd-sneakers-in-black-grey-627943
  [200] https://maisonlooks.com/p/gallery-dept-blue-paint-splatter-sweatpants-2ac49b
  [200] https://maisonlooks.com/p/gucci-gg-monogram-green-sweater-194123
  [200] https://maisonlooks.com/p/vans-sk8-hi-navy-vn-0d5invy-sneakers-99f8a7
  [200] https://maisonlooks.com/p/fendi-low-top-sneakers-in-beige-green-and-brown-bc8be1
  [200] https://maisonlooks.com/p/fendi-denim-low-top-sneakers-in-blue-and-white-8bbe5c
  [200] https://maisonlooks.com/p/nike-p-6000-sneakers-in-white-burgundy-red-8d0c2c
  [200] https://maisonlooks.com/p/amiri-rainbow-drip-graphic-t-shirt-in-purple-280ea8
  [200] https://cdn.maisonlooks.com/products/file-1775302314114-76828366.webp
  [200] https://wa.me/447594927259
  [200] https://maisonlooks.com/p/levi-s-vintage-501-wide-leg-jeans-b8c43b
  [200] https://maisonlooks.com/p/mizuno-wave-rider-26-sneakers-in-teal-and-silver-c253e8
  [200] https://maisonlooks.com/p/new-balance-550-sneakers-in-grey-blue-colorway-a34236
  [200] https://maisonlooks.com/p/golden-goose-black-ball-star-sneakers-with-white-star-detail-508ad2
  [200] https://maisonlooks.com/p/a-bathing-ape-camo-polo-shirt-8424c9
  [200] https://maisonlooks.com/p/nike-air-max-vision-sneakers-white-pure-violet-da3199-100-7b6428
  [200] https://maisonlooks.com/p/celine-cross-embroidered-light-blue-jeans-471210
  [200] https://cdn.maisonlooks.com/products/file-1775547529415-724533345.webp
  [200] https://maisonlooks.com/p/balenciaga-hand-painted-jeans-e64ce2
  [200] https://maisonlooks.com/p/rhude-black-track-pants-with-white-side-stripes-16420d
  [200] https://maisonlooks.com/p/vetements-orange-oversized-hoodie-bcdc05
https://kakobuy-cn.com/de/
  [200] https://kakobuy-cn.com/de/blog/
  [200] https://kakobuy-cn.com/de/category/other/
  [200] https://kakobuy-cn.com/de/category/jackets/
  [200] https://kakobuy-cn.com/de/category/pants/
  [200] https://kakobuy-cn.com/de/category/accessories/
  [200] https://kakobuy-cn.com/de/news/
  [200] https://kakobuy-cn.com/de/category/shoes/
  [200] https://kakobuy-cn.com/de/category/t-shirts/
  [200] https://kakobuy-cn.com/de/category/jersey/
  [200] https://kakobuy-cn.com/de/buyer-shares/
  [200] https://kakobuy-cn.com/de/category/electronics/
  [200] https://kakobuy-cn.com/de/category/hoodies/
  [200] https://kakobuy-cn.com/de/category/perfume/
  [200] https://kakobuy-cn.com/de/spreadsheet/
  [200] https://kakobuy-cn.com/de/how-to-buy/
  [200] https://kakobuy-cn.com/de/category/bags/
  [200] https://kakobuy-cn.com/de/category/headwear/
  [200] https://kakobuy-cn.com/de/about/
  [403] https://www.reddit.com/r/kakobuy/
https://kakobuy-cn.com/promotions/kakobuy-may-2026
  [200] https://kakobuy-cn.com/promotions/kakobuy-may-2026/
  [200] https://www.kakobuy.com/tipdetail?id=48
  [200] https://kakobuy.com/center/inviteFission
  [403] https://www.reddit.com/r/kakobuy/
https://kakobuy-cn.com/category/other/
  [200] https://kakobuy-cn.com/pt/category/other/
  [200] https://cdn.maisonlooks.com/products/file-1778630904164-836225907.webp
  [200] https://cdn.maisonlooks.com/products/file-1778502375675-165532100.webp
  [200] https://kakobuy-cn.com/spreadsheet/other/emporio-armani-black-grey-2-pack-underwear-8ab499/
  [200] https://cdn.maisonlooks.com/products/file-1778634766304-538045771.webp
  [200] https://cdn.maisonlooks.com/products/file-1778678784104-950566879.webp
  [200] https://kakobuy-cn.com/fr/category/other/
  [200] https://kakobuy-cn.com/it/category/other/
  [200] https://kakobuy-cn.com/spreadsheet/other/emporio-armani-black-blue-2-pack-underwear-06d9a2/
  [200] https://kakobuy-cn.com/spreadsheet/other/calvin-klein-dd-009-underwear-set-24d147/
  [200] https://cdn.maisonlooks.com/products/file-1778630896160-494044925.webp
  [200] https://cdn.maisonlooks.com/products/file-1778643844569-951932786.webp
  [200] https://cdn.maisonlooks.com/products/file-1778684284964-168797679.webp
  [200] https://cdn.maisonlooks.com/products/file-1778635471431-920020107.webp
  [200] https://cdn.maisonlooks.com/products/file-1778643851539-849634650.webp
  [200] https://cdn.maisonlooks.com/products/file-1778682447762-642087241.webp
  [200] https://cdn.maisonlooks.com/products/file-1778630895743-336923095.webp
  [200] https://cdn.maisonlooks.com/products/file-1778653910896-947799158.webp
  [200] https://cdn.maisonlooks.com/products/file-1775531069744-5511990.webp
  [200] https://kakobuy-cn.com/spreadsheet/other/psd-spongebob-squarepants-boxer-briefs-1fb68e/
  [200] https://kakobuy-cn.com/spreadsheet/other/supreme-underwear-set-black-white-red-grey-blue-1e5216/
  [200] https://kakobuy-cn.com/spreadsheet/other/dior-cd-boxer-briefs-set-blue-grey-red-4aa79b/
  [200] https://kakobuy-cn.com/spreadsheet/other/psd-space-themed-boxer-briefs-27a37e/
  [200] https://kakobuy-cn.com/spreadsheet/other/under-armour-boxer-briefs-4-pack-black-white-grey-red-be3977/
  [200] https://kakobuy-cn.com/spreadsheet/other/tommy-hilfiger-classic-logo-underwear-set-black-red-navy-99de03/
  [200] https://kakobuy-cn.com/spreadsheet/other/lacoste-white-underwear-with-green-waistband-4427c7/
  [200] https://kakobuy-cn.com/spreadsheet/other/psd-comic-print-boxer-briefs-men-s-underwear-4d134c/
  [200] https://kakobuy-cn.com/spreadsheet/other/psd-stay-loud-boxer-briefs-underwear-a1bfa6/
  [200] https://kakobuy-cn.com/spreadsheet/other/dior-classic-logo-boxer-briefs-3-pack-d0dc77/
  [200] https://kakobuy-cn.com/spreadsheet/other/tommy-hilfiger-black-white-navy-underwear-set-503ce3/
  [200] https://cdn.maisonlooks.com/products/file-1778630897589-506793417.webp
  [200] https://cdn.maisonlooks.com/products/file-1778653911092-592497198.webp
  [200] https://kakobuy-cn.com/spreadsheet/other/kenzo-tiger-boxer-briefs-black-white-grey-284b69/
  [200] https://kakobuy-cn.com/spreadsheet/other/calvin-klein-3-pack-underwear-trunks-1a796b/
  [200] https://kakobuy-cn.com/spreadsheet/other/psd-christmas-vacation-boxer-shorts-111243/
  [200] https://cdn.maisonlooks.com/products/file-1778668442319-355319477.webp
  [200] https://kakobuy-cn.com/es/category/other/
  [200] https://kakobuy-cn.com/spreadsheet/other/chanel-cd-boxer-briefs-solid-color-underwear-efef3c/
  [200] https://cdn.maisonlooks.com/products/file-1778678794093-586681794.webp
  [200] https://kakobuy-cn.com/pl/category/other/
  [200] https://cdn.maisonlooks.com/products/file-1775235798402-750501865.webp
  [200] https://kakobuy-cn.com/spreadsheet/other/calvin-klein-cc-grey-new-3-boxers-235dc4/
  [200] https://cdn.maisonlooks.com/products/file-1778682447974-13365553.webp
  [200] https://cdn.maisonlooks.com/products/file-1778654821431-235638349.webp
  [200] https://cdn.maisonlooks.com/products/file-1778684275761-585558960.webp
  [200] https://cdn.maisonlooks.com/products/file-1778634767744-696809364.webp
  [200] https://kakobuy-cn.com/spreadsheet/other/supreme-sup-3-underwear-boxer-briefs-0d4e11/
  [200] https://kakobuy-cn.com/spreadsheet/other/supreme-grey-box-logo-underwear-3cfeb5/
  [200] https://cdn.maisonlooks.com/products/file-1775447331770-802343023.webp
  [200] https://kakobuy-cn.com/spreadsheet/other/victoria-s-secret-red-lace-bikini-set-30097b/
  [200] https://kakobuy-cn.com/spreadsheet/other/lacoste-gray-underwear-75ef12/
  [200] https://kakobuy-cn.com/spreadsheet/other/playboy-butterfly-print-boxer-shorts-2d5908/
  [200] https://cdn.maisonlooks.com/products/file-1778502358697-96486771.webp
  [200] https://cdn.maisonlooks.com/products/file-1778653903159-927962867.webp
  [200] https://cdn.maisonlooks.com/products/file-1778502385712-917796587.webp
  [200] https://kakobuy-cn.com/spreadsheet/other/lacoste-underwear-blue-boxer-briefs-d57b60/
  [200] https://kakobuy-cn.com/spreadsheet/other/dior-classic-logo-boxer-briefs-blue-44fce9/
  [200] https://kakobuy-cn.com/spreadsheet/other/louis-vuitton-tie-dye-monogram-bikini-set-08f589/
  [200] https://cdn.maisonlooks.com/products/file-1775458022232-935821142.webp
  [200] https://cdn.maisonlooks.com/products/file-1778653903493-968048535.webp
  [200] https://cdn.maisonlooks.com/products/file-1778643849592-260155259.webp
  [200] https://cdn.maisonlooks.com/products/file-1778634765943-654222532.webp
  [200] https://kakobuy-cn.com/spreadsheet/other/louis-vuitton-monogram-print-bikini-set-5f3ccc/
  [200] https://kakobuy-cn.com/spreadsheet/other/armani-underwear-3-pack-in-black-grey-purple-a46946/
  [200] https://kakobuy-cn.com/spreadsheet/other/louis-vuitton-monogram-triangle-bikini-set-25e0db/
  [403] https://www.reddit.com/r/kakobuy/
  [200] https://maisonlooks.com/c/clothing
https://kakobuy-cn.com/de/blog/
  [200] https://kakobuy-cn.com/pt/blog/
  [200] https://kakobuy-cn.com/es/blog/
  [200] https://kakobuy-cn.com/de/blog/page/2/
  [200] https://kakobuy-cn.com/pl/blog/
  [200] https://kakobuy-cn.com/blog/kakobuy-app-vs-web-2026-comparison/
  [200] https://kakobuy-cn.com/blog/group-haul-consolidation-freight-savings/
  [200] https://kakobuy-cn.com/fr/blog/
  [200] https://kakobuy-cn.com/blog/annual-reps-shopping-calendar-2026/
  [200] https://kakobuy-cn.com/it/blog/
  [200] https://kakobuy-cn.com/blog/browser-extensions-link-rot-prevention/
  [200] https://kakobuy-cn.com/blog/kakobuy-4k-qc-video-inspection-guide/
  [403] https://www.reddit.com/r/kakobuy/
https://kakobuy-cn.com/about/
  [200] https://kakobuy-cn.com/pt/about/
  [200] https://kakobuy-cn.com/it/about/
  [200] https://kakobuy-cn.com/pl/about/
  [200] https://kakobuy-cn.com/es/about/
  [200] https://kakobuy-cn.com/fr/about/
  [403] https://www.reddit.com/r/kakobuy/
https://kakobuy-cn.com/news/
  [200] https://kakobuy-cn.com/pl/news/
  [200] https://kakobuy-cn.com/es/news/
  [200] https://kakobuy-cn.com/pt/news/
  [200] https://kakobuy-cn.com/fr/news/
  [200] https://kakobuy-cn.com/_astro/index.XypLFpNB.css
  [200] https://kakobuy-cn.com/it/news/
  [200] https://maisonlooks.com/en/guide
  [403] https://www.reddit.com/r/kakobuy/
https://kakobuy-cn.com/pl/
  [200] https://kakobuy-cn.com/pl/buyer-shares/
  [200] https://kakobuy-cn.com/pl/how-to-buy/
  [200] https://kakobuy-cn.com/pl/category/electronics/
  [200] https://kakobuy-cn.com/pl/category/jersey/
  [200] https://kakobuy-cn.com/pl/category/headwear/
  [200] https://kakobuy-cn.com/pl/category/jackets/
  [200] https://kakobuy-cn.com/pl/category/hoodies/
  [200] https://kakobuy-cn.com/pl/category/perfume/
  [200] https://kakobuy-cn.com/pl/category/accessories/
  [200] https://kakobuy-cn.com/pl/category/t-shirts/
  [200] https://kakobuy-cn.com/pl/category/shoes/
  [403] https://www.reddit.com/r/kakobuy/
https://kakobuy-cn.com/category/perfume/
  [200] https://kakobuy-cn.com/fr/category/perfume/
  [200] https://kakobuy-cn.com/spreadsheet/perfume/giorgio-armani-acqua-di-gi-4-piece-30ml-set-fb6605/
  [200] https://kakobuy-cn.com/spreadsheet/perfume/burberry-brit-for-him-edt-perfume-74859b/
  [200] https://kakobuy-cn.com/es/category/perfume/
  [200] https://kakobuy-cn.com/pt/category/perfume/
  [200] https://cdn.maisonlooks.com/products/file-1778642653146-795136583.webp
  [200] https://cdn.maisonlooks.com/products/file-1778676063414-824610396.webp
  [200] https://cdn.maisonlooks.com/products/file-1778676043288-575810966.webp
  [200] https://cdn.maisonlooks.com/products/file-1778676036915-304073440.webp
  [200] https://kakobuy-cn.com/spreadsheet/perfume/montblanc-explorer-100ml-eau-de-parfum-89ee30/
  [200] https://kakobuy-cn.com/spreadsheet/perfume/maison-mihara-yasuhiro-l-eau-majeure-d-issey-edt-perfume-762da2/
  [200] https://kakobuy-cn.com/spreadsheet/perfume/tom-ford-rose-d-amalfi-italian-rose-100ml-perfume-8db977/
  [200] https://kakobuy-cn.com/spreadsheet/perfume/giorgio-armani-acqua-di-gi-parfum-125ml-88a2ca/
  [200] https://kakobuy-cn.com/spreadsheet/perfume/maison-mihara-yasuhiro-l-eau-d-issey-pour-homme-edt-perfume-fef32a/
  [200] https://kakobuy-cn.com/spreadsheet/perfume/bvlgari-blv-pour-homme-edt-eau-de-toilette-5911b4/
  [200] https://kakobuy-cn.com/spreadsheet/perfume/chanel-bleu-de-chanel-pour-homme-100ml-eau-de-toilette-e008df/
  [200] https://cdn.maisonlooks.com/products/file-1778630454578-213639173.webp
  [200] https://cdn.maisonlooks.com/products/file-1778630458116-774076052.webp
  [200] https://kakobuy-cn.com/spreadsheet/perfume/hawas-for-him-edp-perfume-36cdc7/
  [200] https://cdn.maisonlooks.com/products/file-1778676034107-357278467.webp
  [200] https://kakobuy-cn.com/spreadsheet/perfume/montblanc-explorer-platinum-100ml-eau-de-parfum-2d07fc/
  [200] https://cdn.maisonlooks.com/products/file-1778630452693-831685594.webp
  [200] https://cdn.maisonlooks.com/products/file-1778642652007-635663872.webp
  [200] https://kakobuy-cn.com/spreadsheet/perfume/paco-rabanne-phantom-intense-blue-men-s-fragrance-100ml-9ebf00/
  [200] https://cdn.maisonlooks.com/products/file-1778630449272-73760731.webp
  [200] https://kakobuy-cn.com/spreadsheet/perfume/valentino-rockstud-uomo-edt-100ml-e3b574/
  [200] https://cdn.maisonlooks.com/products/file-1778676033441-843337243.webp
  [200] https://kakobuy-cn.com/spreadsheet/perfume/gucci-guilty-edt-eau-de-toilette-perfume-c40838/
  [200] https://cdn.maisonlooks.com/products/file-1778630448463-344646088.webp
  [200] https://kakobuy-cn.com/spreadsheet/perfume/jean-paul-gaultier-ultra-male-edt-black-fragrance-f42482/
  [200] https://cdn.maisonlooks.com/products/file-1778676035840-172216469.webp
  [0] https://kakobuy-cn.com/spreadsheet/perfume/maison-francis-kurkdjian-baccarat-rouge-540-70ml-perfume-f57235/
  [200] https://cdn.maisonlooks.com/products/file-1778676052341-233013409.webp
  [200] https://kakobuy-cn.com/spreadsheet/perfume/bvlgari-pour-homme-soir-night-edt-perfume-127da2/
  [200] https://cdn.maisonlooks.com/products/file-1778676052309-219865326.webp
  [200] https://kakobuy-cn.com/spreadsheet/perfume/creed-aventus-100ml-black-eau-de-parfum-0e7860/
  [200] https://cdn.maisonlooks.com/products/file-1778676037637-420116559.webp
  [200] https://kakobuy-cn.com/spreadsheet/perfume/burberry-hero-eau-de-parfum-d1ed22/
  [200] https://cdn.maisonlooks.com/products/file-1778676051718-900051078.webp
  [200] https://cdn.maisonlooks.com/products/file-1778676040431-426929682.webp
  [200] https://cdn.maisonlooks.com/products/file-1778642650419-588890233.webp
  [200] https://kakobuy-cn.com/spreadsheet/perfume/versace-medusa-edt-137e62/
  [200] https://cdn.maisonlooks.com/products/file-1778680040341-252104958.webp
  [200] https://cdn.maisonlooks.com/products/file-1778676031877-780181441.webp
  [200] https://cdn.maisonlooks.com/products/file-1778676045444-92663990.webp
  [200] https://cdn.maisonlooks.com/products/file-1778676053972-744409682.webp
  [200] https://kakobuy-cn.com/spreadsheet/perfume/dior-homme-intense-100ml-perfume-587eba/
  [200] https://kakobuy-cn.com/spreadsheet/perfume/maison-margiela-replica-jazz-club-edt-eau-de-toilette-e516a6/
  [200] https://cdn.maisonlooks.com/products/file-1778630464975-655648290.webp
  [200] https://kakobuy-cn.com/spreadsheet/perfume/christian-louboutin-english-leather-perfume-7ba341/
  [200] https://cdn.maisonlooks.com/products/file-1778676048982-687890949.webp
  [200] https://cdn.maisonlooks.com/products/file-1778630460637-946063251.webp
  [200] https://kakobuy-cn.com/spreadsheet/perfume/saint-laurent-l-homme-edp-orange-perfume-5d9e98/
  [200] https://cdn.maisonlooks.com/products/file-1778630450948-824426045.webp
  [200] https://kakobuy-cn.com/spreadsheet/perfume/dior-sauvage-elixir-wood-box-collection-100ml-perfume-3a6b3c/
  [200] https://cdn.maisonlooks.com/products/file-1778676043727-109050185.webp
  [200] https://kakobuy-cn.com/spreadsheet/perfume/chanel-bleu-de-chanel-pour-homme-black-gold-perfume-8a6802/
  [200] https://kakobuy-cn.com/spreadsheet/perfume/jean-paul-gaultier-le-beau-fragrance-trio-set-fd1773/
  [200] https://cdn.maisonlooks.com/products/file-1778676060713-117644275.webp
  [200] https://cdn.maisonlooks.com/products/file-1778676068108-637160049.webp
  [200] https://kakobuy-cn.com/spreadsheet/perfume/maison-margiela-replica-sailing-day-edt-fragrance-c08b8b/
  [200] https://maisonlooks.com/c/perfume
  [403] https://www.reddit.com/r/kakobuy/
  [200] https://kakobuy-cn.com/spreadsheet/perfume/gucci-guilty-pour-homme-edt-eau-de-toilette-a5f911/
https://kakobuy-cn.com/category/bags/
  [200] https://kakobuy-cn.com/pt/category/bags/
  [200] https://cdn.maisonlooks.com/products/file-1778684564578-379546674.webp
  [200] https://cdn.maisonlooks.com/products/file-1778684811375-651365421.webp
  [200] https://kakobuy-cn.com/it/category/bags/
  [200] https://kakobuy-cn.com/pl/category/bags/
  [200] https://cdn.maisonlooks.com/products/file-1778684555296-564807175.webp
  [200] https://kakobuy-cn.com/spreadsheet/bags/coach-signature-mini-tote-bag-brown-53f572/
  [200] https://kakobuy-cn.com/spreadsheet/bags/goyard-saint-louis-1c8f79/
  [200] https://cdn.maisonlooks.com/products/file-1778684811231-819029972.webp
  [200] https://kakobuy-cn.com/spreadsheet/bags/louis-vuitton-damier-ebene-wallet-774b22/
  [200] https://kakobuy-cn.com/spreadsheet/bags/goyard-saint-louis-pink-mini-tote-bag-with-coin-purse-4f63e9/
  [200] https://kakobuy-cn.com/fr/category/bags/
  [200] https://kakobuy-cn.com/es/category/bags/
  [200] https://cdn.maisonlooks.com/products/file-1778684549745-94535432.webp
  [200] https://cdn.maisonlooks.com/products/file-1778683314791-768318894.webp
  [200] https://cdn.maisonlooks.com/products/file-1778683934064-978853800.webp
  [0] https://kakobuy-cn.com/spreadsheet/bags/coach-tabby-c-buckle-leather-shoulder-bag-taupe-564dd1/
  [200] https://cdn.maisonlooks.com/products/file-1775937026192-436393736.webp
  [200] https://kakobuy-cn.com/spreadsheet/bags/louis-vuitton-supreme-x-louis-vuitton-epi-leather-wallet-black-a8bff7/
  [200] https://kakobuy-cn.com/spreadsheet/bags/dior-classic-flap-red-card-holder-002822/
  [200] https://kakobuy-cn.com/spreadsheet/bags/coach-tabby-c-logo-black-patent-leather-shoulder-bag-9c2f5d/
  [200] https://cdn.maisonlooks.com/products/file-1775234234876-429861251.webp
  [200] https://cdn.maisonlooks.com/products/file-1778684562181-879533737.webp
  [200] https://kakobuy-cn.com/spreadsheet/bags/gucci-green-patterned-gift-box-5c2c4e/
  [200] https://kakobuy-cn.com/spreadsheet/bags/louis-vuitton-neverfull-monogram-crossbody-bag-ba85e3/
  [200] https://cdn.maisonlooks.com/products/file-1778683926393-329876767.webp
  [200] https://cdn.maisonlooks.com/products/file-1775937025329-699529964.webp
  [200] https://maisonlooks.com/c/bags-backpacks
  [200] https://cdn.maisonlooks.com/products/file-1775937026800-686702786.webp
  [200] https://kakobuy-cn.com/spreadsheet/bags/dior-dior-book-tote-card-holder-beige-7707a4/
  [200] https://kakobuy-cn.com/spreadsheet/bags/goyard-saint-louis-black-brown-tote-bag-aae5bb/
  [200] https://kakobuy-cn.com/spreadsheet/bags/dior-classic-flap-cardholder-navy-blue-de401b/
  [403] https://www.reddit.com/r/kakobuy/
  [200] https://cdn.maisonlooks.com/products/file-1778683928818-331314075.webp
https://kakobuy-cn.com/category/accessories/
  [200] https://kakobuy-cn.com/es/category/accessories/
  [200] https://kakobuy-cn.com/fr/category/accessories/
  [200] https://kakobuy-cn.com/pt/category/accessories/
  [200] https://cdn.maisonlooks.com/products/file-1775236708318-292158623.webp
  [200] https://cdn.maisonlooks.com/products/file-1775958345334-974490409.webp
  [200] https://cdn.maisonlooks.com/products/file-1775277127339-597944204.webp
  [200] https://kakobuy-cn.com/spreadsheet/accessories/jordan-brand-phone-case-with-michael-jordan-design-465523/
  [200] https://kakobuy-cn.com/spreadsheet/accessories/carhartt-wip-blue-moon-socks-in-ink-blue-9adf12/
  [200] https://cdn.maisonlooks.com/products/file-1775464123292-214692505.webp
  [200] https://cdn.maisonlooks.com/products/file-1775547866933-694926206.webp
  [200] https://cdn.maisonlooks.com/products/file-1775571906692-853632135.webp
  [200] https://cdn.maisonlooks.com/products/file-1778654512966-791135133.webp
  [200] https://cdn.maisonlooks.com/products/file-1775545281629-763924045.webp
  [200] https://kakobuy-cn.com/spreadsheet/accessories/chanel-classic-flap-gold-iphone-case-e713e0/
  [200] https://cdn.maisonlooks.com/products/file-1775523200661-711647271.webp
  [200] https://cdn.maisonlooks.com/products/file-1775572065179-180906831.webp
  [200] https://kakobuy-cn.com/spreadsheet/accessories/balenciaga-logo-print-scarf-black-white-12d871/
  [200] https://cdn.maisonlooks.com/products/file-1775553229025-905659325.webp
  [200] https://kakobuy-cn.com/spreadsheet/accessories/cartier-soleil-blanc-cartier8-gradient-sunglasses-12dd06/
  [200] https://cdn.maisonlooks.com/products/file-1775543151083-128737134.webp
  [200] https://cdn.maisonlooks.com/products/file-1775936453139-47012349.webp
  [200] https://cdn.maisonlooks.com/products/file-1775227770654-968303852.webp
  [200] https://cdn.maisonlooks.com/products/file-1778592367389-337822303.webp
  [200] https://cdn.maisonlooks.com/products/file-1775524619383-82323025.webp
  [200] https://cdn.maisonlooks.com/products/file-1775549804387-917514365.webp
  [200] https://kakobuy-cn.com/spreadsheet/accessories/essentials-by-fear-of-god-cream-white-socks-90b942/
  [200] https://cdn.maisonlooks.com/products/file-1775466902988-409683048.webp
  [200] https://kakobuy-cn.com/spreadsheet/accessories/black-leather-belt-with-ornate-silver-buckle-and-rivet-details-665571/
  [200] https://kakobuy-cn.com/spreadsheet/accessories/burberry-classic-check-belt-with-tb-buckle-904655/
  [0] https://kakobuy-cn.com/spreadsheet/accessories/dior-classic-logo-white-phone-case-3b9cc2/
  [0] https://kakobuy-cn.com/spreadsheet/accessories/fendi-ff-logo-belt-in-brown-and-black-119267/
  [0] https://kakobuy-cn.com/spreadsheet/accessories/givenchy-g-logo-navy-blue-belt-with-weave-texture-3d9b48/
  [0] https://kakobuy-cn.com/spreadsheet/accessories/goyard-monogram-iphone-case-navy-blue-c0867a/
  [200] https://cdn.maisonlooks.com/products/file-1778684850868-691056406.webp
  [200] https://cdn.maisonlooks.com/products/file-1778682973160-683276289.webp
  [200] https://kakobuy-cn.com/spreadsheet/accessories/kaws-ornament-black-figure-statue-4226c9/
  [200] https://cdn.maisonlooks.com/products/file-1775272785838-411894056.webp
  [200] https://kakobuy-cn.com/spreadsheet/accessories/karl-lagerfeld-red-cat-print-umbrella-85f972/
  [200] https://kakobuy-cn.com/spreadsheet/accessories/diesel-belt-with-logo-buckle-c27ecf/
  [200] https://cdn.maisonlooks.com/products/file-1778651958962-944998748.webp
  [200] https://kakobuy-cn.com/spreadsheet/accessories/herm-s-t-series-black-gold-buckle-belt-a0edbd/
  [200] https://cdn.maisonlooks.com/products/file-1775564520711-674345408.webp
  [200] https://cdn.maisonlooks.com/products/file-1775571476186-895351317.webp
  [200] https://kakobuy-cn.com/spreadsheet/accessories/c-p-company-patta-white-phone-case-3f23dc/
  [200] https://kakobuy-cn.com/spreadsheet/accessories/gucci-gg-supreme-canvas-belt-in-navy-blue-e6c209/
  [200] https://cdn.maisonlooks.com/products/file-1775456860477-869997310.webp
  [200] https://kakobuy-cn.com/spreadsheet/accessories/amiri-white-leather-belt-with-black-logo-buckle-7d49d4/
  [200] https://kakobuy-cn.com/spreadsheet/accessories/ami-alexandre-mattiussi-grey-socks-with-red-heart-logo-8e538d/
  [200] https://cdn.maisonlooks.com/products/file-1775936459569-540798032.webp
  [200] https://kakobuy-cn.com/spreadsheet/accessories/celine-classic-flap-gold-eyewear-0b4457/
  [200] https://cdn.maisonlooks.com/products/file-1778643103599-502799409.webp
  [200] https://kakobuy-cn.com/spreadsheet/accessories/ami-paris-grey-socks-with-red-heart-logo-5b7d46/
  [200] https://kakobuy-cn.com/spreadsheet/accessories/champion-reverse-weave-black-yellow-socks-f93f51/
  [200] https://kakobuy-cn.com/spreadsheet/accessories/audi-logo-umbrella-black-with-white-emblem-79cbef/
  [200] https://kakobuy-cn.com/spreadsheet/accessories/essentials-by-fear-of-god-fg-logo-socks-fog-3-554ef4/
  [200] https://cdn.maisonlooks.com/products/file-1775220461536-536006644.webp
  [200] https://kakobuy-cn.com/spreadsheet/accessories/bmw-logo-black-umbrella-98236f/
  [200] https://cdn.maisonlooks.com/products/file-1778597535708-532173886.webp
  [200] https://kakobuy-cn.com/spreadsheet/accessories/apple-magsafe-wallet-black-10000mh-case-2e3dfe/
  [200] https://cdn.maisonlooks.com/products/file-1778643115410-853332113.webp
  [0] https://kakobuy-cn.com/spreadsheet/accessories/carhartt-black-red-logo-socks-55de6a/
  [0] https://kakobuy-cn.com/spreadsheet/accessories/christian-louboutin-embroidered-tassel-bookmark-in-white-and-black-8bc334/
  [403] https://www.reddit.com/r/kakobuy/
  [200] https://maisonlooks.com/c/accessories
https://kakobuy-cn.com/buyer-shares/
  [200] https://kakobuy-cn.com/es/buyer-shares/
  [200] https://kakobuy-cn.com/pt/buyer-shares/
  [200] https://kakobuy-cn.com/fr/buyer-shares/
  [200] https://kakobuy-cn.com/_astro/index.BBPXVeez.css
  [403] https://www.reddit.com/r/kakobuy/comments/1tbtw0r/everyday_streetwear_haul_hoodies_graphic_tees/
  [403] https://www.reddit.com/r/kakobuy/comments/1t69y1l/clean_spring_haul_polo_rl_st%C3%BCssy_waffle_knit_and/
  [200] https://kakobuy-cn.com/images/reddit-buyer-shares/kakobuy-spreadsheet-desk-hero-2026.png
  [403] https://www.reddit.com/r/kakobuy/comments/1t6jswc/massive_haul_just_landed_purple_jeans_lv_olympia/
  [403] https://www.reddit.com/r/kakobuy/comments/1t8vugn/haul_reviewed_8kg/
  [403] https://www.reddit.com/r/RepHeads/comments/1tbwdby/giveaway_event_win_a_pair_of_aj1_offwhite_chicagos/
  [403] https://preview.redd.it/review-17-piece-summer-clothing-accessories-haul-via-oopbuy-v0-7lox115scgyg1.jpg?width=1080&crop=smart&auto=webp&s=7d5adfcd36c0b9af1cdc57f2eb32e847e6012eb7
  [403] https://www.reddit.com/r/1to1reps/comments/1t90txc/the_best_kakobuy_spreadsheet_resource_hub_2026/
  [403] https://preview.redd.it/haul-reviewed-8kg-v0-hgd8yyk3e80h1.jpg?width=1080&crop=smart&auto=webp&s=887e0de429a39a9f73f4a26949656f078852f838
  [403] https://www.reddit.com/r/FashionReps/comments/1t0ivsn/review_17piece_summer_clothing_accessories_haul/
  [403] https://preview.redd.it/giveaway-event-win-a-pair-of-aj1-off-white-chicagos-v0-rv1fslp00w0h1.jpeg?width=1080&crop=smart&auto=webp&s=b597abe3df53fe74382c3b4937290b645d54c364
  [403] https://preview.redd.it/everyday-streetwear-haul-hoodies-graphic-tees-denim-luxury-v0-vq7db9a6cv0h1.png?width=640&crop=smart&auto=webp&s=390dc0018ee223b98621101880028bba4bc12535
  [403] https://preview.redd.it/massive-haul-just-landed-purple-jeans-lv-olympia-chanel-v0-xvadwufghrzg1.jpg?width=1080&crop=smart&auto=webp&s=3719e1ca5bdcfd87e1f229b30ed81f4b7761d1f0
  [403] https://www.reddit.com/r/kakobuy/comments/1t6hlaq/lately_picked_up_things_that_finally_feel_like_me/
  [403] https://www.reddit.com/r/kakobuy/
  [403] https://preview.redd.it/clean-spring-haul-polo-rl-st%C3%BCssy-waffle-knit-and-some-stone-v0-u5a6kv2prpzg1.jpg?width=640&crop=smart&auto=webp&s=a03591c19b1527f3955577d59f18b388c2c96d40
  [403] https://preview.redd.it/lately-picked-up-things-that-finally-feel-like-me-v0-xnhu8e7f4rzg1.png?width=1080&crop=smart&auto=webp&s=3c412d874cad38de68b29334f3e01013d06ac4e9
https://kakobuy-cn.com/category/t-shirts/
  [200] https://kakobuy-cn.com/spreadsheet/t-shirts/burberry-black-classic-logo-t-shirt-3fd7a5/
  [200] https://kakobuy-cn.com/spreadsheet/t-shirts/amiri-black-leopard-print-t-shirt-a4f10e/
  [200] https://kakobuy-cn.com/spreadsheet/t-shirts/burberry-tb-monogram-white-t-shirt-272b7c/
  [200] https://kakobuy-cn.com/spreadsheet/t-shirts/chrome-hearts-white-ch-cross-t-shirt-5878f8/
  [200] https://kakobuy-cn.com/spreadsheet/t-shirts/cartelo-beige-crocodile-t-shirt-f33b42/
  [200] https://kakobuy-cn.com/fr/category/t-shirts/
  [200] https://kakobuy-cn.com/spreadsheet/t-shirts/balenciaga-white-wfp-supported-t-shirt-d21d89/
  [200] https://kakobuy-cn.com/es/category/t-shirts/
  [200] https://kakobuy-cn.com/pt/category/t-shirts/
  [200] https://cdn.maisonlooks.com/products/file-1778683097108-546356172.webp
  [200] https://cdn.maisonlooks.com/products/file-1778682622137-496840455.webp
  [200] https://cdn.maisonlooks.com/products/file-1778681726272-64651693.webp
  [200] https://cdn.maisonlooks.com/products/file-1778681533084-800616594.webp
  [200] https://kakobuy-cn.com/spreadsheet/t-shirts/burberry-black-cotton-t-shirt-with-script-logo-348adb/
  [200] https://cdn.maisonlooks.com/products/file-1778681915556-320676783.webp
  [200] https://cdn.maisonlooks.com/products/file-1778679813531-704124412.webp
  [200] https://kakobuy-cn.com/spreadsheet/t-shirts/moncler-dark-grey-t-shirt-ebc505/
  [200] https://cdn.maisonlooks.com/products/file-1778679940383-513414176.webp
  [200] https://cdn.maisonlooks.com/products/file-1778681541541-672832494.webp
  [200] https://kakobuy-cn.com/spreadsheet/t-shirts/hellstar-neon-green-star-flame-t-shirt-1bcf42/
  [200] https://kakobuy-cn.com/spreadsheet/t-shirts/a-bathing-ape-bape-sta-steve-aoki-black-t-shirt-114262/
  [200] https://cdn.maisonlooks.com/products/file-1775239373452-3274805.webp
  [200] https://cdn.maisonlooks.com/products/file-1778681726860-693674963.webp
  [200] https://kakobuy-cn.com/spreadsheet/t-shirts/nike-dri-fit-purple-t-shirt-men-s-6cac80/
  [200] https://cdn.maisonlooks.com/products/file-1778681906628-436777427.webp
  [200] https://cdn.maisonlooks.com/products/file-1778681192723-466546857.webp
  [200] https://cdn.maisonlooks.com/products/file-1775524917133-299403162.webp
  [200] https://cdn.maisonlooks.com/products/file-1778679882440-275174772.webp
  [200] https://cdn.maisonlooks.com/products/file-1778683099280-576334852.webp
  [200] https://kakobuy-cn.com/spreadsheet/t-shirts/off-white-white-cross-print-oversized-t-shirt-2aef80/
  [200] https://cdn.maisonlooks.com/products/file-1778682625699-523121987.webp
  [200] https://cdn.maisonlooks.com/products/file-1778683099897-922914013.webp
  [200] https://kakobuy-cn.com/spreadsheet/t-shirts/gallery-dept-buried-alive-t-shirt-cream-0dd496/
  [200] https://kakobuy-cn.com/spreadsheet/t-shirts/chrome-hearts-cross-print-t-shirt-black-ea21c0/
  [200] https://kakobuy-cn.com/spreadsheet/t-shirts/moncler-navy-dripped-logo-t-shirt-895b3c/
  [200] https://kakobuy-cn.com/spreadsheet/t-shirts/balenciaga-fashion-institute-black-t-shirt-d175f5/
  [200] https://cdn.maisonlooks.com/products/file-1778681536875-924166518.webp
  [0] https://kakobuy-cn.com/spreadsheet/t-shirts/burberry-tb-logo-black-t-shirt-c208a9/
  [200] https://cdn.maisonlooks.com/products/file-1775301659687-158925589.webp
  [200] https://cdn.maisonlooks.com/products/file-1778684666917-987261823.webp
  [200] https://cdn.maisonlooks.com/products/file-1775524842053-379268688.webp
  [200] https://cdn.maisonlooks.com/products/file-1778682628261-905142894.webp
  [200] https://cdn.maisonlooks.com/products/file-1778679874967-999825399.webp
  [200] https://cdn.maisonlooks.com/products/file-1778679813819-280272705.webp
  [200] https://cdn.maisonlooks.com/products/file-1778679874424-857549600.webp
  [200] https://cdn.maisonlooks.com/products/file-1775233387360-464686731.webp
  [200] https://kakobuy-cn.com/spreadsheet/t-shirts/balenciaga-black-bb-logo-t-shirt-e7203d/
  [200] https://kakobuy-cn.com/spreadsheet/t-shirts/palm-angels-bear-print-t-shirt-burgundy-0c8b4b/
  [200] https://kakobuy-cn.com/spreadsheet/t-shirts/polo-ralph-lauren-polo-bear-navy-t-shirt-6f2e03/
  [200] https://kakobuy-cn.com/spreadsheet/t-shirts/polo-ralph-lauren-polo-bear-black-t-shirt-ef3216/
  [200] https://kakobuy-cn.com/spreadsheet/t-shirts/a-bathing-ape-steve-aoki-white-t-shirt-875238/
  [200] https://kakobuy-cn.com/spreadsheet/t-shirts/nike-dri-fit-blue-t-shirt-05b5f2/
  [200] https://kakobuy-cn.com/spreadsheet/t-shirts/amiri-black-white-pattern-t-shirt-875d1e/
  [200] https://cdn.maisonlooks.com/products/file-1778681537933-155002563.webp
  [200] https://cdn.maisonlooks.com/products/file-1778681904948-130933334.webp
  [200] https://cdn.maisonlooks.com/products/file-1778679919590-54873596.webp
  [200] https://kakobuy-cn.com/spreadsheet/t-shirts/palm-angels-bear-grey-t-shirt-315a40/
  [200] https://kakobuy-cn.com/spreadsheet/t-shirts/amiri-black-blue-logo-t-shirt-58452b/
  [200] https://kakobuy-cn.com/spreadsheet/t-shirts/hellstar-red-star-flame-t-shirt-bd8a8f/
  [200] https://kakobuy-cn.com/spreadsheet/t-shirts/gallery-dept-my-batteries-died-black-t-shirt-3feee4/
  [200] https://kakobuy-cn.com/spreadsheet/t-shirts/louis-vuitton-black-sketch-print-t-shirt-58df39/
  [200] https://maisonlooks.com/c/t-shirts
  [200] https://cdn.maisonlooks.com/products/file-1778684665627-501778661.webp
  [403] https://www.reddit.com/r/kakobuy/
https://kakobuy-cn.com/pt/about/
  [200] https://kakobuy-cn.com/pt/how-to-buy/
  [403] https://www.reddit.com/r/kakobuy/
https://kakobuy-cn.com/pt/blog/
  [200] https://kakobuy-cn.com/pt/blog/page/2/
  [403] https://www.reddit.com/r/kakobuy/
https://kakobuy-cn.com/category/hoodies/
  [200] https://kakobuy-cn.com/spreadsheet/hoodies/amiri-hoodie-navy-blue-amiri-logo-pullover-1a99b4/
  [200] https://kakobuy-cn.com/spreadsheet/hoodies/gucci-gg-logo-beige-crewneck-sweatshirt-f5845d/
  [200] https://kakobuy-cn.com/spreadsheet/hoodies/casablanca-tennis-club-black-hoodie-3ae1d9/
  [200] https://kakobuy-cn.com/fr/category/hoodies/
  [200] https://kakobuy-cn.com/pt/category/hoodies/
  [200] https://cdn.maisonlooks.com/products/file-1778684670499-474824219.webp
  [200] https://cdn.maisonlooks.com/products/file-1775318230394-500187234.webp
  [200] https://kakobuy-cn.com/spreadsheet/hoodies/white-hooded-jacket-with-black-accents-eb496c/
  [200] https://kakobuy-cn.com/spreadsheet/hoodies/stone-island-68-15-blue-hoodie-45af75/
  [200] https://cdn.maisonlooks.com/products/file-1778654610079-50461041.webp
  [200] https://kakobuy-cn.com/spreadsheet/hoodies/unisex-distressed-washed-black-hoodie-with-front-pocket-f32cda/
  [200] https://kakobuy-cn.com/spreadsheet/hoodies/maison-margiela-replica-oversized-sweatshirt-fed-m21-black-f62914/
  [200] https://kakobuy-cn.com/spreadsheet/hoodies/a-bathing-ape-bape-sta-world-gone-mad-grey-hoodie-ec6a36/
  [200] https://cdn.maisonlooks.com/products/file-1775979547227-258444288.webp
  [200] https://kakobuy-cn.com/spreadsheet/hoodies/moncler-black-logo-patch-crewneck-sweatshirt-371483/
  [200] https://kakobuy-cn.com/spreadsheet/hoodies/a-bathing-ape-bape-sta-world-gone-mad-black-hoodie-786970/
  [200] https://kakobuy-cn.com/spreadsheet/hoodies/maison-margiela-replica-oversized-sweatshirt-fed-m21-white-0b28e7/
  [200] https://kakobuy-cn.com/spreadsheet/hoodies/nike-tech-fleece-yellow-fd8454-jacket-95e688/
  [200] https://kakobuy-cn.com/spreadsheet/hoodies/maison-margiela-abstract-splatter-black-sweatshirt-53a9ef/
  [200] https://cdn.maisonlooks.com/products/file-1775219805037-170215621.webp
  [200] https://cdn.maisonlooks.com/products/file-1778630219248-705147080.webp
  [200] https://kakobuy-cn.com/spreadsheet/hoodies/moncler-navy-blue-crewneck-sweatshirt-45f12a/
  [200] https://cdn.maisonlooks.com/products/file-1775950433080-987730974.webp
  [200] https://cdn.maisonlooks.com/products/file-1775228200213-214187951.webp
  [200] https://cdn.maisonlooks.com/products/file-1778684676224-503073265.webp
  [200] https://kakobuy-cn.com/spreadsheet/hoodies/supreme-box-logo-zip-up-hoodie-fed-m33-black-27de66/
  [200] https://cdn.maisonlooks.com/products/file-1775304741225-544946830.webp
  [200] https://cdn.maisonlooks.com/products/file-1778684671050-675180310.webp
  [200] https://cdn.maisonlooks.com/products/file-1778682394370-41251206.webp
  [200] https://cdn.maisonlooks.com/products/file-1775228221886-921081739.webp
  [200] https://cdn.maisonlooks.com/products/file-1775927124799-120026638.webp
  [200] https://cdn.maisonlooks.com/products/file-1775927130446-803335690.webp
  [200] https://cdn.maisonlooks.com/products/file-1775979541674-231068395.webp
  [200] https://kakobuy-cn.com/spreadsheet/hoodies/stone-island-68-15-white-hoodie-with-pockets-a51d3b/
  [200] https://cdn.maisonlooks.com/products/file-1778630219385-832830632.webp
  [200] https://cdn.maisonlooks.com/products/file-1775979542707-941665336.webp
  [200] https://cdn.maisonlooks.com/products/file-1778682392467-964446239.webp
  [200] https://cdn.maisonlooks.com/products/file-1778683800833-275517786.webp
  [200] https://kakobuy-cn.com/spreadsheet/hoodies/supreme-box-logo-fed-m33-grey-zip-up-hoodie-086b4b/
  [200] https://kakobuy-cn.com/spreadsheet/hoodies/hellstar-black-star-flame-zip-up-hoodie-338134/
  [200] https://kakobuy-cn.com/spreadsheet/hoodies/hellstar-light-blue-distressed-zip-up-hoodie-e52d56/
  [200] https://kakobuy-cn.com/spreadsheet/hoodies/nike-tech-fleece-zip-up-hoodie-in-grey-fd8454-f85abe/
  [200] https://kakobuy-cn.com/spreadsheet/hoodies/unisex-fed-m31-black-hoodie-with-graphic-print-65f065/
  [200] https://cdn.maisonlooks.com/products/file-1775979543026-492207671.webp
  [200] https://cdn.maisonlooks.com/products/file-1778630218933-445598505.webp
  [200] https://maisonlooks.com/c/hoodies-sweatshirts
  [200] https://cdn.maisonlooks.com/products/file-1775979545180-587211234.webp
  [0] https://kakobuy-cn.com/spreadsheet/hoodies/moncler-white-embroidered-crewneck-sweatshirt-3b4f80/
  [200] https://cdn.maisonlooks.com/products/file-1775979543603-288411413.webp
  [200] https://kakobuy-cn.com/spreadsheet/hoodies/louis-vuitton-pixel-check-crewneck-sweater-black-blue-826902/
  [200] https://kakobuy-cn.com/spreadsheet/hoodies/stone-island-68-15-green-hoodie-1c7651/
  [200] https://cdn.maisonlooks.com/products/file-1775979543296-981198658.webp
  [200] https://cdn.maisonlooks.com/products/file-1778683806009-488407006.webp
  [200] https://cdn.maisonlooks.com/products/file-1778683808715-192792836.webp
  [200] https://cdn.maisonlooks.com/products/file-1778684006375-623833323.webp
  [200] https://kakobuy-cn.com/spreadsheet/hoodies/gucci-firenze-1921-black-hoodie-e3b289/
  [200] https://cdn.maisonlooks.com/products/file-1775927124298-191039612.webp
  [200] https://kakobuy-cn.com/spreadsheet/hoodies/casablanca-ford-marin-black-hoodie-340d2e/
  [200] https://kakobuy-cn.com/spreadsheet/hoodies/hellstar-studios-hoodie-smoke-grey-zip-up-ce6fa3/
  [0] https://kakobuy-cn.com/spreadsheet/hoodies/gucci-23-black-neon-graphic-sweatshirt-dd4f6d/
  [0] https://kakobuy-cn.com/es/category/hoodies/
  [403] https://www.reddit.com/r/kakobuy/
https://kakobuy-cn.com/de/blog/page/2/
  [200] https://kakobuy-cn.com/blog/kakobuy-eco-friendly-green-haul-shipping/
  [200] https://kakobuy-cn.com/blog/kakobuy-vip-tier-loyalty-program-worth-it/
  [200] https://kakobuy-cn.com/blog/community-crowdsourced-qc-verification-batches/
  [200] https://kakobuy-cn.com/blog/evolution-of-reps-spreadsheets-excel-to-web/
  [200] https://kakobuy-cn.com/blog/eu-ets-shipping-carbon-tax-kakobuy-haul/
  [200] https://kakobuy-cn.com/de/blog/page/3/
  [200] https://kakobuy-cn.com/blog/web-spreadsheets-vs-whatsapp-sellers-safety/
  [200] https://kakobuy-cn.com/blog/canada-cbsa-customs-declaration-spreadsheet-guide/
  [200] https://kakobuy-cn.com/blog/secure-payment-methods-kakobuy-2026/
  [200] https://kakobuy-cn.com/blog/timing-the-reps-hype-cycle-spreadsheets/
  [200] https://kakobuy-cn.com/blog/ai-search-discovery-kakobuy-spreadsheet-reps/
  [403] https://www.reddit.com/r/kakobuy/
https://kakobuy-cn.com/es/blog/
  [200] https://kakobuy-cn.com/es/blog/page/2/
  [200] https://kakobuy-cn.com/es/how-to-buy/
  [403] https://www.reddit.com/r/kakobuy/
https://kakobuy-cn.com/spreadsheet/t-shirts/burberry-black-classic-logo-t-shirt-3fd7a5/
  [200] https://kakobuy-cn.com/blog/kakobuy-sizing-spreadsheet-apparel/
  [200] https://maisonlooks.com/p/burberry-black-classic-logo-t-shirt-3fd7a5
  [403] https://www.reddit.com/r/kakobuy/
https://kakobuy-cn.com/fr/news/
  [200] https://kakobuy-cn.com/fr/how-to-buy/
  [403] https://www.reddit.com/r/kakobuy/
https://kakobuy-cn.com/category/pants/
  [200] https://cdn.maisonlooks.com/products/file-1778647262551-646865625.webp
  [200] https://cdn.maisonlooks.com/products/file-1778679686677-697941627.webp
  [200] https://cdn.maisonlooks.com/products/file-1778622675252-233108294.webp
  [200] https://cdn.maisonlooks.com/products/file-1778641157068-479134162.webp
  [200] https://cdn.maisonlooks.com/products/file-1778642335342-560592843.webp
  [200] https://kakobuy-cn.com/spreadsheet/pants/gallery-dept-art-that-kills-black-sweatpants-8155d3/
  [200] https://kakobuy-cn.com/spreadsheet/pants/moncler-navy-knit-hat-scarf-set-94695f/
  [200] https://cdn.maisonlooks.com/products/file-1778642334520-616672629.webp
  [200] https://kakobuy-cn.com/spreadsheet/pants/amiri-dream-team-grey-sweatpants-a6aa2b/
  [200] https://kakobuy-cn.com/spreadsheet/pants/arc-teryx-gamma-sl-black-trousers-e08720/
  [200] https://kakobuy-cn.com/es/category/pants/
  [200] https://kakobuy-cn.com/spreadsheet/pants/essentials-yellow-drawstring-track-pants-d01e17/
  [200] https://cdn.maisonlooks.com/products/file-1778679698846-267612020.webp
  [200] https://cdn.maisonlooks.com/products/file-1778620929747-390771673.webp
  [200] https://kakobuy-cn.com/spreadsheet/pants/polo-ralph-lauren-big-pony-grey-sweatpants-d332c8/
  [200] https://cdn.maisonlooks.com/products/file-1778638952800-513248190.webp
  [200] https://kakobuy-cn.com/spreadsheet/pants/arc-teryx-arctic-top-quality-grey-pants-264fa5/
  [200] https://cdn.maisonlooks.com/products/file-1778681488982-70998039.webp
  [200] https://cdn.maisonlooks.com/products/file-1778634617582-448878056.webp
  [200] https://kakobuy-cn.com/spreadsheet/pants/burberry-black-solid-trousers-9b4c97/
  [200] https://kakobuy-cn.com/spreadsheet/pants/broken-planet-market-track-pants-black-solid-casual-2adf5e/
  [200] https://cdn.maisonlooks.com/products/file-1778654882581-854768271.webp
  [200] https://kakobuy-cn.com/spreadsheet/pants/carhartt-olive-cargo-pants-0cfe52/
  [200] https://cdn.maisonlooks.com/products/file-1778684393655-367762275.webp
  [200] https://kakobuy-cn.com/spreadsheet/pants/ami-paris-ami-de-coeur-navy-sweatpants-c343a3/
  [200] https://kakobuy-cn.com/spreadsheet/pants/the-north-face-khaki-pants-trousers-3fa278/
  [200] https://cdn.maisonlooks.com/products/file-1778654846933-775724432.webp
  [200] https://cdn.maisonlooks.com/products/file-1778640575236-557811429.webp
  [200] https://kakobuy-cn.com/spreadsheet/pants/stone-island-68-15-black-solid-pants-3e9463/
  [200] https://cdn.maisonlooks.com/products/file-1778648101917-989202295.webp
  [200] https://cdn.maisonlooks.com/products/file-1778640455790-895328346.webp
  [200] https://cdn.maisonlooks.com/products/file-1778668325810-156702073.webp
  [200] https://cdn.maisonlooks.com/products/file-1778654882899-483739480.webp
  [200] https://kakobuy-cn.com/pl/category/pants/
  [200] https://cdn.maisonlooks.com/products/file-1778642341040-70735727.webp
  [200] https://kakobuy-cn.com/spreadsheet/pants/black-track-pants-with-white-stripe-and-script-logo-8d427b/
  [200] https://kakobuy-cn.com/spreadsheet/pants/adidas-adi-2000-black-track-pants-2accc9/
  [200] https://kakobuy-cn.com/spreadsheet/pants/polo-ralph-lauren-black-classic-logo-trousers-6e1d91/
  [200] https://cdn.maisonlooks.com/products/file-1778640071870-432105121.webp
  [200] https://kakobuy-cn.com/spreadsheet/pants/gallery-dept-dept-de-la-galerie-painted-pants-beige-03195a/
  [0] https://kakobuy-cn.com/spreadsheet/pants/carhartt-detroit-black-cargo-pants-109971/
  [200] https://cdn.maisonlooks.com/products/file-1775238861886-960402985.webp
  [200] https://kakobuy-cn.com/spreadsheet/pants/under-armour-beige-track-pants-with-zip-pockets-f5f1e7/
  [200] https://kakobuy-cn.com/spreadsheet/pants/ami-paris-beige-am-heart-logo-trousers-3d9752/
  [200] https://kakobuy-cn.com/spreadsheet/pants/lacoste-ey21-black-track-pants-22f7e4/
  [200] https://kakobuy-cn.com/spreadsheet/pants/lacoste-navy-solid-joggers-f0ff0f/
  [200] https://kakobuy-cn.com/spreadsheet/pants/arc-teryx-alpha-sv-navy-pants-d516fd/
  [200] https://kakobuy-cn.com/spreadsheet/pants/nike-air-max-23-black-trousers-940a28/
  [200] https://kakobuy-cn.com/pt/category/pants/
  [200] https://kakobuy-cn.com/spreadsheet/pants/stone-island-68-15-a30-cargo-pants-094ff3/
  [200] https://cdn.maisonlooks.com/products/file-1778672002343-190939948.webp
  [200] https://cdn.maisonlooks.com/products/file-1778654220451-233442654.webp
  [200] https://cdn.maisonlooks.com/products/file-1778668318474-206352625.webp
  [200] https://cdn.maisonlooks.com/products/file-1775565718093-770924643.webp
  [200] https://cdn.maisonlooks.com/products/file-1778651274067-788125790.webp
  [200] https://cdn.maisonlooks.com/products/file-1778654887070-484670127.webp
  [200] https://cdn.maisonlooks.com/products/file-1778672004040-312711557.webp
  [200] https://kakobuy-cn.com/spreadsheet/pants/burberry-navy-solid-sweatpants-5ce911/
  [200] https://kakobuy-cn.com/spreadsheet/pants/louis-vuitton-black-track-pants-with-blue-and-red-side-stripes-330547/
  [200] https://kakobuy-cn.com/spreadsheet/pants/ami-paris-ami-de-coeur-black-heart-logo-sweatpants-956b94/
  [200] https://kakobuy-cn.com/fr/category/pants/
  [200] https://cdn.maisonlooks.com/products/file-1778684401998-133414714.webp
  [200] https://maisonlooks.com/c/trousers-pants
  [200] https://kakobuy-cn.com/it/category/pants/
  [403] https://www.reddit.com/r/kakobuy/
  [200] https://kakobuy-cn.com/spreadsheet/pants/black-solid-trousers-casual-pants-aa459a/
  [200] https://kakobuy-cn.com/spreadsheet/pants/reebok-classic-leather-red-tribal-print-pants-4767ef/
https://kakobuy-cn.com/blog/kakobuy-eco-friendly-green-haul-shipping/
  [200] https://kakobuy-cn.com/blog/winter-puffer-jacket-shipping-volumetric-hacks/
  [200] https://kakobuy-cn.com/blog/us-customs-de-minimis-exemption-kakobuy-spreadsheet/
  [403] https://www.reddit.com/r/kakobuy/
https://kakobuy-cn.com/es/blog/page/2/
  [200] https://kakobuy-cn.com/es/blog/page/3/
  [403] https://www.reddit.com/r/kakobuy/
https://kakobuy-cn.com/blog/kakobuy-sizing-spreadsheet-apparel/
  [200] https://kakobuy-cn.com/blog/qc-websites-landscape/
  [200] https://kakobuy-cn.com/blog/kakobuy-warehouse-storage-spreadsheet/
  [200] https://kakobuy.com/forwarding
  [200] https://www.kakobuy.com/
  [200] https://kakobuy.com/tools/estimate
  [403] https://www.reddit.com/r/kakobuy/
  [0] https://kakobuy-cn.com/blog/kakobuy-weidian/
https://kakobuy-cn.com/blog/kakobuy-vs-joyabuy-vs-cnfans-2026-comparison/
  [200] https://kakobuy-cn.com/spreadsheet/hoodies/a-bathing-ape-bape-sta-year-of-the-tiger-grey-hoodie-54e639/
  [200] https://kakobuy-cn.com/spreadsheet/t-shirts/a-bathing-ape-bape-sta-black-t-shirt-d7f5da/
  [200] https://kakobuy-cn.com/spreadsheet/shoes/a-bathing-ape-bape-sta-runner-white-red-sneakers-faaee8/
  [200] https://kakobuy-cn.com/_astro/index.DCBAJ5GK.css
  [403] https://www.reddit.com/r/kakobuy/
https://kakobuy-cn.com/blog/kakobuy-vip-tier-loyalty-program-worth-it/
  [200] https://kakobuy-cn.com/blog/taobao-tmall-618-2026-spreadsheet-forwarding-rhythm/
  [200] https://kakobuy-cn.com/blog/kakobuy-coupons/
  [403] https://www.reddit.com/r/kakobuy/
https://kakobuy-cn.com/fr/
  [200] https://kakobuy-cn.com/fr/category/shoes/
  [403] https://www.reddit.com/r/kakobuy/
https://kakobuy-cn.com/blog/winter-puffer-jacket-shipping-volumetric-hacks/
  [200] https://kakobuy-cn.com/blog/spreadsheet-volumetric-chargeable-weight-basics/
  [200] https://kakobuy-cn.com/blog/kakobuy-rehearsal-packaging-freight/
  [403] https://www.reddit.com/r/kakobuy/
https://kakobuy-cn.com/es/blog/page/3/
  [200] https://kakobuy-cn.com/blog/google-sheets-sharing-spreadsheet-curator-opsec/
  [200] https://kakobuy-cn.com/blog/weidian-vs-taobao-price-index-2026-report/
  [200] https://kakobuy-cn.com/blog/spreadsheet-column-schema-kakobuy-curators/
  [200] https://kakobuy-cn.com/blog/double-11-logistics-interop-spreadsheet-buyers/
  [200] https://kakobuy-cn.com/blog/shipping-electronics-batteries-iata-2026-rules/
  [200] https://kakobuy-cn.com/es/blog/page/4/
  [200] https://kakobuy-cn.com/blog/eu-import-vat-landed-cost-spreadsheet-buyers/
  [200] https://kakobuy-cn.com/blog/mega-sale-split-arrivals-consolidation-spreadsheet/
  [200] https://kakobuy-cn.com/blog/identifying-phishing-spreadsheet-scams-reps-2026/
  [403] https://www.reddit.com/r/kakobuy/
https://kakobuy-cn.com/it/
  [200] https://kakobuy-cn.com/it/category/shoes/
  [200] https://kakobuy-cn.com/it/category/jackets/
  [200] https://kakobuy-cn.com/it/category/jersey/
  [200] https://kakobuy-cn.com/it/category/electronics/
  [200] https://kakobuy-cn.com/it/category/perfume/
  [200] https://kakobuy-cn.com/it/category/headwear/
  [200] https://kakobuy-cn.com/it/category/t-shirts/
  [200] https://kakobuy-cn.com/it/category/accessories/
  [200] https://kakobuy-cn.com/it/how-to-buy/
  [200] https://kakobuy-cn.com/it/category/hoodies/
  [200] https://kakobuy-cn.com/it/buyer-shares/
  [403] https://www.reddit.com/r/kakobuy/
https://kakobuy-cn.com/spreadsheet/
  [200] https://kakobuy-cn.com/pt/spreadsheet/
  [200] https://kakobuy-cn.com/es/spreadsheet/
  [200] https://kakobuy-cn.com/pl/spreadsheet/
  [200] https://kakobuy-cn.com/spreadsheet/accessories/bape-bathtub-print-iphone-case-544196/
  [200] https://kakobuy-cn.com/_astro/index.BjBeTMkU.css
  [200] https://kakobuy-cn.com/spreadsheet/jackets/balenciaga-blue-01-track-jacket-eb99ac/
  [200] https://kakobuy-cn.com/it/spreadsheet/
  [200] https://kakobuy-cn.com/blog/kakobuy-taobao/
  [200] https://kakobuy-cn.com/blog/kakobuy-1688/
  [200] https://kakobuy-cn.com/blog/kakobuy-spreadsheet-to-parcel-checklist/
  [200] https://kakobuy-cn.com/spreadsheet/jersey/adidas-juventus-25-26-away-jersey-soccer-shirt-31cf26/
  [200] https://kakobuy-cn.com/spreadsheet/headwear/balenciaga-baseball-cap-cream-white-e0860a/
  [200] https://kakobuy-cn.com/fr/spreadsheet/
  [200] https://kakobuy-cn.com/blog/kakobuy-spreadsheet-hubs-compared/
  [200] https://kakobuy-cn.com/spreadsheet/perfume/amouage-jubilation-40-men-s-perfume-100ml-2c4fc0/
  [200] https://kakobuy-cn.com/spreadsheet/bags/burberry-tb-monogram-card-holder-beige-black-1ff007/
  [200] https://kakobuy-cn.com/blog/kakobuy-spreadsheet-reddit/
  [200] https://kakobuy-cn.com/spreadsheet/electronics/a-bathing-ape-bape-sta-shark-yellow-phone-case-ccf47b/
  [403] https://www.reddit.com/r/kakobuy/
  [0] https://kakobuy-cn.com/blog/kakobuy-weidian/
  [200] https://kakobuy-cn.com/blog/kakobuy-spreadsheet-qc/
https://kakobuy-cn.com/blog/us-customs-de-minimis-exemption-kakobuy-spreadsheet/
  [200] https://kakobuy-cn.com/blog/kakobuy-customs-declared-value-primer/
  [403] https://www.reddit.com/r/kakobuy/
https://kakobuy-cn.com/category/headwear/
  [200] https://cdn.maisonlooks.com/products/file-1778682339623-241291380.webp
  [200] https://kakobuy-cn.com/fr/category/headwear/
  [200] https://kakobuy-cn.com/spreadsheet/headwear/supreme-nike-corduroy-cap-black-5c1434/
  [200] https://kakobuy-cn.com/spreadsheet/headwear/moncler-pink-pom-pom-beanie-hat-46daeb/
  [200] https://kakobuy-cn.com/spreadsheet/headwear/balenciaga-bb-logo-denim-cap-grey-dc67f2/
  [200] https://cdn.maisonlooks.com/products/file-1778671909087-178272263.webp
  [200] https://cdn.maisonlooks.com/products/file-1775530791583-495557917.webp
  [200] https://cdn.maisonlooks.com/products/file-1778676842692-785674837.webp
  [200] https://cdn.maisonlooks.com/products/file-1778671887671-34069660.webp
  [200] https://kakobuy-cn.com/spreadsheet/headwear/canada-goose-arctic-program-beanie-cream-cf829f/
  [200] https://cdn.maisonlooks.com/products/file-1778681159460-607908519.webp
  [200] https://kakobuy-cn.com/spreadsheet/headwear/dior-monogram-baseball-cap-in-black-87fe5c/
  [200] https://cdn.maisonlooks.com/products/file-1778676855097-319763729.webp
  [200] https://kakobuy-cn.com/spreadsheet/headwear/the-north-face-basic-logo-beige-cap-89ebd6/
  [200] https://kakobuy-cn.com/spreadsheet/headwear/cardi-b-rules-the-world-balaclava-black-57f154/
  [200] https://cdn.maisonlooks.com/products/file-1778681136854-12670790.webp
  [200] https://cdn.maisonlooks.com/products/file-1778676855256-25885282.webp
  [200] https://cdn.maisonlooks.com/products/file-1778671887732-938909632.webp
  [200] https://cdn.maisonlooks.com/products/file-1778671895141-913118905.webp
  [200] https://cdn.maisonlooks.com/products/file-1778671890775-302830781.webp
  [200] https://kakobuy-cn.com/spreadsheet/headwear/fendi-high-version6-logo-print-baseball-cap-a362d1/
  [200] https://kakobuy-cn.com/spreadsheet/headwear/new-era-59fifty-oakland-athletics-black-cap-5e6e79/
  [200] https://cdn.maisonlooks.com/products/file-1778671906397-96451040.webp
  [200] https://kakobuy-cn.com/spreadsheet/headwear/coach-signature-pattern-baseball-cap-black-white-headwear-fd74be/
  [200] https://cdn.maisonlooks.com/products/file-1778682349931-537447052.webp
  [200] https://cdn.maisonlooks.com/products/file-1778681139411-385485401.webp
  [200] https://cdn.maisonlooks.com/products/file-1778680115951-728996084.webp
  [200] https://cdn.maisonlooks.com/products/file-1778671897400-315861557.webp
  [200] https://cdn.maisonlooks.com/products/file-1778676838798-919260823.webp
  [200] https://cdn.maisonlooks.com/products/file-1775531122639-359988455.webp
  [200] https://kakobuy-cn.com/spreadsheet/headwear/fendi-fendi-high-version11-color-cap-27408d/
  [200] https://kakobuy-cn.com/spreadsheet/headwear/prada-distressed-triangle-logo-cap-grey-headwear-c4d942/
  [0] https://kakobuy-cn.com/spreadsheet/headwear/ugg-black-pom-pom-beanie-hat-dac6b7/
  [0] https://kakobuy-cn.com/spreadsheet/headwear/dior-classic-logo-monogram-baseball-cap-black-white-064b93/
  [200] https://cdn.maisonlooks.com/products/file-1778682351110-786454263.webp
  [200] https://cdn.maisonlooks.com/products/file-1778676841605-961505885.webp
  [200] https://kakobuy-cn.com/spreadsheet/headwear/loewe-anagram-beige-baseball-cap-12fb58/
  [200] https://cdn.maisonlooks.com/products/file-1778671904418-660467023.webp
  [200] https://cdn.maisonlooks.com/products/file-1775530847107-885731501.webp
  [200] https://kakobuy-cn.com/spreadsheet/headwear/gucci-pink-gg-monogram-baseball-cap-4896f5/
  [200] https://kakobuy-cn.com/pt/category/headwear/
  [200] https://cdn.maisonlooks.com/products/file-1778681126630-959118792.webp
  [200] https://cdn.maisonlooks.com/products/file-1778671909077-464359682.webp
  [200] https://kakobuy-cn.com/spreadsheet/headwear/nike-pro-therma-fit-hood-black-headwear-86bbb9/
  [200] https://kakobuy-cn.com/spreadsheet/headwear/supreme-black-white-balaclava-headwear-52d35c/
  [200] https://kakobuy-cn.com/spreadsheet/headwear/gucci-gg-supreme-baseball-cap-with-web-stripe-18776a/
  [200] https://cdn.maisonlooks.com/products/file-1778671898876-395614480.webp
  [200] https://cdn.maisonlooks.com/products/file-1778671898723-166225215.webp
  [200] https://kakobuy-cn.com/es/category/headwear/
  [200] https://kakobuy-cn.com/spreadsheet/headwear/moncler-black-pom-pom-beanie-hat-9f42ee/
  [200] https://kakobuy-cn.com/spreadsheet/headwear/loewe-monogram-embroidered-baseball-cap-white-headwear-58b232/
  [200] https://kakobuy-cn.com/spreadsheet/headwear/lacoste-beanie-cream-crocodile-patch-winter-hat-abe11f/
  [200] https://maisonlooks.com/c/headwear
  [200] https://kakobuy-cn.com/spreadsheet/headwear/nike-pro-hyperwarm-hood-pink-headwear-5ad686/
  [200] https://kakobuy-cn.com/spreadsheet/headwear/dsquared2-icon-beanie-khaki-headwear-e165bf/
  [200] https://kakobuy-cn.com/spreadsheet/headwear/dsquared2-icon-beanie-cream-headwear-2b6526/
  [200] https://kakobuy-cn.com/spreadsheet/headwear/miu-miu-denim-baseball-cap-black-00ce6a/
  [200] https://kakobuy-cn.com/spreadsheet/headwear/prada-distressed-logo-cap-black-headwear-b7f3b4/
  [200] https://kakobuy-cn.com/spreadsheet/headwear/coach-signature-black-baseball-cap-1a27bd/
  [200] https://kakobuy-cn.com/spreadsheet/headwear/lacoste-navy-crocodile-patch-beanie-ff6104/
  [200] https://cdn.maisonlooks.com/products/file-1775944284647-538672232.webp
  [200] https://cdn.maisonlooks.com/products/file-1778671889406-699406245.webp
  [403] https://www.reddit.com/r/kakobuy/
  [200] https://cdn.maisonlooks.com/products/file-1775273609803-479916518.webp
https://kakobuy-cn.com/blog/taobao-tmall-618-2026-spreadsheet-forwarding-rhythm/
  [200] https://kakobuy-cn.com/blog/china-public-holidays-agent-forwarding-2026/
  [200] https://finance.sina.com.cn/tech/roll/2026-04-29/doc-inhwefve6787805.shtml
  [403] https://www.reddit.com/r/kakobuy/
https://kakobuy-cn.com/fr/category/shoes/
  [200] https://kakobuy-cn.com/spreadsheet/shoes/adidas-yeezy-slide-bone-white-6345-sandals-b2d6c1/
  [200] https://kakobuy-cn.com/spreadsheet/shoes/saint-laurent-ysl-kate-gold-heels-275095/
  [200] https://kakobuy-cn.com/spreadsheet/shoes/dr-martens-1460-black-leather-boots-496320/
  [200] https://kakobuy-cn.com/spreadsheet/shoes/birkenstock-arizona-black-white-fleece-loafers-2bf5bb/
  [200] https://kakobuy-cn.com/spreadsheet/shoes/crocs-bayaband-core-black-clogs-11da71/
  [200] https://kakobuy-cn.com/spreadsheet/shoes/nike-air-jordan-1-sb-la-to-chicago-cd6578-507-sneakers-908289/
  [200] https://kakobuy-cn.com/spreadsheet/shoes/sacai-x-nike-lagua-sand-black-white-sneakers-e5ab0a/
  [200] https://kakobuy-cn.com/spreadsheet/shoes/loro-piana-suede-loafers-grey-leather-flats-44a78b/
  [200] https://kakobuy-cn.com/spreadsheet/shoes/balenciaga-speed-trainer-black-sock-sneakers-947f0c/
  [200] https://kakobuy-cn.com/spreadsheet/shoes/louis-vuitton-tabi-brown-leather-boots-6283bb/
  [200] https://kakobuy-cn.com/spreadsheet/shoes/prada-black-and-beige-triangle-print-heeled-mules-6f29bd/
  [200] https://kakobuy-cn.com/spreadsheet/shoes/herm-s-runner-blue-suede-loafers-6083b6/
  [200] https://kakobuy-cn.com/spreadsheet/shoes/suede-loafers-in-beige-colorway-e119d9/
  [200] https://kakobuy-cn.com/spreadsheet/shoes/yeezy-slide-pure-sand-slippers-cb44b5/
  [200] https://kakobuy-cn.com/spreadsheet/shoes/burberry-yellow-navy-horseferry-slide-sandals-e76a4b/
  [200] https://kakobuy-cn.com/spreadsheet/shoes/tod-s-dolcevita-light-blue-loafers-f22bc4/
  [200] https://kakobuy-cn.com/spreadsheet/shoes/christian-louboutin-white-patent-leather-heels-with-bow-detail-3f4153/
  [200] https://kakobuy-cn.com/spreadsheet/shoes/loro-p-suede-loafers-beige-leather-shoes-80672d/
  [200] https://kakobuy-cn.com/spreadsheet/shoes/tan-brogue-leather-loafers-2e6383/
  [200] https://kakobuy-cn.com/spreadsheet/shoes/tiffany-co-return-to-tiffany-hair-dryer-set-28abf7/
  [200] https://kakobuy-cn.com/spreadsheet/shoes/timberland-6-inch-premium-red-boots-c98e08/
  [200] https://kakobuy-cn.com/spreadsheet/shoes/ugg-classic-short-high-top-camel-suede-boots-1699ee/
  [200] https://kakobuy-cn.com/spreadsheet/shoes/nike-air-max-90-black-white-slide-sandals-a1a276/
  [200] https://kakobuy-cn.com/pt/category/shoes/
  [200] https://kakobuy-cn.com/spreadsheet/shoes/gucci-runners-black-leather-loafers-b65c43/
  [200] https://kakobuy-cn.com/spreadsheet/shoes/rick-owens-geobasket-pink-high-top-boots-192eba/
  [200] https://kakobuy-cn.com/spreadsheet/shoes/dior-black-silver-mesh-heels-with-crystal-embellishments-446f1a/
  [200] https://kakobuy-cn.com/spreadsheet/shoes/chanel-white-leather-mary-jane-flats-with-gold-accents-11f097/
  [200] https://kakobuy-cn.com/spreadsheet/shoes/balmain-black-white-geometric-pattern-heeled-boots-78be8b/
  [200] https://cdn.maisonlooks.com/products/file-1778587286755-992292849.webp
  [200] https://cdn.maisonlooks.com/products/file-1775457373787-733336346.webp
  [200] https://cdn.maisonlooks.com/products/file-1778583807822-719923351.webp
  [200] https://cdn.maisonlooks.com/products/file-1778585923318-255994070.webp
  [200] https://cdn.maisonlooks.com/products/file-1778585918997-259480603.webp
  [200] https://cdn.maisonlooks.com/products/file-1775955349480-2846027.webp
  [200] https://cdn.maisonlooks.com/products/file-1776719594150-57594058.webp
  [200] https://cdn.maisonlooks.com/products/file-1778680447495-576816918.webp
  [200] https://kakobuy-cn.com/spreadsheet/shoes/asics-gel-nimbus-24-silver-black-sneakers-aaa586/
  [200] https://cdn.maisonlooks.com/products/file-1775571185868-315172725.webp
  [200] https://cdn.maisonlooks.com/products/file-1775228807009-127383068.webp
  [200] https://cdn.maisonlooks.com/products/file-1775570022906-751145212.webp
  [200] https://cdn.maisonlooks.com/products/file-1778585941248-120042367.webp
  [200] https://cdn.maisonlooks.com/products/file-1775304886498-583659695.webp
  [200] https://cdn.maisonlooks.com/products/file-1778683189144-453787221.webp
  [200] https://cdn.maisonlooks.com/products/file-1775234331640-885768780.webp
  [200] https://cdn.maisonlooks.com/products/file-1776709761624-242929033.webp
  [200] https://cdn.maisonlooks.com/products/file-1778645409886-239028486.webp
  [200] https://cdn.maisonlooks.com/products/file-1776705957767-71575537.webp
  [200] https://cdn.maisonlooks.com/products/file-1778585948048-319502957.webp
  [200] https://cdn.maisonlooks.com/products/file-1778636967053-727602662.webp
  [200] https://cdn.maisonlooks.com/products/file-1778677686128-630327621.webp
  [200] https://cdn.maisonlooks.com/products/file-1778650975668-689722756.webp
  [200] https://cdn.maisonlooks.com/products/file-1778592122460-820200374.webp
  [200] https://cdn.maisonlooks.com/products/file-1778582284343-793381858.webp
  [200] https://cdn.maisonlooks.com/products/file-1775546836735-45015895.webp
  [200] https://cdn.maisonlooks.com/products/file-1775199301277-767710254.webp
  [200] https://cdn.maisonlooks.com/products/file-1775757443683-42244667.webp
  [200] https://cdn.maisonlooks.com/products/file-1778656509878-48078998.webp
  [200] https://cdn.maisonlooks.com/products/file-1778626073445-762396805.webp
  [200] https://maisonlooks.com/c/sneakers
  [200] https://cdn.maisonlooks.com/products/file-1778631582607-58638517.webp
  [403] https://www.reddit.com/r/kakobuy/
https://kakobuy-cn.com/category/electronics/
  [200] https://cdn.maisonlooks.com/products/file-1775936452074-117337629.webp
  [200] https://kakobuy-cn.com/spreadsheet/electronics/harman-wind3-blue-wireless-speaker-v5-0-bb11bd/
  [200] https://kakobuy-cn.com/fr/category/electronics/
  [200] https://kakobuy-cn.com/spreadsheet/electronics/c-p-company-blue-graphic-iphone-case-70b640/
  [200] https://cdn.maisonlooks.com/products/file-1778673347848-963238855.webp
  [200] https://kakobuy-cn.com/es/category/electronics/
  [200] https://cdn.maisonlooks.com/products/file-1778673348317-430168507.webp
  [200] https://cdn.maisonlooks.com/products/file-1775958344012-989556981.webp
  [200] https://kakobuy-cn.com/spreadsheet/electronics/beats-studio3-wireless-headphones-black-gold-471da8/
  [200] https://cdn.maisonlooks.com/products/file-1778673360515-360848881.webp
  [200] https://kakobuy-cn.com/spreadsheet/electronics/apple-airpods-max-silver-headphones-24e75f/
  [200] https://kakobuy-cn.com/spreadsheet/electronics/jbl-pulse5-black-portable-speaker-ffd04a/
  [200] https://kakobuy-cn.com/spreadsheet/electronics/ralph-lauren-bear-car-iphone-case-cream-d8cb32/
  [200] https://kakobuy-cn.com/spreadsheet/electronics/givenchy-damask-pattern-phone-case-black-red-8474c9/
  [200] https://cdn.maisonlooks.com/products/file-1778626324034-337493314.webp
  [200] https://cdn.maisonlooks.com/products/file-1778673353439-560260613.webp
  [200] https://cdn.maisonlooks.com/products/file-1778673359916-517427783.webp
  [200] https://kakobuy-cn.com/spreadsheet/electronics/jbl-portable-bluetooth-speaker-8472e7/
  [200] https://cdn.maisonlooks.com/products/file-1775958348622-251184489.webp
  [200] https://kakobuy-cn.com/spreadsheet/electronics/dyson-v15-detect-fluffy-cordless-vacuum-cleaner-132a5d/
  [0] https://kakobuy-cn.com/spreadsheet/electronics/chrome-hearts-cross-embossed-iphone-case-black-7409d4/
  [0] https://kakobuy-cn.com/spreadsheet/electronics/stone-island-shadow-project-cream-phone-case-8ff61c/
  [200] https://cdn.maisonlooks.com/products/file-1776362439378-15573989.webp
  [200] https://cdn.maisonlooks.com/products/file-1775934566872-539607182.webp
  [200] https://cdn.maisonlooks.com/products/file-1778673348207-62876864.webp
  [200] https://cdn.maisonlooks.com/products/file-1778673355198-224076006.webp
  [200] https://kakobuy-cn.com/pt/category/electronics/
  [200] https://cdn.maisonlooks.com/products/file-1776355239126-978555655.webp
  [200] https://kakobuy-cn.com/spreadsheet/electronics/apple-airpods-white-wireless-earbuds-980fc9/
  [200] https://maisonlooks.com/c/electronics
  [200] https://kakobuy-cn.com/spreadsheet/electronics/nike-phone-case-with-just-do-it-design-3da0b3/
  [200] https://cdn.maisonlooks.com/products/file-1778636968868-478189363.webp
  [200] https://kakobuy-cn.com/spreadsheet/electronics/beats-studio3-black-gold-headphones-b94afd/
  [200] https://kakobuy-cn.com/spreadsheet/electronics/samsung-galaxy-watch6-classic-triple-black-smartwatch-b04cc4/
  [200] https://kakobuy-cn.com/spreadsheet/electronics/chrome-hearts-triple-black-leather-phone-case-880741/
  [200] https://kakobuy-cn.com/spreadsheet/electronics/sony-playstation-5-dualsense-white-controller-21041e/
  [200] https://kakobuy-cn.com/spreadsheet/electronics/dyson-v8s-cordless-vacuum-cleaner-911605/
  [200] https://cdn.maisonlooks.com/products/file-1775936458343-302333924.webp
  [200] https://cdn.maisonlooks.com/products/file-1775934568695-430687829.webp
  [200] https://kakobuy-cn.com/spreadsheet/electronics/s540-portable-bluetooth-speaker-9591e4/
  [200] https://cdn.maisonlooks.com/products/file-1778673359583-563634451.webp
  [200] https://kakobuy-cn.com/spreadsheet/electronics/beats-solo3-wireless-white-red-headphones-249150/
  [200] https://cdn.maisonlooks.com/products/file-1778626339124-655829666.webp
  [200] https://cdn.maisonlooks.com/products/file-1775936455467-865385665.webp
  [200] https://cdn.maisonlooks.com/products/file-1778626330960-739816964.webp
  [200] https://kakobuy-cn.com/spreadsheet/electronics/chanel-classic-flap-black-crystal-phone-case-59b7bc/
  [200] https://kakobuy-cn.com/spreadsheet/electronics/sony-dualsense-wireless-controller-black-39549f/
  [200] https://cdn.maisonlooks.com/products/file-1775934627043-941805645.webp
  [200] https://kakobuy-cn.com/spreadsheet/electronics/stanley-hello-kitty-kt-quencher-h2-0-tumbler-90bbae/
  [200] https://cdn.maisonlooks.com/products/file-1776355230698-376114821.webp
  [200] https://cdn.maisonlooks.com/products/file-1776355235419-423157765.webp
  [200] https://kakobuy-cn.com/spreadsheet/electronics/adidas-bart-simpson-phone-case-cream-8e297e/
  [200] https://kakobuy-cn.com/spreadsheet/electronics/nike-stitch-phone-case-cream-6c63d3/
  [200] https://cdn.maisonlooks.com/products/file-1778673783073-763220967.webp
  [200] https://cdn.maisonlooks.com/products/file-1778636968938-889425083.webp
  [200] https://cdn.maisonlooks.com/products/file-1775928418150-74463920.webp
  [200] https://kakobuy-cn.com/spreadsheet/electronics/apple-airpods-max-headphones-4b45ba/
  [200] https://kakobuy-cn.com/spreadsheet/electronics/portable-bluetooth-speaker-s540-blue-audio-device-b85612/
  [0] https://kakobuy-cn.com/spreadsheet/electronics/samsung-galaxy-watch-w7orange-smartwatch-24b433/
  [0] https://kakobuy-cn.com/spreadsheet/electronics/ysl-pink-crystal-iphone-case-bd077f/
  [200] https://cdn.maisonlooks.com/products/file-1776362438475-508679200.webp
  [200] https://cdn.maisonlooks.com/products/file-1775459568672-448207106.webp
  [200] https://cdn.maisonlooks.com/products/file-1778673365610-123478151.webp
  [403] https://www.reddit.com/r/kakobuy/
https://kakobuy-cn.com/es/blog/page/4/
  [200] https://kakobuy-cn.com/blog/telegram-finds-spreadsheet-kakobuy-link-hygiene/
  [200] https://kakobuy-cn.com/blog/spreadsheet-row-archiving-vanished-listings/
  [200] https://kakobuy-cn.com/blog/yupoo-album-spreadsheet-kakobuy-intake/
  [200] https://kakobuy-cn.com/es/blog/page/5/
  [200] https://kakobuy-cn.com/blog/kakobuy-domestic-returns-before-international-ship/
  [200] https://kakobuy-cn.com/blog/kakobuy-net-finds-spreadsheet-lane/
  [403] https://www.reddit.com/r/kakobuy/
https://kakobuy-cn.com/blog/kakobuy-app-vs-web-2026-comparison/
  [200] https://kakobuy-cn.com/blog/kakobuy-links-discovery-url-hygiene/
  [403] https://www.reddit.com/r/kakobuy/
https://kakobuy-cn.com/blog/google-sheets-sharing-spreadsheet-curator-opsec/
  [200] https://kakobuy-cn.com/blog/kakobuy-top-up-payment-rails-exchange-rates/
  [200] https://support.google.com/docs/answer/2494822
  [403] https://www.reddit.com/r/kakobuy/
https://kakobuy-cn.com/pl/blog/
  [200] https://kakobuy-cn.com/pl/blog/page/2/
  [403] https://www.reddit.com/r/kakobuy/
https://kakobuy-cn.com/category/jackets/
  [200] https://cdn.maisonlooks.com/products/file-1778684724392-928559128.webp
  [200] https://cdn.maisonlooks.com/products/file-1775307714265-972503161.webp
  [200] https://cdn.maisonlooks.com/products/file-1778670571651-315331061.webp
  [200] https://cdn.maisonlooks.com/products/file-1778678299893-203416415.webp
  [200] https://kakobuy-cn.com/spreadsheet/jackets/burberry-navy-hoodie-with-embroidery-640813/
  [200] https://kakobuy-cn.com/spreadsheet/jackets/burberry-grey-b-logo-zip-up-hoodie-a327e7/
  [200] https://cdn.maisonlooks.com/products/file-1778670221940-312090341.webp
  [200] https://cdn.maisonlooks.com/products/file-1775565717819-612065403.webp
  [200] https://kakobuy-cn.com/spreadsheet/jackets/fendi-iconic-ff-logo-jacket-black-0341fe/
  [200] https://cdn.maisonlooks.com/products/file-1775519720196-36815861.webp
  [200] https://kakobuy-cn.com/spreadsheet/jackets/balenciaga-white-logo-embroidered-jacket-ba5aaf/
  [200] https://cdn.maisonlooks.com/products/file-1778670584555-905986858.webp
  [200] https://cdn.maisonlooks.com/products/file-1778669151315-422045397.webp
  [200] https://kakobuy-cn.com/spreadsheet/jackets/moncler-grey-zip-up-hoodie-a9b7e0/
  [200] https://kakobuy-cn.com/pt/category/jackets/
  [200] https://cdn.maisonlooks.com/products/file-1778670583527-119388514.webp
  [200] https://cdn.maisonlooks.com/products/file-1778681986317-108130972.webp
  [200] https://kakobuy-cn.com/spreadsheet/jackets/moncler-navy-blue-zip-up-hoodie-972a67/
  [200] https://kakobuy-cn.com/spreadsheet/jackets/supreme-grey-supreme-jacket-e8b7b8/
  [200] https://kakobuy-cn.com/spreadsheet/jackets/versace-runners-black-medusa-logo-jacket-fd5f8b/
  [200] https://cdn.maisonlooks.com/products/file-1778670568860-698223404.webp
  [200] https://kakobuy-cn.com/spreadsheet/jackets/nike-paris-saint-germain-tech-fleece-jacket-black-52128c/
  [200] https://cdn.maisonlooks.com/products/file-1778669130534-647710382.webp
  [200] https://cdn.maisonlooks.com/products/file-1778654606971-217055094.webp
  [200] https://kakobuy-cn.com/spreadsheet/jackets/louis-vuitton-damier-tabi-jacket-0f4604/
  [200] https://kakobuy-cn.com/spreadsheet/jackets/louis-vuitton-tabi-monogram-print-jacket-black-white-72b16e/
  [200] https://cdn.maisonlooks.com/products/file-1778668310571-59834462.webp
  [200] https://cdn.maisonlooks.com/products/file-1778670584764-966674053.webp
  [200] https://kakobuy-cn.com/spreadsheet/jackets/light-blue-tech-fleece-hoodie-jacket-9e3577/
  [200] https://cdn.maisonlooks.com/products/file-1778670584232-855668183.webp
  [200] https://kakobuy-cn.com/spreadsheet/jackets/fendi-iconic-ff-logo-jacket-brown-6b32ee/
  [200] https://cdn.maisonlooks.com/products/file-1775981366490-300678150.webp
  [200] https://kakobuy-cn.com/spreadsheet/jackets/louis-vuitton-monogram-lightweight-jacket-5ff715/
  [200] https://cdn.maisonlooks.com/products/file-1778668321333-746373975.webp
  [200] https://cdn.maisonlooks.com/products/file-1775320371077-471793034.webp
  [200] https://cdn.maisonlooks.com/products/file-1778670582967-401349264.webp
  [200] https://kakobuy-cn.com/es/category/jackets/
  [200] https://kakobuy-cn.com/spreadsheet/jackets/nocta-green-softshell-hoodie-jacket-ef20c0/
  [200] https://cdn.maisonlooks.com/products/file-1778681484413-236779025.webp
  [200] https://kakobuy-cn.com/spreadsheet/jackets/polo-ralph-lauren-black-zip-up-hoodie-4f02e9/
  [200] https://cdn.maisonlooks.com/products/file-1778678339353-433711413.webp
  [200] https://kakobuy-cn.com/spreadsheet/jackets/lacoste-navy-zip-up-hoodie-906013/
  [200] https://cdn.maisonlooks.com/products/file-1778671289461-537661148.webp
  [200] https://cdn.maisonlooks.com/products/file-1778678562261-132708606.webp
  [200] https://kakobuy-cn.com/spreadsheet/jackets/maison-mihara-yasuhiro-mmy-blakey-pixel-denim-jacket-f69ae1/
  [200] https://kakobuy-cn.com/spreadsheet/jackets/burberry-navy-hoodie-with-striped-zipper-e16bd5/
  [200] https://kakobuy-cn.com/spreadsheet/jackets/dior-classic-flap-hooded-puffer-vest-25-e2a08e/
  [200] https://kakobuy-cn.com/spreadsheet/jackets/stone-island-68-15-black-hoodie-f0557c/
  [200] https://kakobuy-cn.com/spreadsheet/jackets/black-and-light-grey-tech-fleece-jacket-0688b0/
  [200] https://kakobuy-cn.com/spreadsheet/jackets/stone-island-68-15-olive-green-hoodie-b9ffae/
  [200] https://kakobuy-cn.com/fr/category/jackets/
  [200] https://kakobuy-cn.com/spreadsheet/jackets/balenciaga-monogram-pattern-jacket-black-af6905/
  [200] https://kakobuy-cn.com/spreadsheet/jackets/fendi-iconic-ff-print-jacket-navy-073948/
  [200] https://kakobuy-cn.com/spreadsheet/jackets/supreme-bb-36-purple-hooded-jacket-1e5aa2/
  [200] https://cdn.maisonlooks.com/products/file-1778668318587-487846621.webp
  [200] https://kakobuy-cn.com/spreadsheet/jackets/moncler-black-zip-up-hoodie-with-red-blue-white-stripes-a7dc2b/
  [200] https://kakobuy-cn.com/spreadsheet/jackets/nike-air-lightning-neon-yellow-jacket-03d4fa/
  [200] https://cdn.maisonlooks.com/products/file-1778671020391-808301439.webp
  [200] https://cdn.maisonlooks.com/products/file-1775307714201-857024249.webp
  [200] https://kakobuy-cn.com/spreadsheet/jackets/polo-ralph-lauren-polo-bear-full-zip-hoodie-l040-black-7bc237/
  [200] https://cdn.maisonlooks.com/products/file-1778670582479-544938322.webp
  [200] https://cdn.maisonlooks.com/products/file-1778672055026-545816716.webp
  [200] https://maisonlooks.com/c/jackets
  [403] https://www.reddit.com/r/kakobuy/
https://kakobuy-cn.com/category/jersey/
  [200] https://cdn.maisonlooks.com/products/file-1775757206780-753212490.webp
  [200] https://kakobuy-cn.com/spreadsheet/jersey/joma-atl-tico-madrid-away-jersey-blue-plaid-football-shirt-309da8/
  [200] https://kakobuy-cn.com/spreadsheet/jersey/nike-air-jordan-13-miami-jersey-red-74e3a8/
  [200] https://kakobuy-cn.com/spreadsheet/jersey/mitchell-ness-bulls-23-green-basketball-jersey-135ec8/
  [200] https://kakobuy-cn.com/spreadsheet/jersey/amiri-white-red-palm-trees-jersey-t-shirt-9fac97/
  [200] https://kakobuy-cn.com/spreadsheet/jersey/nike-air-jordan-1-buzz-city-002-basketball-jersey-b413ee/
  [200] https://kakobuy-cn.com/fr/category/jersey/
  [200] https://cdn.maisonlooks.com/products/file-1776358641942-124708879.webp
  [200] https://cdn.maisonlooks.com/products/file-1778682813314-227968650.webp
  [200] https://cdn.maisonlooks.com/products/file-1776358643763-357351667.webp
  [200] https://cdn.maisonlooks.com/products/file-1775755335291-946701204.webp
  [200] https://kakobuy-cn.com/spreadsheet/jersey/white-queen-07-baseball-jersey-dress-b95c57/
  [200] https://kakobuy-cn.com/spreadsheet/jersey/nike-paris-saint-germain-black-pink-training-jersey-e5aeae/
  [200] https://cdn.maisonlooks.com/products/file-1775950299154-700651569.webp
  [200] https://cdn.maisonlooks.com/products/file-1775936766140-890339221.webp
  [200] https://kakobuy-cn.com/spreadsheet/jersey/errea-sheffield-united-black-lightning-jersey-cde44d/
  [200] https://cdn.maisonlooks.com/products/file-1775748946103-681448399.webp
  [200] https://cdn.maisonlooks.com/products/file-1778682815209-899273300.webp
  [200] https://kakobuy-cn.com/spreadsheet/jersey/black-queen-07-jersey-dress-dcb306/
  [200] https://cdn.maisonlooks.com/products/file-1775950847388-55518662.webp
  [200] https://kakobuy-cn.com/spreadsheet/jersey/nike-fc-barcelona-x-rolling-stones-jersey-red-blue-cc599e/
  [200] https://kakobuy-cn.com/spreadsheet/jersey/joma-torino-fc-red-home-jersey-44aebe/
  [200] https://cdn.maisonlooks.com/products/file-1775466330964-192787848.webp
  [200] https://kakobuy-cn.com/spreadsheet/jersey/nike-air-jordan-white-green-saudi-home-jersey-29ac9b/
  [200] https://kakobuy-cn.com/spreadsheet/jersey/white-queen-07-baseball-jersey-dress-1883ff/
  [200] https://cdn.maisonlooks.com/products/file-1778682807030-89020241.webp
  [200] https://cdn.maisonlooks.com/products/file-1775950848793-149989733.webp
  [200] https://cdn.maisonlooks.com/products/file-1778681898241-772484635.webp
  [200] https://kakobuy-cn.com/spreadsheet/jersey/macron-black-red-striped-soccer-jersey-19f905/
  [200] https://kakobuy-cn.com/spreadsheet/jersey/kappa-roma-football-jersey-white-red-a5a25e/
  [200] https://cdn.maisonlooks.com/products/file-1775739943517-923084092.webp
  [200] https://kakobuy-cn.com/spreadsheet/jersey/adidas-ronaldo-9-jersey-yellow-brazil-home-f43254/
  [200] https://cdn.maisonlooks.com/products/file-1778646221588-426599764.webp
  [200] https://kakobuy-cn.com/spreadsheet/jersey/mitchell-ness-toronto-raptors-tradition-classics-purple-jersey-de2665/
  [200] https://kakobuy-cn.com/spreadsheet/jersey/adidas-serie-a-germany-away-jersey-pink-688cc3/
  [200] https://kakobuy-cn.com/es/category/jersey/
  [200] https://cdn.maisonlooks.com/products/file-1775755335928-867097767.webp
  [200] https://maisonlooks.com/c/jersey
  [200] https://cdn.maisonlooks.com/products/file-1775944612435-131223060.webp
  [200] https://kakobuy-cn.com/spreadsheet/jersey/mitchell-ness-michael-jordan-white-blue-red-002-all-star-jersey-2e36ee/
  [200] https://kakobuy-cn.com/spreadsheet/jersey/errea-molino-castillo-goup-soccer-jersey-grey-ddd76b/
  [200] https://cdn.maisonlooks.com/products/file-1775757198588-94134986.webp
  [200] https://cdn.maisonlooks.com/products/file-1776360130337-898611345.webp
  [200] https://cdn.maisonlooks.com/products/file-1775755331808-94323551.webp
  [200] https://cdn.maisonlooks.com/products/file-1775757195516-813126522.webp
  [200] https://kakobuy-cn.com/spreadsheet/jersey/nike-fc-barcelona-black-training-jersey-829fb9/
  [0] https://kakobuy-cn.com/pt/category/jersey/
  [403] https://www.reddit.com/r/kakobuy/
https://kakobuy-cn.com/pt/blog/page/2/
  [200] https://kakobuy-cn.com/pt/blog/page/3/
  [403] https://www.reddit.com/r/kakobuy/
https://kakobuy-cn.com/es/blog/page/5/
  [200] https://kakobuy-cn.com/blog/litbuy-agent-taobao-weidian-context/
  [200] https://kakobuy-cn.com/blog/reverse-image-search-taobao-weidian-listings/
  [200] https://kakobuy-cn.com/es/blog/page/6/
  [200] https://kakobuy-cn.com/blog/oopbuy-agent-user-experience-shell/
  [403] https://www.reddit.com/r/kakobuy/
https://kakobuy-cn.com/blog/telegram-finds-spreadsheet-kakobuy-link-hygiene/
  [200] https://kakobuy-cn.com/blog/kakobuy-discord/
  [200] https://telegram.org/faq
  [403] https://www.reddit.com/r/kakobuy/
  [0] https://kakobuy-cn.com/blog/kakobuy-weidian/
https://kakobuy-cn.com/blog/kakobuy-discord/
  [200] https://kakobuy-cn.com/join/discord
  [403] https://www.reddit.com/r/kakobuy/
https://kakobuy-cn.com/pl/how-to-buy/
  [200] https://kakobuy.com/service/help/question?id=84&cid=35
  [200] https://kakobuy.com/service/help/question?id=1&cid=35
  [200] https://kakobuy.com/service/help/question?id=47&cid=35
  [200] https://kakobuy.com/service/help/question?id=87&cid=35
  [200] https://kakobuy.com/service/help/question?id=78&cid=35
  [200] https://kakobuy.com/service/help/question?id=75&cid=35
  [200] https://kakobuy.com/service/help/question?id=74&cid=35
  [200] https://kakobuy.com/service/help/question?id=76&cid=35
  [200] https://kakobuy.com/service/help/question?id=48&cid=35
  [200] https://kakobuy.com/service/help/question?id=85&cid=35
  [200] https://kakobuy.com/service/help/question?id=86&cid=35
  [200] https://kakobuy.com/service/help/question?id=90&cid=35
  [200] https://kakobuy.com/service/help/question?id=88&cid=35
  [200] https://kakobuy.com/service/help/question?id=125&cid=35
  [200] https://kakobuy.com/service/help/question?id=89&cid=35
  [200] https://kakobuy.com/service/help/question?id=83&cid=35
  [200] https://kakobuy.com/service/help/question?id=80&cid=35
  [200] https://kakobuy.com/service/help/question?id=4&cid=35
  [200] https://kakobuy.com/service/help/question?id=79&cid=35
  [200] https://kakobuy.com/service/help/question?id=82&cid=35
  [200] https://kakobuy.com/service/help/question?id=77&cid=35
  [403] https://www.reddit.com/r/kakobuy/
https://kakobuy-cn.com/join/discord
  [200] https://kakobuy-cn.com/join/discord/
https://kakobuy-cn.com/pl/blog/page/2/
  [200] https://kakobuy-cn.com/pl/blog/page/3/
  [403] https://www.reddit.com/r/kakobuy/
https://kakobuy-cn.com/fr/blog/
  [200] https://kakobuy-cn.com/fr/blog/page/2/
  [403] https://www.reddit.com/r/kakobuy/
https://kakobuy-cn.com/it/blog/
  [200] https://kakobuy-cn.com/it/blog/page/2/
  [403] https://www.reddit.com/r/kakobuy/
https://kakobuy-cn.com/fr/blog/page/2/
  [200] https://kakobuy-cn.com/fr/blog/page/3/
  [403] https://www.reddit.com/r/kakobuy/
https://kakobuy-cn.com/pt/blog/page/3/
  [200] https://kakobuy-cn.com/pt/blog/page/4/
  [403] https://www.reddit.com/r/kakobuy/
https://kakobuy-cn.com/it/blog/page/2/
  [200] https://kakobuy-cn.com/it/blog/page/3/
  [403] https://www.reddit.com/r/kakobuy/
https://kakobuy-cn.com/fr/blog/page/3/
  [200] https://kakobuy-cn.com/fr/blog/page/4/
  [403] https://www.reddit.com/r/kakobuy/
https://kakobuy-cn.com/pt/blog/page/4/
  [200] https://kakobuy-cn.com/pt/blog/page/5/
  [403] https://www.reddit.com/r/kakobuy/
https://kakobuy-cn.com/de/blog/page/3/
  [200] https://kakobuy-cn.com/de/blog/page/4/
  [403] https://www.reddit.com/r/kakobuy/
https://kakobuy-cn.com/blog/litbuy-agent-taobao-weidian-context/
  [200] https://litbuy.com/
  [403] https://www.reddit.com/r/kakobuy/
  [0] https://kakobuy-cn.com/blog/kakobuy-weidian/
https://kakobuy-cn.com/fr/blog/page/4/
  [200] https://kakobuy-cn.com/fr/blog/page/5/
  [403] https://www.reddit.com/r/kakobuy/
https://kakobuy-cn.com/blog/kakobuy-coupons/
  [200] https://www.jadeship.com/agents/kakobuy/discount
  [403] https://www.reddit.com/r/kakobuy/
https://kakobuy-cn.com/pt/blog/page/5/
  [200] https://kakobuy-cn.com/pt/blog/page/6/
  [403] https://www.reddit.com/r/kakobuy/
https://kakobuy-cn.com/de/blog/page/4/
  [200] https://kakobuy-cn.com/de/blog/page/5/
  [403] https://www.reddit.com/r/kakobuy/
https://kakobuy-cn.com/es/
  [0] https://kakobuy-cn.com/es/category/hoodies/
  [200] https://kakobuy-cn.com/es/category/shoes/
  [403] https://www.reddit.com/r/kakobuy/
https://kakobuy-cn.com/blog/double-11-logistics-interop-spreadsheet-buyers/
  [200] https://technode.com/2024/11/05/undercurrents-in-double-11-whats-changed-and-whats-not/
  [403] https://www.reddit.com/r/kakobuy/
https://kakobuy-cn.com/blog/china-public-holidays-agent-forwarding-2026/
  [200] https://english.www.gov.cn/policies/featured/202511/04/content_WS6909c915c6d00ca5f9a074f7.html
  [200] https://www.gov.cn/zhengce/content/202511/content_7047090.htm
  [403] https://www.reddit.com/r/kakobuy/
  [0] https://kakobuy-cn.com/blog/kakobuy-weidian/
https://kakobuy-cn.com/it/blog/page/3/
  [200] https://kakobuy-cn.com/it/blog/page/4/
  [403] https://www.reddit.com/r/kakobuy/
https://kakobuy-cn.com/spreadsheet/hoodies/amiri-hoodie-navy-blue-amiri-logo-pullover-1a99b4/
  [200] https://maisonlooks.com/p/amiri-hoodie-navy-blue-amiri-logo-pullover-1a99b4
  [403] https://www.reddit.com/r/kakobuy/
https://kakobuy-cn.com/fr/blog/page/5/
  [200] https://kakobuy-cn.com/fr/blog/page/6/
  [403] https://www.reddit.com/r/kakobuy/
https://kakobuy-cn.com/de/blog/page/5/
  [200] https://kakobuy-cn.com/de/blog/page/6/
  [403] https://www.reddit.com/r/kakobuy/
https://kakobuy-cn.com/pl/blog/page/3/
  [200] https://kakobuy-cn.com/pl/blog/page/4/
  [403] https://www.reddit.com/r/kakobuy/
https://kakobuy-cn.com/it/blog/page/4/
  [200] https://kakobuy-cn.com/it/blog/page/5/
  [403] https://www.reddit.com/r/kakobuy/
https://kakobuy-cn.com/spreadsheet/other/tommy-hilfiger-classic-logo-underwear-set-black-red-navy-99de03/
  [200] https://maisonlooks.com/p/tommy-hilfiger-classic-logo-underwear-set-black-red-navy-99de03
  [403] https://www.reddit.com/r/kakobuy/
https://kakobuy-cn.com/spreadsheet/t-shirts/burberry-tb-monogram-white-t-shirt-272b7c/
  [200] https://maisonlooks.com/p/burberry-tb-monogram-white-t-shirt-272b7c
  [403] https://www.reddit.com/r/kakobuy/
https://kakobuy-cn.com/spreadsheet/perfume/giorgio-armani-acqua-di-gi-4-piece-30ml-set-fb6605/
  [200] https://kakobuy-cn.com/_astro/_slug_.Ds0lI0C0.css
  [200] https://maisonlooks.com/p/giorgio-armani-acqua-di-gi-4-piece-30ml-set-fb6605
  [403] https://www.reddit.com/r/kakobuy/
https://kakobuy-cn.com/pl/blog/page/4/
  [200] https://kakobuy-cn.com/pl/blog/page/5/
  [403] https://www.reddit.com/r/kakobuy/
https://kakobuy-cn.com/blog/
  [200] https://kakobuy-cn.com/blog/page/2/
  [403] https://www.reddit.com/r/kakobuy/
https://kakobuy-cn.com/blog/kakobuy-net-finds-spreadsheet-lane/
  [200] https://kakobuy.net/
  [403] https://www.reddit.com/r/kakobuy/
  [0] https://kakobuy-cn.com/blog/kakobuy-weidian/
https://kakobuy-cn.com/spreadsheet/other/calvin-klein-3-pack-underwear-trunks-1a796b/
  [200] https://maisonlooks.com/p/calvin-klein-3-pack-underwear-trunks-1a796b
  [403] https://www.reddit.com/r/kakobuy/
https://kakobuy-cn.com/spreadsheet/pants/moncler-navy-knit-hat-scarf-set-94695f/
  [200] https://maisonlooks.com/p/moncler-navy-knit-hat-scarf-set-94695f
  [403] https://www.reddit.com/r/kakobuy/
https://kakobuy-cn.com/spreadsheet/shoes/saint-laurent-ysl-kate-gold-heels-275095/
  [200] https://maisonlooks.com/p/saint-laurent-ysl-kate-gold-heels-275095
  [403] https://www.reddit.com/r/kakobuy/
https://kakobuy-cn.com/blog/kakobuy-spreadsheet-to-parcel-checklist/
  [200] https://world.taobao.com/
  [200] https://www.iata.org/
  [200] https://www.alibabagroup.com/en-US/about-businesses
  [200] https://www.maersk.com/logistics-explained/transportation-and-freight/2025/03/10/air-cargo-chargeable-weight
  [403] https://www.reddit.com/r/kakobuy/
  [0] https://kakobuy-cn.com/blog/kakobuy-weidian/
https://kakobuy-cn.com/spreadsheet/t-shirts/balenciaga-white-wfp-supported-t-shirt-d21d89/
  [200] https://maisonlooks.com/p/balenciaga-white-wfp-supported-t-shirt-d21d89
  [403] https://www.reddit.com/r/kakobuy/
https://kakobuy-cn.com/spreadsheet/other/calvin-klein-cc-grey-new-3-boxers-235dc4/
  [200] https://maisonlooks.com/p/calvin-klein-cc-grey-new-3-boxers-235dc4
  [403] https://www.reddit.com/r/kakobuy/
https://kakobuy-cn.com/blog/page/2/
  [200] https://kakobuy-cn.com/blog/page/3/
  [403] https://www.reddit.com/r/kakobuy/
https://kakobuy-cn.com/pl/blog/page/5/
  [200] https://kakobuy-cn.com/pl/blog/page/6/
  [403] https://www.reddit.com/r/kakobuy/
https://kakobuy-cn.com/spreadsheet/shoes/rick-owens-geobasket-pink-high-top-boots-192eba/
  [200] https://maisonlooks.com/p/rick-owens-geobasket-pink-high-top-boots-192eba
  [403] https://www.reddit.com/r/kakobuy/
https://kakobuy-cn.com/spreadsheet/shoes/suede-loafers-in-beige-colorway-e119d9/
  [200] https://maisonlooks.com/p/suede-loafers-in-beige-colorway-e119d9
  [403] https://www.reddit.com/r/kakobuy/
https://kakobuy-cn.com/spreadsheet/shoes/dior-black-silver-mesh-heels-with-crystal-embellishments-446f1a/
  [200] https://maisonlooks.com/p/dior-black-silver-mesh-heels-with-crystal-embellishments-446f1a
  [403] https://www.reddit.com/r/kakobuy/
https://kakobuy-cn.com/spreadsheet/other/chanel-cd-boxer-briefs-solid-color-underwear-efef3c/
  [200] https://maisonlooks.com/p/chanel-cd-boxer-briefs-solid-color-underwear-efef3c
  [403] https://www.reddit.com/r/kakobuy/
https://kakobuy-cn.com/spreadsheet/shoes/yeezy-slide-pure-sand-slippers-cb44b5/
  [200] https://maisonlooks.com/p/yeezy-slide-pure-sand-slippers-cb44b5
  [403] https://www.reddit.com/r/kakobuy/
https://kakobuy-cn.com/spreadsheet/shoes/gucci-runners-black-leather-loafers-b65c43/
  [200] https://maisonlooks.com/p/gucci-runners-black-leather-loafers-b65c43
  [403] https://www.reddit.com/r/kakobuy/
https://kakobuy-cn.com/spreadsheet/perfume/montblanc-explorer-100ml-eau-de-parfum-89ee30/
  [200] https://maisonlooks.com/p/montblanc-explorer-100ml-eau-de-parfum-89ee30
  [403] https://www.reddit.com/r/kakobuy/
  [0] https://kakobuy-cn.com/spreadsheet/perfume/maison-francis-kurkdjian-baccarat-rouge-540-70ml-perfume-f57235/
https://kakobuy-cn.com/spreadsheet/shoes/tan-brogue-leather-loafers-2e6383/
  [200] https://maisonlooks.com/p/tan-brogue-leather-loafers-2e6383
  [403] https://www.reddit.com/r/kakobuy/
https://kakobuy-cn.com/blog/kakobuy-spreadsheet-hubs-compared/
  [200] https://www.kako-sheets.com/
  [200] https://kakobuy.org/
  [200] https://kakobuysheets.it.com/
  [200] https://kakospread.com/
  [200] https://spreadsheetskakobuy.com/
  [200] https://repgalaxy.com/
  [200] https://ikako.vip/r/KKBSheets
  [200] https://ikako.vip/r/clonesoles
  [200] https://ikako.vip/r/c5v3b
  [403] https://www.reddit.com/r/kakobuy/
https://kakobuy-cn.com/spreadsheet/other/dior-cd-boxer-briefs-set-blue-grey-red-4aa79b/
  [200] https://maisonlooks.com/p/dior-cd-boxer-briefs-set-blue-grey-red-4aa79b
  [403] https://www.reddit.com/r/kakobuy/
https://kakobuy-cn.com/spreadsheet/other/emporio-armani-black-blue-2-pack-underwear-06d9a2/
  [200] https://maisonlooks.com/p/emporio-armani-black-blue-2-pack-underwear-06d9a2
  [403] https://www.reddit.com/r/kakobuy/
https://kakobuy-cn.com/spreadsheet/bags/coach-signature-mini-tote-bag-brown-53f572/
  [200] https://maisonlooks.com/p/coach-signature-mini-tote-bag-brown-53f572
  [403] https://www.reddit.com/r/kakobuy/
https://kakobuy-cn.com/spreadsheet/pants/essentials-yellow-drawstring-track-pants-d01e17/
  [200] https://maisonlooks.com/p/essentials-yellow-drawstring-track-pants-d01e17
  [403] https://www.reddit.com/r/kakobuy/
https://kakobuy-cn.com/spreadsheet/other/dior-classic-logo-boxer-briefs-3-pack-d0dc77/
  [200] https://maisonlooks.com/p/dior-classic-logo-boxer-briefs-3-pack-d0dc77
  [403] https://www.reddit.com/r/kakobuy/
https://kakobuy-cn.com/spreadsheet/bags/goyard-saint-louis-1c8f79/
  [200] https://maisonlooks.com/p/goyard-saint-louis-1c8f79
  [403] https://www.reddit.com/r/kakobuy/
https://kakobuy-cn.com/spreadsheet/other/psd-space-themed-boxer-briefs-27a37e/
  [200] https://maisonlooks.com/p/psd-space-themed-boxer-briefs-27a37e
  [403] https://www.reddit.com/r/kakobuy/
https://kakobuy-cn.com/blog/page/3/
  [200] https://kakobuy-cn.com/blog/page/4/
  [403] https://www.reddit.com/r/kakobuy/
https://kakobuy-cn.com/spreadsheet/hoodies/a-bathing-ape-bape-sta-world-gone-mad-grey-hoodie-ec6a36/
  [200] https://maisonlooks.com/p/a-bathing-ape-bape-sta-world-gone-mad-grey-hoodie-ec6a36
  [403] https://www.reddit.com/r/kakobuy/
https://kakobuy-cn.com/spreadsheet/shoes/tiffany-co-return-to-tiffany-hair-dryer-set-28abf7/
  [200] https://maisonlooks.com/p/tiffany-co-return-to-tiffany-hair-dryer-set-28abf7
  [403] https://www.reddit.com/r/kakobuy/
https://kakobuy-cn.com/it/blog/page/5/
  [200] https://kakobuy-cn.com/it/blog/page/6/
  [403] https://www.reddit.com/r/kakobuy/
https://kakobuy-cn.com/spreadsheet/shoes/chanel-white-leather-mary-jane-flats-with-gold-accents-11f097/
  [200] https://maisonlooks.com/p/chanel-white-leather-mary-jane-flats-with-gold-accents-11f097
  [403] https://www.reddit.com/r/kakobuy/
https://kakobuy-cn.com/spreadsheet/pants/ami-paris-ami-de-coeur-navy-sweatpants-c343a3/
  [200] https://maisonlooks.com/p/ami-paris-ami-de-coeur-navy-sweatpants-c343a3
  [403] https://www.reddit.com/r/kakobuy/
https://kakobuy-cn.com/spreadsheet/hoodies/gucci-gg-logo-beige-crewneck-sweatshirt-f5845d/
  [200] https://maisonlooks.com/p/gucci-gg-logo-beige-crewneck-sweatshirt-f5845d
  [403] https://www.reddit.com/r/kakobuy/
https://kakobuy-cn.com/spreadsheet/electronics/harman-wind3-blue-wireless-speaker-v5-0-bb11bd/
  [200] https://maisonlooks.com/p/harman-wind3-blue-wireless-speaker-v5-0-bb11bd
  [403] https://www.reddit.com/r/kakobuy/
  [0] https://kakobuy-cn.com/spreadsheet/electronics/chrome-hearts-cross-embossed-iphone-case-black-7409d4/
https://kakobuy-cn.com/blog/page/4/
  [200] https://kakobuy-cn.com/blog/page/5/
  [403] https://www.reddit.com/r/kakobuy/
https://kakobuy-cn.com/spreadsheet/electronics/apple-airpods-max-silver-headphones-24e75f/
  [200] https://maisonlooks.com/p/apple-airpods-max-silver-headphones-24e75f
  [403] https://www.reddit.com/r/kakobuy/
  [0] https://kakobuy-cn.com/spreadsheet/electronics/ysl-pink-crystal-iphone-case-bd077f/
https://kakobuy-cn.com/spreadsheet/hoodies/maison-margiela-abstract-splatter-black-sweatshirt-53a9ef/
  [200] https://maisonlooks.com/p/maison-margiela-abstract-splatter-black-sweatshirt-53a9ef
  [403] https://www.reddit.com/r/kakobuy/
https://kakobuy-cn.com/spreadsheet/other/under-armour-boxer-briefs-4-pack-black-white-grey-red-be3977/
  [200] https://maisonlooks.com/p/under-armour-boxer-briefs-4-pack-black-white-grey-red-be3977
  [403] https://www.reddit.com/r/kakobuy/
https://kakobuy-cn.com/spreadsheet/headwear/the-north-face-basic-logo-beige-cap-89ebd6/
  [200] https://maisonlooks.com/p/the-north-face-basic-logo-beige-cap-89ebd6
  [403] https://www.reddit.com/r/kakobuy/
  [0] https://kakobuy-cn.com/spreadsheet/headwear/dior-classic-logo-monogram-baseball-cap-black-white-064b93/
https://kakobuy-cn.com/spreadsheet/shoes/balenciaga-speed-trainer-black-sock-sneakers-947f0c/
  [200] https://maisonlooks.com/p/balenciaga-speed-trainer-black-sock-sneakers-947f0c
  [403] https://www.reddit.com/r/kakobuy/
https://kakobuy-cn.com/spreadsheet/jersey/mitchell-ness-bulls-23-green-basketball-jersey-135ec8/
  [200] https://maisonlooks.com/p/mitchell-ness-bulls-23-green-basketball-jersey-135ec8
  [403] https://www.reddit.com/r/kakobuy/
https://kakobuy-cn.com/blog/qc-websites-landscape/
  [200] https://academy.findqc.com/2025/06/25/pay-tribute-to-eli-and-finds-ly/
  [200] https://www.uufinds.com/
  [403] https://www.reddit.com/r/kakobuy/
  [0] https://kakobuy-cn.com/blog/kakobuy-weidian/
https://kakobuy-cn.com/spreadsheet/shoes/crocs-bayaband-core-black-clogs-11da71/
  [200] https://maisonlooks.com/p/crocs-bayaband-core-black-clogs-11da71
  [403] https://www.reddit.com/r/kakobuy/
https://kakobuy-cn.com/spreadsheet/hoodies/maison-margiela-replica-oversized-sweatshirt-fed-m21-black-f62914/
  [200] https://maisonlooks.com/p/maison-margiela-replica-oversized-sweatshirt-fed-m21-black-f62914
  [403] https://www.reddit.com/r/kakobuy/
https://kakobuy-cn.com/spreadsheet/perfume/chanel-bleu-de-chanel-pour-homme-100ml-eau-de-toilette-e008df/
  [200] https://maisonlooks.com/p/chanel-bleu-de-chanel-pour-homme-100ml-eau-de-toilette-e008df
  [403] https://www.reddit.com/r/kakobuy/
https://kakobuy-cn.com/spreadsheet/accessories/cartier-soleil-blanc-cartier8-gradient-sunglasses-12dd06/
  [200] https://maisonlooks.com/p/cartier-soleil-blanc-cartier8-gradient-sunglasses-12dd06
  [403] https://www.reddit.com/r/kakobuy/
  [0] https://kakobuy-cn.com/spreadsheet/accessories/dior-classic-logo-white-phone-case-3b9cc2/
https://kakobuy-cn.com/spreadsheet/jackets/balenciaga-blue-01-track-jacket-eb99ac/
  [200] https://maisonlooks.com/p/balenciaga-blue-01-track-jacket-eb99ac
  [403] https://www.reddit.com/r/kakobuy/
https://kakobuy-cn.com/spreadsheet/shoes/herm-s-runner-blue-suede-loafers-6083b6/
  [200] https://maisonlooks.com/p/herm-s-runner-blue-suede-loafers-6083b6
  [403] https://www.reddit.com/r/kakobuy/
https://kakobuy-cn.com/spreadsheet/t-shirts/chrome-hearts-white-ch-cross-t-shirt-5878f8/
  [200] https://maisonlooks.com/p/chrome-hearts-white-ch-cross-t-shirt-5878f8
  [403] https://www.reddit.com/r/kakobuy/
https://kakobuy-cn.com/blog/oopbuy-agent-user-experience-shell/
  [200] https://oopbuy.com/
  [403] https://www.reddit.com/r/kakobuy/
  [0] https://kakobuy-cn.com/blog/kakobuy-weidian/
https://kakobuy-cn.com/spreadsheet/pants/stone-island-68-15-black-solid-pants-3e9463/
  [200] https://maisonlooks.com/p/stone-island-68-15-black-solid-pants-3e9463
  [403] https://www.reddit.com/r/kakobuy/
https://kakobuy-cn.com/spreadsheet/perfume/montblanc-explorer-platinum-100ml-eau-de-parfum-2d07fc/
  [200] https://maisonlooks.com/p/montblanc-explorer-platinum-100ml-eau-de-parfum-2d07fc
  [403] https://www.reddit.com/r/kakobuy/
https://kakobuy-cn.com/spreadsheet/other/louis-vuitton-tie-dye-monogram-bikini-set-08f589/
  [200] https://maisonlooks.com/p/louis-vuitton-tie-dye-monogram-bikini-set-08f589
  [403] https://www.reddit.com/r/kakobuy/
https://kakobuy-cn.com/spreadsheet/accessories/carhartt-wip-blue-moon-socks-in-ink-blue-9adf12/
  [200] https://maisonlooks.com/p/carhartt-wip-blue-moon-socks-in-ink-blue-9adf12
  [403] https://www.reddit.com/r/kakobuy/
https://kakobuy-cn.com/spreadsheet/t-shirts/nike-dri-fit-purple-t-shirt-men-s-6cac80/
  [200] https://maisonlooks.com/p/nike-dri-fit-purple-t-shirt-men-s-6cac80
  [403] https://www.reddit.com/r/kakobuy/
https://kakobuy-cn.com/spreadsheet/perfume/hawas-for-him-edp-perfume-36cdc7/
  [200] https://maisonlooks.com/p/hawas-for-him-edp-perfume-36cdc7
  [403] https://www.reddit.com/r/kakobuy/
https://kakobuy-cn.com/spreadsheet/accessories/chanel-classic-flap-gold-iphone-case-e713e0/
  [200] https://maisonlooks.com/p/chanel-classic-flap-gold-iphone-case-e713e0
  [403] https://www.reddit.com/r/kakobuy/
  [0] https://kakobuy-cn.com/spreadsheet/accessories/fendi-ff-logo-belt-in-brown-and-black-119267/
https://kakobuy-cn.com/spreadsheet/shoes/loro-piana-suede-loafers-grey-leather-flats-44a78b/
  [200] https://maisonlooks.com/p/loro-piana-suede-loafers-grey-leather-flats-44a78b
  [403] https://www.reddit.com/r/kakobuy/
https://kakobuy-cn.com/spreadsheet/shoes/nike-air-max-90-black-white-slide-sandals-a1a276/
  [200] https://maisonlooks.com/p/nike-air-max-90-black-white-slide-sandals-a1a276
  [403] https://www.reddit.com/r/kakobuy/
https://kakobuy-cn.com/spreadsheet/pants/gallery-dept-art-that-kills-black-sweatpants-8155d3/
  [200] https://maisonlooks.com/p/gallery-dept-art-that-kills-black-sweatpants-8155d3
  [403] https://www.reddit.com/r/kakobuy/
https://kakobuy-cn.com/spreadsheet/shoes/tod-s-dolcevita-light-blue-loafers-f22bc4/
  [200] https://maisonlooks.com/p/tod-s-dolcevita-light-blue-loafers-f22bc4
  [403] https://www.reddit.com/r/kakobuy/
https://kakobuy-cn.com/spreadsheet/jackets/balenciaga-white-logo-embroidered-jacket-ba5aaf/
  [200] https://maisonlooks.com/p/balenciaga-white-logo-embroidered-jacket-ba5aaf
  [403] https://www.reddit.com/r/kakobuy/
https://kakobuy-cn.com/spreadsheet/shoes/adidas-yeezy-slide-bone-white-6345-sandals-b2d6c1/
  [200] https://maisonlooks.com/p/adidas-yeezy-slide-bone-white-6345-sandals-b2d6c1
  [403] https://www.reddit.com/r/kakobuy/
https://kakobuy-cn.com/spreadsheet/shoes/timberland-6-inch-premium-red-boots-c98e08/
  [200] https://maisonlooks.com/p/timberland-6-inch-premium-red-boots-c98e08
  [403] https://www.reddit.com/r/kakobuy/
https://kakobuy-cn.com/spreadsheet/accessories/bape-bathtub-print-iphone-case-544196/
  [200] https://maisonlooks.com/p/bape-bathtub-print-iphone-case-544196
  [403] https://www.reddit.com/r/kakobuy/
  [0] https://kakobuy-cn.com/spreadsheet/accessories/carhartt-black-red-logo-socks-55de6a/
  [0] https://kakobuy-cn.com/spreadsheet/accessories/dior-classic-logo-white-phone-case-3b9cc2/
  [0] https://kakobuy-cn.com/spreadsheet/accessories/christian-louboutin-embroidered-tassel-bookmark-in-white-and-black-8bc334/
https://kakobuy-cn.com/spreadsheet/other/psd-stay-loud-boxer-briefs-underwear-a1bfa6/
  [200] https://maisonlooks.com/p/psd-stay-loud-boxer-briefs-underwear-a1bfa6
  [403] https://www.reddit.com/r/kakobuy/
https://kakobuy-cn.com/spreadsheet/pants/burberry-black-solid-trousers-9b4c97/
  [200] https://maisonlooks.com/p/burberry-black-solid-trousers-9b4c97
  [403] https://www.reddit.com/r/kakobuy/
https://kakobuy-cn.com/spreadsheet/perfume/bvlgari-blv-pour-homme-edt-eau-de-toilette-5911b4/
  [200] https://maisonlooks.com/p/bvlgari-blv-pour-homme-edt-eau-de-toilette-5911b4
  [403] https://www.reddit.com/r/kakobuy/
https://kakobuy-cn.com/spreadsheet/headwear/balenciaga-bb-logo-denim-cap-grey-dc67f2/
  [200] https://maisonlooks.com/p/balenciaga-bb-logo-denim-cap-grey-dc67f2
  [403] https://www.reddit.com/r/kakobuy/
https://kakobuy-cn.com/spreadsheet/other/playboy-butterfly-print-boxer-shorts-2d5908/
  [200] https://maisonlooks.com/p/playboy-butterfly-print-boxer-shorts-2d5908
  [403] https://www.reddit.com/r/kakobuy/
https://kakobuy-cn.com/spreadsheet/headwear/moncler-pink-pom-pom-beanie-hat-46daeb/
  [200] https://maisonlooks.com/p/moncler-pink-pom-pom-beanie-hat-46daeb
  [403] https://www.reddit.com/r/kakobuy/
  [0] https://kakobuy-cn.com/spreadsheet/headwear/dior-classic-logo-monogram-baseball-cap-black-white-064b93/
  [0] https://kakobuy-cn.com/spreadsheet/headwear/ugg-black-pom-pom-beanie-hat-dac6b7/
https://kakobuy-cn.com/spreadsheet/other/kenzo-tiger-boxer-briefs-black-white-grey-284b69/
  [200] https://maisonlooks.com/p/kenzo-tiger-boxer-briefs-black-white-grey-284b69
  [403] https://www.reddit.com/r/kakobuy/
https://kakobuy-cn.com/spreadsheet/shoes/loro-p-suede-loafers-beige-leather-shoes-80672d/
  [200] https://maisonlooks.com/p/loro-p-suede-loafers-beige-leather-shoes-80672d
  [403] https://www.reddit.com/r/kakobuy/
https://kakobuy-cn.com/spreadsheet/shoes/a-bathing-ape-bape-sta-runner-white-red-sneakers-faaee8/
  [200] https://maisonlooks.com/p/a-bathing-ape-bape-sta-runner-white-red-sneakers-faaee8
  [403] https://www.reddit.com/r/kakobuy/
https://kakobuy-cn.com/spreadsheet/headwear/fendi-high-version6-logo-print-baseball-cap-a362d1/
  [200] https://maisonlooks.com/p/fendi-high-version6-logo-print-baseball-cap-a362d1
  [403] https://www.reddit.com/r/kakobuy/
https://kakobuy-cn.com/spreadsheet/t-shirts/gallery-dept-buried-alive-t-shirt-cream-0dd496/
  [200] https://maisonlooks.com/p/gallery-dept-buried-alive-t-shirt-cream-0dd496
  [403] https://www.reddit.com/r/kakobuy/
https://kakobuy-cn.com/spreadsheet/jackets/burberry-grey-b-logo-zip-up-hoodie-a327e7/
  [200] https://maisonlooks.com/p/burberry-grey-b-logo-zip-up-hoodie-a327e7
  [403] https://www.reddit.com/r/kakobuy/
https://kakobuy-cn.com/spreadsheet/hoodies/unisex-distressed-washed-black-hoodie-with-front-pocket-f32cda/
  [200] https://maisonlooks.com/p/unisex-distressed-washed-black-hoodie-with-front-pocket-f32cda
  [403] https://www.reddit.com/r/kakobuy/
https://kakobuy-cn.com/spreadsheet/jersey/nike-paris-saint-germain-black-pink-training-jersey-e5aeae/
  [200] https://maisonlooks.com/p/nike-paris-saint-germain-black-pink-training-jersey-e5aeae
  [403] https://www.reddit.com/r/kakobuy/
https://kakobuy-cn.com/spreadsheet/shoes/burberry-yellow-navy-horseferry-slide-sandals-e76a4b/
  [200] https://maisonlooks.com/p/burberry-yellow-navy-horseferry-slide-sandals-e76a4b
  [403] https://www.reddit.com/r/kakobuy/
https://kakobuy-cn.com/spreadsheet/electronics/jbl-portable-bluetooth-speaker-8472e7/
  [200] https://maisonlooks.com/p/jbl-portable-bluetooth-speaker-8472e7
  [403] https://www.reddit.com/r/kakobuy/
  [0] https://kakobuy-cn.com/spreadsheet/electronics/ysl-pink-crystal-iphone-case-bd077f/
https://kakobuy-cn.com/blog/page/5/
  [200] https://kakobuy-cn.com/blog/page/6/
  [403] https://www.reddit.com/r/kakobuy/
https://kakobuy-cn.com/spreadsheet/electronics/ralph-lauren-bear-car-iphone-case-cream-d8cb32/
  [200] https://maisonlooks.com/p/ralph-lauren-bear-car-iphone-case-cream-d8cb32
  [403] https://www.reddit.com/r/kakobuy/
https://kakobuy-cn.com/spreadsheet/shoes/nike-air-jordan-1-sb-la-to-chicago-cd6578-507-sneakers-908289/
  [200] https://maisonlooks.com/p/nike-air-jordan-1-sb-la-to-chicago-cd6578-507-sneakers-908289
  [403] https://www.reddit.com/r/kakobuy/
https://kakobuy-cn.com/spreadsheet/other/emporio-armani-black-grey-2-pack-underwear-8ab499/
  [200] https://maisonlooks.com/p/emporio-armani-black-grey-2-pack-underwear-8ab499
  [403] https://www.reddit.com/r/kakobuy/
https://kakobuy-cn.com/spreadsheet/jackets/louis-vuitton-damier-tabi-jacket-0f4604/
  [200] https://maisonlooks.com/p/louis-vuitton-damier-tabi-jacket-0f4604
  [403] https://www.reddit.com/r/kakobuy/
https://kakobuy-cn.com/spreadsheet/t-shirts/off-white-white-cross-print-oversized-t-shirt-2aef80/
  [200] https://maisonlooks.com/p/off-white-white-cross-print-oversized-t-shirt-2aef80
  [403] https://www.reddit.com/r/kakobuy/
https://kakobuy-cn.com/spreadsheet/headwear/coach-signature-pattern-baseball-cap-black-white-headwear-fd74be/
  [200] https://maisonlooks.com/p/coach-signature-pattern-baseball-cap-black-white-headwear-fd74be
  [403] https://www.reddit.com/r/kakobuy/
https://kakobuy-cn.com/spreadsheet/accessories/jordan-brand-phone-case-with-michael-jordan-design-465523/
  [200] https://maisonlooks.com/p/jordan-brand-phone-case-with-michael-jordan-design-465523
  [403] https://www.reddit.com/r/kakobuy/
  [0] https://kakobuy-cn.com/spreadsheet/accessories/carhartt-black-red-logo-socks-55de6a/
  [0] https://kakobuy-cn.com/spreadsheet/accessories/goyard-monogram-iphone-case-navy-blue-c0867a/
https://kakobuy-cn.com/spreadsheet/electronics/beats-studio3-wireless-headphones-black-gold-471da8/
  [200] https://maisonlooks.com/p/beats-studio3-wireless-headphones-black-gold-471da8
  [403] https://www.reddit.com/r/kakobuy/
  [0] https://kakobuy-cn.com/spreadsheet/electronics/chrome-hearts-cross-embossed-iphone-case-black-7409d4/
https://kakobuy-cn.com/spreadsheet/jackets/louis-vuitton-tabi-monogram-print-jacket-black-white-72b16e/
  [200] https://maisonlooks.com/p/louis-vuitton-tabi-monogram-print-jacket-black-white-72b16e
  [403] https://www.reddit.com/r/kakobuy/
https://kakobuy-cn.com/spreadsheet/pants/under-armour-beige-track-pants-with-zip-pockets-f5f1e7/
  [200] https://maisonlooks.com/p/under-armour-beige-track-pants-with-zip-pockets-f5f1e7
  [403] https://www.reddit.com/r/kakobuy/
https://kakobuy-cn.com/spreadsheet/jersey/adidas-juventus-25-26-away-jersey-soccer-shirt-31cf26/
  [200] https://maisonlooks.com/p/adidas-juventus-25-26-away-jersey-soccer-shirt-31cf26
  [403] https://www.reddit.com/r/kakobuy/
https://kakobuy-cn.com/spreadsheet/t-shirts/moncler-navy-dripped-logo-t-shirt-895b3c/
  [200] https://maisonlooks.com/p/moncler-navy-dripped-logo-t-shirt-895b3c
  [403] https://www.reddit.com/r/kakobuy/
https://kakobuy-cn.com/promotions/kakobuy-may-2026/
  [403] https://www.reddit.com/r/kakobuy/
https://kakobuy-cn.com/spreadsheet/hoodies/supreme-box-logo-fed-m33-grey-zip-up-hoodie-086b4b/
  [200] https://maisonlooks.com/p/supreme-box-logo-fed-m33-grey-zip-up-hoodie-086b4b
  [403] https://www.reddit.com/r/kakobuy/
  [0] https://kakobuy-cn.com/spreadsheet/hoodies/gucci-23-black-neon-graphic-sweatshirt-dd4f6d/
https://kakobuy-cn.com/spreadsheet/perfume/creed-aventus-100ml-black-eau-de-parfum-0e7860/
  [200] https://maisonlooks.com/p/creed-aventus-100ml-black-eau-de-parfum-0e7860
  [403] https://www.reddit.com/r/kakobuy/
https://kakobuy-cn.com/blog/eu-import-vat-landed-cost-spreadsheet-buyers/
  [200] https://taxation-customs.ec.europa.eu/vat-e-commerce_en
  [403] https://www.reddit.com/r/kakobuy/
https://kakobuy-cn.com/spreadsheet/hoodies/moncler-navy-blue-crewneck-sweatshirt-45f12a/
  [200] https://maisonlooks.com/p/moncler-navy-blue-crewneck-sweatshirt-45f12a
  [403] https://www.reddit.com/r/kakobuy/
https://kakobuy-cn.com/spreadsheet/hoodies/stone-island-68-15-blue-hoodie-45af75/
  [200] https://maisonlooks.com/p/stone-island-68-15-blue-hoodie-45af75
  [403] https://www.reddit.com/r/kakobuy/
  [0] https://kakobuy-cn.com/spreadsheet/hoodies/moncler-white-embroidered-crewneck-sweatshirt-3b4f80/
https://kakobuy-cn.com/spreadsheet/electronics/dyson-v15-detect-fluffy-cordless-vacuum-cleaner-132a5d/
  [200] https://maisonlooks.com/p/dyson-v15-detect-fluffy-cordless-vacuum-cleaner-132a5d
  [403] https://www.reddit.com/r/kakobuy/
https://kakobuy-cn.com/spreadsheet/headwear/canada-goose-arctic-program-beanie-cream-cf829f/
  [200] https://maisonlooks.com/p/canada-goose-arctic-program-beanie-cream-cf829f
  [403] https://www.reddit.com/r/kakobuy/
  [0] https://kakobuy-cn.com/spreadsheet/headwear/ugg-black-pom-pom-beanie-hat-dac6b7/
https://kakobuy-cn.com/spreadsheet/perfume/amouage-jubilation-40-men-s-perfume-100ml-2c4fc0/
  [200] https://maisonlooks.com/p/amouage-jubilation-40-men-s-perfume-100ml-2c4fc0
  [403] https://www.reddit.com/r/kakobuy/
https://kakobuy-cn.com/spreadsheet/pants/lacoste-navy-solid-joggers-f0ff0f/
  [200] https://maisonlooks.com/p/lacoste-navy-solid-joggers-f0ff0f
  [403] https://www.reddit.com/r/kakobuy/
  [0] https://kakobuy-cn.com/spreadsheet/pants/carhartt-detroit-black-cargo-pants-109971/
https://kakobuy-cn.com/spreadsheet/hoodies/a-bathing-ape-bape-sta-world-gone-mad-black-hoodie-786970/
  [200] https://maisonlooks.com/p/a-bathing-ape-bape-sta-world-gone-mad-black-hoodie-786970
  [403] https://www.reddit.com/r/kakobuy/
https://kakobuy-cn.com/spreadsheet/hoodies/nike-tech-fleece-zip-up-hoodie-in-grey-fd8454-f85abe/
  [200] https://maisonlooks.com/p/nike-tech-fleece-zip-up-hoodie-in-grey-fd8454-f85abe
  [403] https://www.reddit.com/r/kakobuy/
https://kakobuy-cn.com/spreadsheet/pants/adidas-adi-2000-black-track-pants-2accc9/
  [200] https://maisonlooks.com/p/adidas-adi-2000-black-track-pants-2accc9
  [403] https://www.reddit.com/r/kakobuy/
https://kakobuy-cn.com/spreadsheet/perfume/paco-rabanne-phantom-intense-blue-men-s-fragrance-100ml-9ebf00/
  [200] https://maisonlooks.com/p/paco-rabanne-phantom-intense-blue-men-s-fragrance-100ml-9ebf00
  [403] https://www.reddit.com/r/kakobuy/
https://kakobuy-cn.com/spreadsheet/shoes/prada-black-and-beige-triangle-print-heeled-mules-6f29bd/
  [200] https://maisonlooks.com/p/prada-black-and-beige-triangle-print-heeled-mules-6f29bd
  [403] https://www.reddit.com/r/kakobuy/
https://kakobuy-cn.com/spreadsheet/pants/polo-ralph-lauren-black-classic-logo-trousers-6e1d91/
  [200] https://maisonlooks.com/p/polo-ralph-lauren-black-classic-logo-trousers-6e1d91
  [403] https://www.reddit.com/r/kakobuy/
https://kakobuy-cn.com/spreadsheet/jackets/moncler-grey-zip-up-hoodie-a9b7e0/
  [200] https://maisonlooks.com/p/moncler-grey-zip-up-hoodie-a9b7e0
  [403] https://www.reddit.com/r/kakobuy/
https://kakobuy-cn.com/spreadsheet/pants/black-track-pants-with-white-stripe-and-script-logo-8d427b/
  [200] https://maisonlooks.com/p/black-track-pants-with-white-stripe-and-script-logo-8d427b
  [403] https://www.reddit.com/r/kakobuy/
https://kakobuy-cn.com/spreadsheet/shoes/sacai-x-nike-lagua-sand-black-white-sneakers-e5ab0a/
  [200] https://maisonlooks.com/p/sacai-x-nike-lagua-sand-black-white-sneakers-e5ab0a
  [403] https://www.reddit.com/r/kakobuy/
https://kakobuy-cn.com/blog/kakobuy-1688/
  [200] https://www.jadeship.com/
  [403] https://www.reddit.com/r/kakobuy/
  [0] https://kakobuy-cn.com/blog/kakobuy-weidian/
https://kakobuy-cn.com/spreadsheet/jackets/nike-paris-saint-germain-tech-fleece-jacket-black-52128c/
  [200] https://maisonlooks.com/p/nike-paris-saint-germain-tech-fleece-jacket-black-52128c
  [403] https://www.reddit.com/r/kakobuy/
https://kakobuy-cn.com/spreadsheet/pants/louis-vuitton-black-track-pants-with-blue-and-red-side-stripes-330547/
  [200] https://maisonlooks.com/p/louis-vuitton-black-track-pants-with-blue-and-red-side-stripes-330547
  [403] https://www.reddit.com/r/kakobuy/
https://kakobuy-cn.com/spreadsheet/hoodies/stone-island-68-15-white-hoodie-with-pockets-a51d3b/
  [200] https://maisonlooks.com/p/stone-island-68-15-white-hoodie-with-pockets-a51d3b
  [403] https://www.reddit.com/r/kakobuy/
https://kakobuy-cn.com/spreadsheet/electronics/nike-phone-case-with-just-do-it-design-3da0b3/
  [200] https://maisonlooks.com/p/nike-phone-case-with-just-do-it-design-3da0b3
  [403] https://www.reddit.com/r/kakobuy/
https://kakobuy-cn.com/spreadsheet/jersey/nike-air-jordan-white-green-saudi-home-jersey-29ac9b/
  [200] https://maisonlooks.com/p/nike-air-jordan-white-green-saudi-home-jersey-29ac9b
  [403] https://www.reddit.com/r/kakobuy/
https://kakobuy-cn.com/spreadsheet/t-shirts/balenciaga-black-bb-logo-t-shirt-e7203d/
  [200] https://maisonlooks.com/p/balenciaga-black-bb-logo-t-shirt-e7203d
  [403] https://www.reddit.com/r/kakobuy/
https://kakobuy-cn.com/spreadsheet/headwear/dior-monogram-baseball-cap-in-black-87fe5c/
  [200] https://maisonlooks.com/p/dior-monogram-baseball-cap-in-black-87fe5c
  [403] https://www.reddit.com/r/kakobuy/
https://kakobuy-cn.com/spreadsheet/headwear/gucci-pink-gg-monogram-baseball-cap-4896f5/
  [200] https://maisonlooks.com/p/gucci-pink-gg-monogram-baseball-cap-4896f5
  [403] https://www.reddit.com/r/kakobuy/
https://kakobuy-cn.com/spreadsheet/jersey/nike-fc-barcelona-x-rolling-stones-jersey-red-blue-cc599e/
  [200] https://maisonlooks.com/p/nike-fc-barcelona-x-rolling-stones-jersey-red-blue-cc599e
  [403] https://www.reddit.com/r/kakobuy/
https://kakobuy-cn.com/spreadsheet/other/victoria-s-secret-red-lace-bikini-set-30097b/
  [200] https://maisonlooks.com/p/victoria-s-secret-red-lace-bikini-set-30097b
  [403] https://www.reddit.com/r/kakobuy/
https://kakobuy-cn.com/spreadsheet/hoodies/supreme-box-logo-zip-up-hoodie-fed-m33-black-27de66/
  [200] https://maisonlooks.com/p/supreme-box-logo-zip-up-hoodie-fed-m33-black-27de66
  [403] https://www.reddit.com/r/kakobuy/
https://kakobuy-cn.com/spreadsheet/shoes/birkenstock-arizona-black-white-fleece-loafers-2bf5bb/
  [200] https://maisonlooks.com/p/birkenstock-arizona-black-white-fleece-loafers-2bf5bb
  [403] https://www.reddit.com/r/kakobuy/
https://kakobuy-cn.com/blog/spreadsheet-volumetric-chargeable-weight-basics/
  [200] https://dct.dhl.com/help
  [403] https://www.reddit.com/r/kakobuy/
  [200] https://www.dhl.com/discover/en-gb/ship-with-dhl/products-and-services/weight-and-dimensions
https://kakobuy-cn.com/spreadsheet/hoodies/casablanca-tennis-club-black-hoodie-3ae1d9/
  [200] https://maisonlooks.com/p/casablanca-tennis-club-black-hoodie-3ae1d9
  [403] https://www.reddit.com/r/kakobuy/
  [0] https://kakobuy-cn.com/spreadsheet/hoodies/moncler-white-embroidered-crewneck-sweatshirt-3b4f80/
https://kakobuy-cn.com/spreadsheet/shoes/louis-vuitton-tabi-brown-leather-boots-6283bb/
  [200] https://maisonlooks.com/p/louis-vuitton-tabi-brown-leather-boots-6283bb
  [403] https://www.reddit.com/r/kakobuy/
https://kakobuy-cn.com/spreadsheet/hoodies/hellstar-black-star-flame-zip-up-hoodie-338134/
  [200] https://maisonlooks.com/p/hellstar-black-star-flame-zip-up-hoodie-338134
  [403] https://www.reddit.com/r/kakobuy/
https://kakobuy-cn.com/spreadsheet/other/supreme-underwear-set-black-white-red-grey-blue-1e5216/
  [200] https://maisonlooks.com/p/supreme-underwear-set-black-white-red-grey-blue-1e5216
  [403] https://www.reddit.com/r/kakobuy/
https://kakobuy-cn.com/spreadsheet/pants/amiri-dream-team-grey-sweatpants-a6aa2b/
  [200] https://maisonlooks.com/p/amiri-dream-team-grey-sweatpants-a6aa2b
  [403] https://www.reddit.com/r/kakobuy/
https://kakobuy-cn.com/spreadsheet/accessories/burberry-classic-check-belt-with-tb-buckle-904655/
  [200] https://maisonlooks.com/p/burberry-classic-check-belt-with-tb-buckle-904655
  [403] https://www.reddit.com/r/kakobuy/
  [0] https://kakobuy-cn.com/spreadsheet/accessories/fendi-ff-logo-belt-in-brown-and-black-119267/
https://kakobuy-cn.com/spreadsheet/jackets/maison-mihara-yasuhiro-mmy-blakey-pixel-denim-jacket-f69ae1/
  [200] https://maisonlooks.com/p/maison-mihara-yasuhiro-mmy-blakey-pixel-denim-jacket-f69ae1
  [403] https://www.reddit.com/r/kakobuy/
https://kakobuy-cn.com/spreadsheet/other/psd-comic-print-boxer-briefs-men-s-underwear-4d134c/
  [200] https://maisonlooks.com/p/psd-comic-print-boxer-briefs-men-s-underwear-4d134c
  [403] https://www.reddit.com/r/kakobuy/
https://kakobuy-cn.com/spreadsheet/other/calvin-klein-dd-009-underwear-set-24d147/
  [200] https://maisonlooks.com/p/calvin-klein-dd-009-underwear-set-24d147
  [403] https://www.reddit.com/r/kakobuy/
https://kakobuy-cn.com/spreadsheet/accessories/kaws-ornament-black-figure-statue-4226c9/
  [200] https://maisonlooks.com/p/kaws-ornament-black-figure-statue-4226c9
  [403] https://www.reddit.com/r/kakobuy/
https://kakobuy-cn.com/spreadsheet/shoes/balmain-black-white-geometric-pattern-heeled-boots-78be8b/
  [200] https://maisonlooks.com/p/balmain-black-white-geometric-pattern-heeled-boots-78be8b
  [403] https://www.reddit.com/r/kakobuy/
https://kakobuy-cn.com/spreadsheet/t-shirts/nike-dri-fit-blue-t-shirt-05b5f2/
  [200] https://maisonlooks.com/p/nike-dri-fit-blue-t-shirt-05b5f2
  [403] https://www.reddit.com/r/kakobuy/
https://kakobuy-cn.com/spreadsheet/jersey/joma-atl-tico-madrid-away-jersey-blue-plaid-football-shirt-309da8/
  [200] https://maisonlooks.com/p/joma-atl-tico-madrid-away-jersey-blue-plaid-football-shirt-309da8
  [403] https://www.reddit.com/r/kakobuy/
https://kakobuy-cn.com/spreadsheet/hoodies/white-hooded-jacket-with-black-accents-eb496c/
  [200] https://maisonlooks.com/p/white-hooded-jacket-with-black-accents-eb496c
  [403] https://www.reddit.com/r/kakobuy/
https://kakobuy-cn.com/spreadsheet/t-shirts/amiri-black-white-pattern-t-shirt-875d1e/
  [200] https://maisonlooks.com/p/amiri-black-white-pattern-t-shirt-875d1e
  [403] https://www.reddit.com/r/kakobuy/
https://kakobuy-cn.com/spreadsheet/other/lacoste-white-underwear-with-green-waistband-4427c7/
  [200] https://maisonlooks.com/p/lacoste-white-underwear-with-green-waistband-4427c7
  [403] https://www.reddit.com/r/kakobuy/
https://kakobuy-cn.com/spreadsheet/bags/louis-vuitton-supreme-x-louis-vuitton-epi-leather-wallet-black-a8bff7/
  [200] https://maisonlooks.com/p/louis-vuitton-supreme-x-louis-vuitton-epi-leather-wallet-black-a8bff7
  [403] https://www.reddit.com/r/kakobuy/
https://kakobuy-cn.com/spreadsheet/jackets/dior-classic-flap-hooded-puffer-vest-25-e2a08e/
  [200] https://maisonlooks.com/p/dior-classic-flap-hooded-puffer-vest-25-e2a08e
  [403] https://www.reddit.com/r/kakobuy/
https://kakobuy-cn.com/spreadsheet/jackets/lacoste-navy-zip-up-hoodie-906013/
  [200] https://maisonlooks.com/p/lacoste-navy-zip-up-hoodie-906013
  [403] https://www.reddit.com/r/kakobuy/
https://kakobuy-cn.com/spreadsheet/t-shirts/a-bathing-ape-steve-aoki-white-t-shirt-875238/
  [200] https://maisonlooks.com/p/a-bathing-ape-steve-aoki-white-t-shirt-875238
  [403] https://www.reddit.com/r/kakobuy/
https://kakobuy-cn.com/spreadsheet/perfume/dior-sauvage-elixir-wood-box-collection-100ml-perfume-3a6b3c/
  [200] https://maisonlooks.com/p/dior-sauvage-elixir-wood-box-collection-100ml-perfume-3a6b3c
  [403] https://www.reddit.com/r/kakobuy/
  [0] https://kakobuy-cn.com/spreadsheet/perfume/maison-francis-kurkdjian-baccarat-rouge-540-70ml-perfume-f57235/
https://kakobuy-cn.com/spreadsheet/t-shirts/polo-ralph-lauren-polo-bear-black-t-shirt-ef3216/
  [200] https://maisonlooks.com/p/polo-ralph-lauren-polo-bear-black-t-shirt-ef3216
  [403] https://www.reddit.com/r/kakobuy/
https://kakobuy-cn.com/spreadsheet/pants/arc-teryx-gamma-sl-black-trousers-e08720/
  [200] https://maisonlooks.com/p/arc-teryx-gamma-sl-black-trousers-e08720
  [403] https://www.reddit.com/r/kakobuy/
https://kakobuy-cn.com/spreadsheet/jackets/balenciaga-monogram-pattern-jacket-black-af6905/
  [200] https://maisonlooks.com/p/balenciaga-monogram-pattern-jacket-black-af6905
  [403] https://www.reddit.com/r/kakobuy/
https://kakobuy-cn.com/spreadsheet/hoodies/unisex-fed-m31-black-hoodie-with-graphic-print-65f065/
  [200] https://maisonlooks.com/p/unisex-fed-m31-black-hoodie-with-graphic-print-65f065
  [403] https://www.reddit.com/r/kakobuy/
  [0] https://kakobuy-cn.com/spreadsheet/hoodies/moncler-white-embroidered-crewneck-sweatshirt-3b4f80/
https://kakobuy-cn.com/spreadsheet/accessories/black-leather-belt-with-ornate-silver-buckle-and-rivet-details-665571/
  [200] https://maisonlooks.com/p/black-leather-belt-with-ornate-silver-buckle-and-rivet-details-665571
  [403] https://www.reddit.com/r/kakobuy/
  [0] https://kakobuy-cn.com/spreadsheet/accessories/givenchy-g-logo-navy-blue-belt-with-weave-texture-3d9b48/
  [0] https://kakobuy-cn.com/spreadsheet/accessories/goyard-monogram-iphone-case-navy-blue-c0867a/
https://kakobuy-cn.com/spreadsheet/electronics/s540-portable-bluetooth-speaker-9591e4/
  [200] https://maisonlooks.com/p/s540-portable-bluetooth-speaker-9591e4
  [403] https://www.reddit.com/r/kakobuy/
https://kakobuy-cn.com/spreadsheet/hoodies/stone-island-68-15-green-hoodie-1c7651/
  [200] https://maisonlooks.com/p/stone-island-68-15-green-hoodie-1c7651
  [403] https://www.reddit.com/r/kakobuy/
https://kakobuy-cn.com/spreadsheet/pants/stone-island-68-15-a30-cargo-pants-094ff3/
  [200] https://maisonlooks.com/p/stone-island-68-15-a30-cargo-pants-094ff3
  [403] https://www.reddit.com/r/kakobuy/
  [0] https://kakobuy-cn.com/spreadsheet/pants/carhartt-detroit-black-cargo-pants-109971/
https://kakobuy-cn.com/spreadsheet/other/dior-classic-logo-boxer-briefs-blue-44fce9/
  [200] https://maisonlooks.com/p/dior-classic-logo-boxer-briefs-blue-44fce9
  [403] https://www.reddit.com/r/kakobuy/
https://kakobuy-cn.com/spreadsheet/jackets/fendi-iconic-ff-logo-jacket-brown-6b32ee/
  [200] https://maisonlooks.com/p/fendi-iconic-ff-logo-jacket-brown-6b32ee
  [403] https://www.reddit.com/r/kakobuy/
https://kakobuy-cn.com/spreadsheet/jackets/polo-ralph-lauren-black-zip-up-hoodie-4f02e9/
  [200] https://maisonlooks.com/p/polo-ralph-lauren-black-zip-up-hoodie-4f02e9
  [403] https://www.reddit.com/r/kakobuy/
https://kakobuy-cn.com/spreadsheet/electronics/jbl-pulse5-black-portable-speaker-ffd04a/
  [200] https://maisonlooks.com/p/jbl-pulse5-black-portable-speaker-ffd04a
  [403] https://www.reddit.com/r/kakobuy/
  [0] https://kakobuy-cn.com/spreadsheet/electronics/samsung-galaxy-watch-w7orange-smartwatch-24b433/
https://kakobuy-cn.com/spreadsheet/bags/louis-vuitton-neverfull-monogram-crossbody-bag-ba85e3/
  [200] https://maisonlooks.com/p/louis-vuitton-neverfull-monogram-crossbody-bag-ba85e3
  [403] https://www.reddit.com/r/kakobuy/
  [0] https://kakobuy-cn.com/spreadsheet/bags/coach-tabby-c-buckle-leather-shoulder-bag-taupe-564dd1/
https://kakobuy-cn.com/spreadsheet/perfume/saint-laurent-l-homme-edp-orange-perfume-5d9e98/
  [200] https://maisonlooks.com/p/saint-laurent-l-homme-edp-orange-perfume-5d9e98
  [403] https://www.reddit.com/r/kakobuy/
https://kakobuy-cn.com/spreadsheet/accessories/balenciaga-logo-print-scarf-black-white-12d871/
  [200] https://maisonlooks.com/p/balenciaga-logo-print-scarf-black-white-12d871
  [403] https://www.reddit.com/r/kakobuy/
  [0] https://kakobuy-cn.com/spreadsheet/accessories/christian-louboutin-embroidered-tassel-bookmark-in-white-and-black-8bc334/
  [0] https://kakobuy-cn.com/spreadsheet/accessories/carhartt-black-red-logo-socks-55de6a/
https://kakobuy-cn.com/spreadsheet/jersey/adidas-serie-a-germany-away-jersey-pink-688cc3/
  [200] https://maisonlooks.com/p/adidas-serie-a-germany-away-jersey-pink-688cc3
  [403] https://www.reddit.com/r/kakobuy/
https://kakobuy-cn.com/blog/spreadsheet-row-archiving-vanished-listings/
  [200] https://help.archive.org/help/category/the-wayback-machine/
  [403] https://www.reddit.com/r/kakobuy/
  [0] https://kakobuy-cn.com/blog/kakobuy-weidian/
https://kakobuy-cn.com/spreadsheet/jersey/white-queen-07-baseball-jersey-dress-1883ff/
  [200] https://maisonlooks.com/p/white-queen-07-baseball-jersey-dress-1883ff
  [403] https://www.reddit.com/r/kakobuy/
https://kakobuy-cn.com/spreadsheet/perfume/jean-paul-gaultier-le-beau-fragrance-trio-set-fd1773/
  [200] https://maisonlooks.com/p/jean-paul-gaultier-le-beau-fragrance-trio-set-fd1773
  [403] https://www.reddit.com/r/kakobuy/
https://kakobuy-cn.com/spreadsheet/pants/ami-paris-beige-am-heart-logo-trousers-3d9752/
  [200] https://maisonlooks.com/p/ami-paris-beige-am-heart-logo-trousers-3d9752
  [403] https://www.reddit.com/r/kakobuy/
https://kakobuy-cn.com/spreadsheet/accessories/diesel-belt-with-logo-buckle-c27ecf/
  [200] https://maisonlooks.com/p/diesel-belt-with-logo-buckle-c27ecf
  [403] https://www.reddit.com/r/kakobuy/
  [0] https://kakobuy-cn.com/spreadsheet/accessories/dior-classic-logo-white-phone-case-3b9cc2/
https://kakobuy-cn.com/spreadsheet/jackets/supreme-grey-supreme-jacket-e8b7b8/
  [200] https://maisonlooks.com/p/supreme-grey-supreme-jacket-e8b7b8
  [403] https://www.reddit.com/r/kakobuy/
https://kakobuy-cn.com/spreadsheet/headwear/cardi-b-rules-the-world-balaclava-black-57f154/
  [200] https://maisonlooks.com/p/cardi-b-rules-the-world-balaclava-black-57f154
  [403] https://www.reddit.com/r/kakobuy/
https://kakobuy-cn.com/spreadsheet/t-shirts/palm-angels-bear-print-t-shirt-burgundy-0c8b4b/
  [200] https://maisonlooks.com/p/palm-angels-bear-print-t-shirt-burgundy-0c8b4b
  [403] https://www.reddit.com/r/kakobuy/
  [0] https://kakobuy-cn.com/spreadsheet/t-shirts/burberry-tb-logo-black-t-shirt-c208a9/
https://kakobuy-cn.com/spreadsheet/hoodies/a-bathing-ape-bape-sta-year-of-the-tiger-grey-hoodie-54e639/
  [200] https://maisonlooks.com/p/a-bathing-ape-bape-sta-year-of-the-tiger-grey-hoodie-54e639
  [403] https://www.reddit.com/r/kakobuy/
https://kakobuy-cn.com/spreadsheet/headwear/loewe-monogram-embroidered-baseball-cap-white-headwear-58b232/
  [200] https://maisonlooks.com/p/loewe-monogram-embroidered-baseball-cap-white-headwear-58b232
  [403] https://www.reddit.com/r/kakobuy/
https://kakobuy-cn.com/spreadsheet/pants/polo-ralph-lauren-big-pony-grey-sweatpants-d332c8/
  [200] https://maisonlooks.com/p/polo-ralph-lauren-big-pony-grey-sweatpants-d332c8
  [403] https://www.reddit.com/r/kakobuy/
  [0] https://kakobuy-cn.com/spreadsheet/pants/carhartt-detroit-black-cargo-pants-109971/
https://kakobuy-cn.com/spreadsheet/perfume/gucci-guilty-edt-eau-de-toilette-perfume-c40838/
  [200] https://maisonlooks.com/p/gucci-guilty-edt-eau-de-toilette-perfume-c40838
  [403] https://www.reddit.com/r/kakobuy/
https://kakobuy-cn.com/spreadsheet/jackets/nocta-green-softshell-hoodie-jacket-ef20c0/
  [200] https://maisonlooks.com/p/nocta-green-softshell-hoodie-jacket-ef20c0
  [403] https://www.reddit.com/r/kakobuy/
https://kakobuy-cn.com/spreadsheet/jackets/louis-vuitton-monogram-lightweight-jacket-5ff715/
  [200] https://maisonlooks.com/p/louis-vuitton-monogram-lightweight-jacket-5ff715
  [403] https://www.reddit.com/r/kakobuy/
https://kakobuy-cn.com/spreadsheet/other/supreme-sup-3-underwear-boxer-briefs-0d4e11/
  [200] https://maisonlooks.com/p/supreme-sup-3-underwear-boxer-briefs-0d4e11
  [403] https://www.reddit.com/r/kakobuy/
https://kakobuy-cn.com/spreadsheet/electronics/adidas-bart-simpson-phone-case-cream-8e297e/
  [200] https://maisonlooks.com/p/adidas-bart-simpson-phone-case-cream-8e297e
  [403] https://www.reddit.com/r/kakobuy/
https://kakobuy-cn.com/spreadsheet/t-shirts/burberry-black-cotton-t-shirt-with-script-logo-348adb/
  [200] https://maisonlooks.com/p/burberry-black-cotton-t-shirt-with-script-logo-348adb
  [403] https://www.reddit.com/r/kakobuy/
https://kakobuy-cn.com/spreadsheet/shoes/christian-louboutin-white-patent-leather-heels-with-bow-detail-3f4153/
  [200] https://maisonlooks.com/p/christian-louboutin-white-patent-leather-heels-with-bow-detail-3f4153
  [403] https://www.reddit.com/r/kakobuy/
https://kakobuy-cn.com/spreadsheet/perfume/bvlgari-pour-homme-soir-night-edt-perfume-127da2/
  [200] https://maisonlooks.com/p/bvlgari-pour-homme-soir-night-edt-perfume-127da2
  [403] https://www.reddit.com/r/kakobuy/
https://kakobuy-cn.com/spreadsheet/bags/coach-tabby-c-logo-black-patent-leather-shoulder-bag-9c2f5d/
  [200] https://maisonlooks.com/p/coach-tabby-c-logo-black-patent-leather-shoulder-bag-9c2f5d
  [403] https://www.reddit.com/r/kakobuy/
https://kakobuy-cn.com/spreadsheet/bags/burberry-tb-monogram-card-holder-beige-black-1ff007/
  [200] https://maisonlooks.com/p/burberry-tb-monogram-card-holder-beige-black-1ff007
  [403] https://www.reddit.com/r/kakobuy/
https://kakobuy-cn.com/spreadsheet/t-shirts/hellstar-neon-green-star-flame-t-shirt-1bcf42/
  [200] https://maisonlooks.com/p/hellstar-neon-green-star-flame-t-shirt-1bcf42
  [403] https://www.reddit.com/r/kakobuy/
https://kakobuy-cn.com/spreadsheet/accessories/ami-paris-grey-socks-with-red-heart-logo-5b7d46/
  [200] https://maisonlooks.com/p/ami-paris-grey-socks-with-red-heart-logo-5b7d46
  [403] https://www.reddit.com/r/kakobuy/
  [0] https://kakobuy-cn.com/spreadsheet/accessories/carhartt-black-red-logo-socks-55de6a/
https://kakobuy-cn.com/spreadsheet/hoodies/hellstar-light-blue-distressed-zip-up-hoodie-e52d56/
  [200] https://maisonlooks.com/p/hellstar-light-blue-distressed-zip-up-hoodie-e52d56
  [403] https://www.reddit.com/r/kakobuy/
  [0] https://kakobuy-cn.com/spreadsheet/hoodies/moncler-white-embroidered-crewneck-sweatshirt-3b4f80/
https://kakobuy-cn.com/spreadsheet/t-shirts/polo-ralph-lauren-polo-bear-navy-t-shirt-6f2e03/
  [200] https://maisonlooks.com/p/polo-ralph-lauren-polo-bear-navy-t-shirt-6f2e03
  [403] https://www.reddit.com/r/kakobuy/
https://kakobuy-cn.com/spreadsheet/other/supreme-grey-box-logo-underwear-3cfeb5/
  [200] https://maisonlooks.com/p/supreme-grey-box-logo-underwear-3cfeb5
  [403] https://www.reddit.com/r/kakobuy/
https://kakobuy-cn.com/spreadsheet/bags/gucci-green-patterned-gift-box-5c2c4e/
  [200] https://maisonlooks.com/p/gucci-green-patterned-gift-box-5c2c4e
  [403] https://www.reddit.com/r/kakobuy/
https://kakobuy-cn.com/spreadsheet/perfume/jean-paul-gaultier-ultra-male-edt-black-fragrance-f42482/
  [200] https://maisonlooks.com/p/jean-paul-gaultier-ultra-male-edt-black-fragrance-f42482
  [403] https://www.reddit.com/r/kakobuy/
https://kakobuy-cn.com/spreadsheet/pants/ami-paris-ami-de-coeur-black-heart-logo-sweatpants-956b94/
  [200] https://maisonlooks.com/p/ami-paris-ami-de-coeur-black-heart-logo-sweatpants-956b94
  [403] https://www.reddit.com/r/kakobuy/
https://kakobuy-cn.com/spreadsheet/other/armani-underwear-3-pack-in-black-grey-purple-a46946/
  [200] https://maisonlooks.com/p/armani-underwear-3-pack-in-black-grey-purple-a46946
  [403] https://www.reddit.com/r/kakobuy/
https://kakobuy-cn.com/spreadsheet/electronics/givenchy-damask-pattern-phone-case-black-red-8474c9/
  [200] https://maisonlooks.com/p/givenchy-damask-pattern-phone-case-black-red-8474c9
  [403] https://www.reddit.com/r/kakobuy/
  [0] https://kakobuy-cn.com/spreadsheet/electronics/stone-island-shadow-project-cream-phone-case-8ff61c/
https://kakobuy-cn.com/spreadsheet/other/psd-spongebob-squarepants-boxer-briefs-1fb68e/
  [200] https://maisonlooks.com/p/psd-spongebob-squarepants-boxer-briefs-1fb68e
  [403] https://www.reddit.com/r/kakobuy/
https://kakobuy-cn.com/spreadsheet/perfume/christian-louboutin-english-leather-perfume-7ba341/
  [200] https://maisonlooks.com/p/christian-louboutin-english-leather-perfume-7ba341
  [403] https://www.reddit.com/r/kakobuy/
https://kakobuy-cn.com/spreadsheet/pants/arc-teryx-alpha-sv-navy-pants-d516fd/
  [200] https://maisonlooks.com/p/arc-teryx-alpha-sv-navy-pants-d516fd
  [403] https://www.reddit.com/r/kakobuy/
https://kakobuy-cn.com/spreadsheet/hoodies/gucci-firenze-1921-black-hoodie-e3b289/
  [200] https://maisonlooks.com/p/gucci-firenze-1921-black-hoodie-e3b289
  [403] https://www.reddit.com/r/kakobuy/
https://kakobuy-cn.com/spreadsheet/electronics/beats-solo3-wireless-white-red-headphones-249150/
  [200] https://maisonlooks.com/p/beats-solo3-wireless-white-red-headphones-249150
  [403] https://www.reddit.com/r/kakobuy/
https://kakobuy-cn.com/spreadsheet/jersey/black-queen-07-jersey-dress-dcb306/
  [200] https://maisonlooks.com/p/black-queen-07-jersey-dress-dcb306
  [403] https://www.reddit.com/r/kakobuy/
https://kakobuy-cn.com/spreadsheet/headwear/lacoste-beanie-cream-crocodile-patch-winter-hat-abe11f/
  [200] https://maisonlooks.com/p/lacoste-beanie-cream-crocodile-patch-winter-hat-abe11f
  [403] https://www.reddit.com/r/kakobuy/
  [0] https://kakobuy-cn.com/spreadsheet/headwear/ugg-black-pom-pom-beanie-hat-dac6b7/
https://kakobuy-cn.com/spreadsheet/t-shirts/chrome-hearts-cross-print-t-shirt-black-ea21c0/
  [200] https://maisonlooks.com/p/chrome-hearts-cross-print-t-shirt-black-ea21c0
  [403] https://www.reddit.com/r/kakobuy/
https://kakobuy-cn.com/spreadsheet/jackets/fendi-iconic-ff-print-jacket-navy-073948/
  [200] https://maisonlooks.com/p/fendi-iconic-ff-print-jacket-navy-073948
  [403] https://www.reddit.com/r/kakobuy/
https://kakobuy-cn.com/spreadsheet/jackets/fendi-iconic-ff-logo-jacket-black-0341fe/
  [200] https://maisonlooks.com/p/fendi-iconic-ff-logo-jacket-black-0341fe
  [403] https://www.reddit.com/r/kakobuy/
https://kakobuy-cn.com/spreadsheet/t-shirts/a-bathing-ape-bape-sta-black-t-shirt-d7f5da/
  [200] https://maisonlooks.com/p/a-bathing-ape-bape-sta-black-t-shirt-d7f5da
  [403] https://www.reddit.com/r/kakobuy/
https://kakobuy-cn.com/spreadsheet/headwear/balenciaga-baseball-cap-cream-white-e0860a/
  [200] https://maisonlooks.com/p/balenciaga-baseball-cap-cream-white-e0860a
  [403] https://www.reddit.com/r/kakobuy/
https://kakobuy-cn.com/spreadsheet/jackets/moncler-black-zip-up-hoodie-with-red-blue-white-stripes-a7dc2b/
  [200] https://maisonlooks.com/p/moncler-black-zip-up-hoodie-with-red-blue-white-stripes-a7dc2b
  [403] https://www.reddit.com/r/kakobuy/
https://kakobuy-cn.com/spreadsheet/jackets/nike-air-lightning-neon-yellow-jacket-03d4fa/
  [200] https://maisonlooks.com/p/nike-air-lightning-neon-yellow-jacket-03d4fa
  [403] https://www.reddit.com/r/kakobuy/
https://kakobuy-cn.com/spreadsheet/accessories/amiri-white-leather-belt-with-black-logo-buckle-7d49d4/
  [200] https://maisonlooks.com/p/amiri-white-leather-belt-with-black-logo-buckle-7d49d4
  [403] https://www.reddit.com/r/kakobuy/
https://kakobuy-cn.com/spreadsheet/headwear/supreme-black-white-balaclava-headwear-52d35c/
  [200] https://maisonlooks.com/p/supreme-black-white-balaclava-headwear-52d35c
  [403] https://www.reddit.com/r/kakobuy/
https://kakobuy-cn.com/spreadsheet/perfume/burberry-brit-for-him-edt-perfume-74859b/
  [200] https://maisonlooks.com/p/burberry-brit-for-him-edt-perfume-74859b
  [403] https://www.reddit.com/r/kakobuy/
https://kakobuy-cn.com/spreadsheet/jackets/versace-runners-black-medusa-logo-jacket-fd5f8b/
  [200] https://maisonlooks.com/p/versace-runners-black-medusa-logo-jacket-fd5f8b
  [403] https://www.reddit.com/r/kakobuy/
https://kakobuy-cn.com/spreadsheet/headwear/dsquared2-icon-beanie-cream-headwear-2b6526/
  [200] https://maisonlooks.com/p/dsquared2-icon-beanie-cream-headwear-2b6526
  [403] https://www.reddit.com/r/kakobuy/
https://kakobuy-cn.com/spreadsheet/bags/louis-vuitton-damier-ebene-wallet-774b22/
  [200] https://maisonlooks.com/p/louis-vuitton-damier-ebene-wallet-774b22
  [403] https://www.reddit.com/r/kakobuy/
https://kakobuy-cn.com/spreadsheet/jersey/macron-black-red-striped-soccer-jersey-19f905/
  [200] https://maisonlooks.com/p/macron-black-red-striped-soccer-jersey-19f905
  [403] https://www.reddit.com/r/kakobuy/
https://kakobuy-cn.com/spreadsheet/perfume/maison-margiela-replica-sailing-day-edt-fragrance-c08b8b/
  [200] https://maisonlooks.com/p/maison-margiela-replica-sailing-day-edt-fragrance-c08b8b
  [403] https://www.reddit.com/r/kakobuy/
https://kakobuy-cn.com/spreadsheet/perfume/tom-ford-rose-d-amalfi-italian-rose-100ml-perfume-8db977/
  [200] https://maisonlooks.com/p/tom-ford-rose-d-amalfi-italian-rose-100ml-perfume-8db977
  [403] https://www.reddit.com/r/kakobuy/
https://kakobuy-cn.com/spreadsheet/other/tommy-hilfiger-black-white-navy-underwear-set-503ce3/
  [200] https://maisonlooks.com/p/tommy-hilfiger-black-white-navy-underwear-set-503ce3
  [403] https://www.reddit.com/r/kakobuy/
https://kakobuy-cn.com/spreadsheet/pants/nike-air-max-23-black-trousers-940a28/
  [200] https://maisonlooks.com/p/nike-air-max-23-black-trousers-940a28
  [403] https://www.reddit.com/r/kakobuy/
https://kakobuy-cn.com/spreadsheet/shoes/dr-martens-1460-black-leather-boots-496320/
  [200] https://maisonlooks.com/p/dr-martens-1460-black-leather-boots-496320
  [403] https://www.reddit.com/r/kakobuy/
https://kakobuy-cn.com/spreadsheet/perfume/maison-mihara-yasuhiro-l-eau-d-issey-pour-homme-edt-perfume-fef32a/
  [200] https://maisonlooks.com/p/maison-mihara-yasuhiro-l-eau-d-issey-pour-homme-edt-perfume-fef32a
  [403] https://www.reddit.com/r/kakobuy/
https://kakobuy-cn.com/spreadsheet/pants/broken-planet-market-track-pants-black-solid-casual-2adf5e/
  [200] https://maisonlooks.com/p/broken-planet-market-track-pants-black-solid-casual-2adf5e
  [403] https://www.reddit.com/r/kakobuy/
https://kakobuy-cn.com/spreadsheet/shoes/ugg-classic-short-high-top-camel-suede-boots-1699ee/
  [200] https://maisonlooks.com/p/ugg-classic-short-high-top-camel-suede-boots-1699ee
  [403] https://www.reddit.com/r/kakobuy/
https://kakobuy-cn.com/spreadsheet/t-shirts/hellstar-red-star-flame-t-shirt-bd8a8f/
  [200] https://maisonlooks.com/p/hellstar-red-star-flame-t-shirt-bd8a8f
  [403] https://www.reddit.com/r/kakobuy/
https://kakobuy-cn.com/spreadsheet/t-shirts/gallery-dept-my-batteries-died-black-t-shirt-3feee4/
  [200] https://maisonlooks.com/p/gallery-dept-my-batteries-died-black-t-shirt-3feee4
  [403] https://www.reddit.com/r/kakobuy/
https://kakobuy-cn.com/spreadsheet/jersey/kappa-roma-football-jersey-white-red-a5a25e/
  [200] https://maisonlooks.com/p/kappa-roma-football-jersey-white-red-a5a25e
  [403] https://www.reddit.com/r/kakobuy/
https://kakobuy-cn.com/spreadsheet/jersey/errea-molino-castillo-goup-soccer-jersey-grey-ddd76b/
  [200] https://maisonlooks.com/p/errea-molino-castillo-goup-soccer-jersey-grey-ddd76b
  [403] https://www.reddit.com/r/kakobuy/
https://kakobuy-cn.com/spreadsheet/accessories/audi-logo-umbrella-black-with-white-emblem-79cbef/
  [200] https://maisonlooks.com/p/audi-logo-umbrella-black-with-white-emblem-79cbef
  [403] https://www.reddit.com/r/kakobuy/
https://kakobuy-cn.com/spreadsheet/jackets/supreme-bb-36-purple-hooded-jacket-1e5aa2/
  [200] https://maisonlooks.com/p/supreme-bb-36-purple-hooded-jacket-1e5aa2
  [403] https://www.reddit.com/r/kakobuy/
https://kakobuy-cn.com/spreadsheet/accessories/karl-lagerfeld-red-cat-print-umbrella-85f972/
  [200] https://maisonlooks.com/p/karl-lagerfeld-red-cat-print-umbrella-85f972
  [403] https://www.reddit.com/r/kakobuy/
https://kakobuy-cn.com/spreadsheet/headwear/loewe-anagram-beige-baseball-cap-12fb58/
  [200] https://maisonlooks.com/p/loewe-anagram-beige-baseball-cap-12fb58
  [403] https://www.reddit.com/r/kakobuy/
https://kakobuy-cn.com/spreadsheet/headwear/prada-distressed-triangle-logo-cap-grey-headwear-c4d942/
  [200] https://maisonlooks.com/p/prada-distressed-triangle-logo-cap-grey-headwear-c4d942
  [403] https://www.reddit.com/r/kakobuy/
https://kakobuy-cn.com/spreadsheet/headwear/miu-miu-denim-baseball-cap-black-00ce6a/
  [200] https://maisonlooks.com/p/miu-miu-denim-baseball-cap-black-00ce6a
  [403] https://www.reddit.com/r/kakobuy/
https://kakobuy-cn.com/spreadsheet/electronics/sony-playstation-5-dualsense-white-controller-21041e/
  [200] https://maisonlooks.com/p/sony-playstation-5-dualsense-white-controller-21041e
  [403] https://www.reddit.com/r/kakobuy/
https://kakobuy-cn.com/spreadsheet/bags/dior-dior-book-tote-card-holder-beige-7707a4/
  [200] https://maisonlooks.com/p/dior-dior-book-tote-card-holder-beige-7707a4
  [403] https://www.reddit.com/r/kakobuy/
  [0] https://kakobuy-cn.com/spreadsheet/bags/coach-tabby-c-buckle-leather-shoulder-bag-taupe-564dd1/
https://kakobuy-cn.com/spreadsheet/jersey/nike-air-jordan-13-miami-jersey-red-74e3a8/
  [200] https://maisonlooks.com/p/nike-air-jordan-13-miami-jersey-red-74e3a8
  [403] https://www.reddit.com/r/kakobuy/
https://kakobuy-cn.com/spreadsheet/electronics/beats-studio3-black-gold-headphones-b94afd/
  [200] https://maisonlooks.com/p/beats-studio3-black-gold-headphones-b94afd
  [403] https://www.reddit.com/r/kakobuy/
https://kakobuy-cn.com/spreadsheet/electronics/chanel-classic-flap-black-crystal-phone-case-59b7bc/
  [200] https://maisonlooks.com/p/chanel-classic-flap-black-crystal-phone-case-59b7bc
  [403] https://www.reddit.com/r/kakobuy/
https://kakobuy-cn.com/spreadsheet/electronics/sony-dualsense-wireless-controller-black-39549f/
  [200] https://maisonlooks.com/p/sony-dualsense-wireless-controller-black-39549f
  [403] https://www.reddit.com/r/kakobuy/
https://kakobuy-cn.com/spreadsheet/perfume/chanel-bleu-de-chanel-pour-homme-black-gold-perfume-8a6802/
  [200] https://maisonlooks.com/p/chanel-bleu-de-chanel-pour-homme-black-gold-perfume-8a6802
  [403] https://www.reddit.com/r/kakobuy/
https://kakobuy-cn.com/spreadsheet/other/lacoste-gray-underwear-75ef12/
  [200] https://maisonlooks.com/p/lacoste-gray-underwear-75ef12
  [403] https://www.reddit.com/r/kakobuy/
https://kakobuy-cn.com/spreadsheet/jackets/moncler-navy-blue-zip-up-hoodie-972a67/
  [200] https://maisonlooks.com/p/moncler-navy-blue-zip-up-hoodie-972a67
  [403] https://www.reddit.com/r/kakobuy/
https://kakobuy-cn.com/spreadsheet/electronics/stanley-hello-kitty-kt-quencher-h2-0-tumbler-90bbae/
  [200] https://maisonlooks.com/p/stanley-hello-kitty-kt-quencher-h2-0-tumbler-90bbae
  [403] https://www.reddit.com/r/kakobuy/
  [0] https://kakobuy-cn.com/spreadsheet/electronics/ysl-pink-crystal-iphone-case-bd077f/
https://kakobuy-cn.com/spreadsheet/accessories/essentials-by-fear-of-god-fg-logo-socks-fog-3-554ef4/
  [200] https://maisonlooks.com/p/essentials-by-fear-of-god-fg-logo-socks-fog-3-554ef4
  [403] https://www.reddit.com/r/kakobuy/
https://kakobuy-cn.com/spreadsheet/jersey/mitchell-ness-michael-jordan-white-blue-red-002-all-star-jersey-2e36ee/
  [200] https://maisonlooks.com/p/mitchell-ness-michael-jordan-white-blue-red-002-all-star-jersey-2e36ee
  [403] https://www.reddit.com/r/kakobuy/
https://kakobuy-cn.com/spreadsheet/perfume/maison-margiela-replica-jazz-club-edt-eau-de-toilette-e516a6/
  [200] https://maisonlooks.com/p/maison-margiela-replica-jazz-club-edt-eau-de-toilette-e516a6
  [403] https://www.reddit.com/r/kakobuy/
https://kakobuy-cn.com/spreadsheet/pants/lacoste-ey21-black-track-pants-22f7e4/
  [200] https://maisonlooks.com/p/lacoste-ey21-black-track-pants-22f7e4
  [403] https://www.reddit.com/r/kakobuy/
https://kakobuy-cn.com/spreadsheet/headwear/gucci-gg-supreme-baseball-cap-with-web-stripe-18776a/
  [200] https://maisonlooks.com/p/gucci-gg-supreme-baseball-cap-with-web-stripe-18776a
  [403] https://www.reddit.com/r/kakobuy/
https://kakobuy-cn.com/spreadsheet/headwear/prada-distressed-logo-cap-black-headwear-b7f3b4/
  [200] https://maisonlooks.com/p/prada-distressed-logo-cap-black-headwear-b7f3b4
  [403] https://www.reddit.com/r/kakobuy/
https://kakobuy-cn.com/spreadsheet/pants/gallery-dept-dept-de-la-galerie-painted-pants-beige-03195a/
  [200] https://maisonlooks.com/p/gallery-dept-dept-de-la-galerie-painted-pants-beige-03195a
  [403] https://www.reddit.com/r/kakobuy/
  [0] https://kakobuy-cn.com/spreadsheet/pants/carhartt-detroit-black-cargo-pants-109971/
https://kakobuy-cn.com/spreadsheet/t-shirts/amiri-black-blue-logo-t-shirt-58452b/
  [200] https://maisonlooks.com/p/amiri-black-blue-logo-t-shirt-58452b
  [403] https://www.reddit.com/r/kakobuy/
https://kakobuy-cn.com/spreadsheet/accessories/celine-classic-flap-gold-eyewear-0b4457/
  [200] https://maisonlooks.com/p/celine-classic-flap-gold-eyewear-0b4457
  [403] https://www.reddit.com/r/kakobuy/
  [0] https://kakobuy-cn.com/spreadsheet/accessories/carhartt-black-red-logo-socks-55de6a/
https://kakobuy-cn.com/spreadsheet/perfume/giorgio-armani-acqua-di-gi-parfum-125ml-88a2ca/
  [200] https://maisonlooks.com/p/giorgio-armani-acqua-di-gi-parfum-125ml-88a2ca
  [403] https://www.reddit.com/r/kakobuy/
https://kakobuy-cn.com/spreadsheet/t-shirts/moncler-dark-grey-t-shirt-ebc505/
  [200] https://maisonlooks.com/p/moncler-dark-grey-t-shirt-ebc505
  [403] https://www.reddit.com/r/kakobuy/
https://kakobuy-cn.com/spreadsheet/perfume/versace-medusa-edt-137e62/
  [200] https://maisonlooks.com/p/versace-medusa-edt-137e62
  [403] https://www.reddit.com/r/kakobuy/
https://kakobuy-cn.com/spreadsheet/jackets/burberry-navy-hoodie-with-embroidery-640813/
  [200] https://maisonlooks.com/p/burberry-navy-hoodie-with-embroidery-640813
  [403] https://www.reddit.com/r/kakobuy/
https://kakobuy-cn.com/spreadsheet/electronics/nike-stitch-phone-case-cream-6c63d3/
  [200] https://maisonlooks.com/p/nike-stitch-phone-case-cream-6c63d3
  [403] https://www.reddit.com/r/kakobuy/
  [0] https://kakobuy-cn.com/spreadsheet/electronics/ysl-pink-crystal-iphone-case-bd077f/
  [0] https://kakobuy-cn.com/spreadsheet/electronics/chrome-hearts-cross-embossed-iphone-case-black-7409d4/
https://kakobuy-cn.com/spreadsheet/accessories/ami-alexandre-mattiussi-grey-socks-with-red-heart-logo-8e538d/
  [200] https://maisonlooks.com/p/ami-alexandre-mattiussi-grey-socks-with-red-heart-logo-8e538d
  [403] https://www.reddit.com/r/kakobuy/
  [0] https://kakobuy-cn.com/spreadsheet/accessories/christian-louboutin-embroidered-tassel-bookmark-in-white-and-black-8bc334/
  [0] https://kakobuy-cn.com/spreadsheet/accessories/givenchy-g-logo-navy-blue-belt-with-weave-texture-3d9b48/
https://kakobuy-cn.com/spreadsheet/pants/black-solid-trousers-casual-pants-aa459a/
  [200] https://maisonlooks.com/p/black-solid-trousers-casual-pants-aa459a
  [403] https://www.reddit.com/r/kakobuy/
https://kakobuy-cn.com/spreadsheet/headwear/dsquared2-icon-beanie-khaki-headwear-e165bf/
  [200] https://maisonlooks.com/p/dsquared2-icon-beanie-khaki-headwear-e165bf
  [403] https://www.reddit.com/r/kakobuy/
https://kakobuy-cn.com/spreadsheet/headwear/fendi-fendi-high-version11-color-cap-27408d/
  [200] https://maisonlooks.com/p/fendi-fendi-high-version11-color-cap-27408d
  [403] https://www.reddit.com/r/kakobuy/
  [0] https://kakobuy-cn.com/spreadsheet/headwear/dior-classic-logo-monogram-baseball-cap-black-white-064b93/
https://kakobuy-cn.com/spreadsheet/pants/burberry-navy-solid-sweatpants-5ce911/
  [200] https://maisonlooks.com/p/burberry-navy-solid-sweatpants-5ce911
  [403] https://www.reddit.com/r/kakobuy/
https://kakobuy-cn.com/spreadsheet/jersey/nike-air-jordan-1-buzz-city-002-basketball-jersey-b413ee/
  [200] https://maisonlooks.com/p/nike-air-jordan-1-buzz-city-002-basketball-jersey-b413ee
  [403] https://www.reddit.com/r/kakobuy/
https://kakobuy-cn.com/spreadsheet/jersey/mitchell-ness-toronto-raptors-tradition-classics-purple-jersey-de2665/
  [200] https://maisonlooks.com/p/mitchell-ness-toronto-raptors-tradition-classics-purple-jersey-de2665
  [403] https://www.reddit.com/r/kakobuy/
https://kakobuy-cn.com/spreadsheet/t-shirts/amiri-black-leopard-print-t-shirt-a4f10e/
  [200] https://maisonlooks.com/p/amiri-black-leopard-print-t-shirt-a4f10e
  [403] https://www.reddit.com/r/kakobuy/
https://kakobuy-cn.com/spreadsheet/t-shirts/cartelo-beige-crocodile-t-shirt-f33b42/
  [200] https://maisonlooks.com/p/cartelo-beige-crocodile-t-shirt-f33b42
  [403] https://www.reddit.com/r/kakobuy/
https://kakobuy-cn.com/spreadsheet/electronics/apple-airpods-max-headphones-4b45ba/
  [200] https://maisonlooks.com/p/apple-airpods-max-headphones-4b45ba
  [403] https://www.reddit.com/r/kakobuy/
https://kakobuy-cn.com/spreadsheet/jersey/white-queen-07-baseball-jersey-dress-b95c57/
  [200] https://maisonlooks.com/p/white-queen-07-baseball-jersey-dress-b95c57
  [403] https://www.reddit.com/r/kakobuy/
https://kakobuy-cn.com/spreadsheet/jackets/light-blue-tech-fleece-hoodie-jacket-9e3577/
  [200] https://maisonlooks.com/p/light-blue-tech-fleece-hoodie-jacket-9e3577
  [403] https://www.reddit.com/r/kakobuy/
https://kakobuy-cn.com/spreadsheet/headwear/nike-pro-hyperwarm-hood-pink-headwear-5ad686/
  [200] https://maisonlooks.com/p/nike-pro-hyperwarm-hood-pink-headwear-5ad686
  [403] https://www.reddit.com/r/kakobuy/
https://kakobuy-cn.com/spreadsheet/accessories/herm-s-t-series-black-gold-buckle-belt-a0edbd/
  [200] https://maisonlooks.com/p/herm-s-t-series-black-gold-buckle-belt-a0edbd
  [403] https://www.reddit.com/r/kakobuy/
  [0] https://kakobuy-cn.com/spreadsheet/accessories/givenchy-g-logo-navy-blue-belt-with-weave-texture-3d9b48/
  [0] https://kakobuy-cn.com/spreadsheet/accessories/carhartt-black-red-logo-socks-55de6a/
https://kakobuy-cn.com/spreadsheet/other/psd-christmas-vacation-boxer-shorts-111243/
  [200] https://maisonlooks.com/p/psd-christmas-vacation-boxer-shorts-111243
  [403] https://www.reddit.com/r/kakobuy/
https://kakobuy-cn.com/spreadsheet/pants/carhartt-olive-cargo-pants-0cfe52/
  [200] https://maisonlooks.com/p/carhartt-olive-cargo-pants-0cfe52
  [403] https://www.reddit.com/r/kakobuy/
https://kakobuy-cn.com/spreadsheet/perfume/valentino-rockstud-uomo-edt-100ml-e3b574/
  [200] https://maisonlooks.com/p/valentino-rockstud-uomo-edt-100ml-e3b574
  [403] https://www.reddit.com/r/kakobuy/
https://kakobuy-cn.com/spreadsheet/perfume/maison-mihara-yasuhiro-l-eau-majeure-d-issey-edt-perfume-762da2/
  [200] https://maisonlooks.com/p/maison-mihara-yasuhiro-l-eau-majeure-d-issey-edt-perfume-762da2
  [403] https://www.reddit.com/r/kakobuy/
https://kakobuy-cn.com/spreadsheet/t-shirts/louis-vuitton-black-sketch-print-t-shirt-58df39/
  [200] https://maisonlooks.com/p/louis-vuitton-black-sketch-print-t-shirt-58df39
  [403] https://www.reddit.com/r/kakobuy/
https://kakobuy-cn.com/spreadsheet/jersey/adidas-ronaldo-9-jersey-yellow-brazil-home-f43254/
  [200] https://maisonlooks.com/p/adidas-ronaldo-9-jersey-yellow-brazil-home-f43254
  [403] https://www.reddit.com/r/kakobuy/
https://kakobuy-cn.com/spreadsheet/hoodies/casablanca-ford-marin-black-hoodie-340d2e/
  [200] https://maisonlooks.com/p/casablanca-ford-marin-black-hoodie-340d2e
  [403] https://www.reddit.com/r/kakobuy/
  [0] https://kakobuy-cn.com/spreadsheet/hoodies/gucci-23-black-neon-graphic-sweatshirt-dd4f6d/
https://kakobuy-cn.com/spreadsheet/bags/dior-classic-flap-cardholder-navy-blue-de401b/
  [200] https://maisonlooks.com/p/dior-classic-flap-cardholder-navy-blue-de401b
  [403] https://www.reddit.com/r/kakobuy/
  [0] https://kakobuy-cn.com/spreadsheet/bags/coach-tabby-c-buckle-leather-shoulder-bag-taupe-564dd1/
https://kakobuy-cn.com/blog/shipping-branded-vs-unbranded-spreadsheet-restrictions/
  [403] https://www.reddit.com/r/kakobuy/
https://kakobuy-cn.com/pt/category/other/
  [403] https://www.reddit.com/r/kakobuy/
https://kakobuy-cn.com/spreadsheet/electronics/c-p-company-blue-graphic-iphone-case-70b640/
  [200] https://maisonlooks.com/p/c-p-company-blue-graphic-iphone-case-70b640
  [403] https://www.reddit.com/r/kakobuy/
https://kakobuy-cn.com/spreadsheet/electronics/dyson-v8s-cordless-vacuum-cleaner-911605/
  [200] https://maisonlooks.com/p/dyson-v8s-cordless-vacuum-cleaner-911605
  [403] https://www.reddit.com/r/kakobuy/
https://kakobuy-cn.com/spreadsheet/t-shirts/balenciaga-fashion-institute-black-t-shirt-d175f5/
  [200] https://maisonlooks.com/p/balenciaga-fashion-institute-black-t-shirt-d175f5
  [403] https://www.reddit.com/r/kakobuy/
  [0] https://kakobuy-cn.com/spreadsheet/t-shirts/burberry-tb-logo-black-t-shirt-c208a9/
https://kakobuy-cn.com/spreadsheet/headwear/supreme-nike-corduroy-cap-black-5c1434/
  [200] https://maisonlooks.com/p/supreme-nike-corduroy-cap-black-5c1434
  [403] https://www.reddit.com/r/kakobuy/
https://kakobuy-cn.com/spreadsheet/jackets/stone-island-68-15-olive-green-hoodie-b9ffae/
  [200] https://maisonlooks.com/p/stone-island-68-15-olive-green-hoodie-b9ffae
  [403] https://www.reddit.com/r/kakobuy/
https://kakobuy-cn.com/spreadsheet/hoodies/nike-tech-fleece-yellow-fd8454-jacket-95e688/
  [200] https://maisonlooks.com/p/nike-tech-fleece-yellow-fd8454-jacket-95e688
  [403] https://www.reddit.com/r/kakobuy/
https://kakobuy-cn.com/spreadsheet/accessories/champion-reverse-weave-black-yellow-socks-f93f51/
  [200] https://maisonlooks.com/p/champion-reverse-weave-black-yellow-socks-f93f51
  [403] https://www.reddit.com/r/kakobuy/
  [0] https://kakobuy-cn.com/spreadsheet/accessories/fendi-ff-logo-belt-in-brown-and-black-119267/
https://kakobuy-cn.com/spreadsheet/jackets/polo-ralph-lauren-polo-bear-full-zip-hoodie-l040-black-7bc237/
  [200] https://maisonlooks.com/p/polo-ralph-lauren-polo-bear-full-zip-hoodie-l040-black-7bc237
  [403] https://www.reddit.com/r/kakobuy/
https://kakobuy-cn.com/spreadsheet/jackets/burberry-navy-hoodie-with-striped-zipper-e16bd5/
  [200] https://maisonlooks.com/p/burberry-navy-hoodie-with-striped-zipper-e16bd5
  [403] https://www.reddit.com/r/kakobuy/
https://kakobuy-cn.com/spreadsheet/shoes/asics-gel-nimbus-24-silver-black-sneakers-aaa586/
  [200] https://maisonlooks.com/p/asics-gel-nimbus-24-silver-black-sneakers-aaa586
  [403] https://www.reddit.com/r/kakobuy/
https://kakobuy-cn.com/spreadsheet/jersey/nike-fc-barcelona-black-training-jersey-829fb9/
  [200] https://maisonlooks.com/p/nike-fc-barcelona-black-training-jersey-829fb9
  [403] https://www.reddit.com/r/kakobuy/
https://kakobuy-cn.com/spreadsheet/perfume/dior-homme-intense-100ml-perfume-587eba/
  [200] https://maisonlooks.com/p/dior-homme-intense-100ml-perfume-587eba
  [403] https://www.reddit.com/r/kakobuy/
https://kakobuy-cn.com/spreadsheet/headwear/lacoste-navy-crocodile-patch-beanie-ff6104/
  [200] https://maisonlooks.com/p/lacoste-navy-crocodile-patch-beanie-ff6104
  [403] https://www.reddit.com/r/kakobuy/
https://kakobuy-cn.com/spreadsheet/electronics/chrome-hearts-triple-black-leather-phone-case-880741/
  [200] https://maisonlooks.com/p/chrome-hearts-triple-black-leather-phone-case-880741
  [403] https://www.reddit.com/r/kakobuy/
  [0] https://kakobuy-cn.com/spreadsheet/electronics/chrome-hearts-cross-embossed-iphone-case-black-7409d4/
https://kakobuy-cn.com/spreadsheet/electronics/apple-airpods-white-wireless-earbuds-980fc9/
  [200] https://maisonlooks.com/p/apple-airpods-white-wireless-earbuds-980fc9
  [403] https://www.reddit.com/r/kakobuy/
  [0] https://kakobuy-cn.com/spreadsheet/electronics/ysl-pink-crystal-iphone-case-bd077f/
  [0] https://kakobuy-cn.com/spreadsheet/electronics/chrome-hearts-cross-embossed-iphone-case-black-7409d4/
https://kakobuy-cn.com/spreadsheet/accessories/bmw-logo-black-umbrella-98236f/
  [200] https://maisonlooks.com/p/bmw-logo-black-umbrella-98236f
  [403] https://www.reddit.com/r/kakobuy/
https://kakobuy-cn.com/spreadsheet/hoodies/hellstar-studios-hoodie-smoke-grey-zip-up-ce6fa3/
  [200] https://maisonlooks.com/p/hellstar-studios-hoodie-smoke-grey-zip-up-ce6fa3
  [403] https://www.reddit.com/r/kakobuy/
https://kakobuy-cn.com/spreadsheet/headwear/new-era-59fifty-oakland-athletics-black-cap-5e6e79/
  [200] https://maisonlooks.com/p/new-era-59fifty-oakland-athletics-black-cap-5e6e79
  [403] https://www.reddit.com/r/kakobuy/
  [0] https://kakobuy-cn.com/spreadsheet/headwear/ugg-black-pom-pom-beanie-hat-dac6b7/
https://kakobuy-cn.com/spreadsheet/headwear/nike-pro-therma-fit-hood-black-headwear-86bbb9/
  [200] https://maisonlooks.com/p/nike-pro-therma-fit-hood-black-headwear-86bbb9
  [403] https://www.reddit.com/r/kakobuy/
https://kakobuy-cn.com/spreadsheet/pants/arc-teryx-arctic-top-quality-grey-pants-264fa5/
  [200] https://maisonlooks.com/p/arc-teryx-arctic-top-quality-grey-pants-264fa5
  [403] https://www.reddit.com/r/kakobuy/
https://kakobuy-cn.com/pl/news/
  [403] https://www.reddit.com/r/kakobuy/
https://kakobuy-cn.com/es/news/
  [403] https://www.reddit.com/r/kakobuy/
https://kakobuy-cn.com/pt/news/
  [403] https://www.reddit.com/r/kakobuy/
https://kakobuy-cn.com/spreadsheet/bags/goyard-saint-louis-black-brown-tote-bag-aae5bb/
  [200] https://maisonlooks.com/p/goyard-saint-louis-black-brown-tote-bag-aae5bb
  [403] https://www.reddit.com/r/kakobuy/
https://kakobuy-cn.com/spreadsheet/t-shirts/a-bathing-ape-bape-sta-steve-aoki-black-t-shirt-114262/
  [200] https://maisonlooks.com/p/a-bathing-ape-bape-sta-steve-aoki-black-t-shirt-114262
  [403] https://www.reddit.com/r/kakobuy/
https://kakobuy-cn.com/spreadsheet/electronics/portable-bluetooth-speaker-s540-blue-audio-device-b85612/
  [200] https://maisonlooks.com/p/portable-bluetooth-speaker-s540-blue-audio-device-b85612
  [403] https://www.reddit.com/r/kakobuy/
https://kakobuy-cn.com/spreadsheet/jackets/black-and-light-grey-tech-fleece-jacket-0688b0/
  [200] https://maisonlooks.com/p/black-and-light-grey-tech-fleece-jacket-0688b0
  [403] https://www.reddit.com/r/kakobuy/
https://kakobuy-cn.com/spreadsheet/other/louis-vuitton-monogram-triangle-bikini-set-25e0db/
  [200] https://maisonlooks.com/p/louis-vuitton-monogram-triangle-bikini-set-25e0db
  [403] https://www.reddit.com/r/kakobuy/
https://kakobuy-cn.com/spreadsheet/headwear/moncler-black-pom-pom-beanie-hat-9f42ee/
  [200] https://maisonlooks.com/p/moncler-black-pom-pom-beanie-hat-9f42ee
  [403] https://www.reddit.com/r/kakobuy/
https://kakobuy-cn.com/blog/decoding-spreadsheet-batch-prices-discrepancies/
  [403] https://www.reddit.com/r/kakobuy/
https://kakobuy-cn.com/spreadsheet/perfume/burberry-hero-eau-de-parfum-d1ed22/
  [200] https://maisonlooks.com/p/burberry-hero-eau-de-parfum-d1ed22
  [403] https://www.reddit.com/r/kakobuy/
https://kakobuy-cn.com/spreadsheet/headwear/coach-signature-black-baseball-cap-1a27bd/
  [200] https://maisonlooks.com/p/coach-signature-black-baseball-cap-1a27bd
  [403] https://www.reddit.com/r/kakobuy/
https://kakobuy-cn.com/spreadsheet/bags/goyard-saint-louis-pink-mini-tote-bag-with-coin-purse-4f63e9/
  [200] https://maisonlooks.com/p/goyard-saint-louis-pink-mini-tote-bag-with-coin-purse-4f63e9
  [403] https://www.reddit.com/r/kakobuy/
https://kakobuy-cn.com/spreadsheet/other/lacoste-underwear-blue-boxer-briefs-d57b60/
  [200] https://maisonlooks.com/p/lacoste-underwear-blue-boxer-briefs-d57b60
  [403] https://www.reddit.com/r/kakobuy/
https://kakobuy-cn.com/spreadsheet/accessories/essentials-by-fear-of-god-cream-white-socks-90b942/
  [200] https://maisonlooks.com/p/essentials-by-fear-of-god-cream-white-socks-90b942
  [403] https://www.reddit.com/r/kakobuy/
  [0] https://kakobuy-cn.com/spreadsheet/accessories/goyard-monogram-iphone-case-navy-blue-c0867a/
https://kakobuy-cn.com/spreadsheet/jersey/joma-torino-fc-red-home-jersey-44aebe/
  [200] https://maisonlooks.com/p/joma-torino-fc-red-home-jersey-44aebe
  [403] https://www.reddit.com/r/kakobuy/
https://kakobuy-cn.com/spreadsheet/jackets/stone-island-68-15-black-hoodie-f0557c/
  [200] https://maisonlooks.com/p/stone-island-68-15-black-hoodie-f0557c
  [403] https://www.reddit.com/r/kakobuy/
https://kakobuy-cn.com/spreadsheet/accessories/apple-magsafe-wallet-black-10000mh-case-2e3dfe/
  [200] https://maisonlooks.com/p/apple-magsafe-wallet-black-10000mh-case-2e3dfe
  [403] https://www.reddit.com/r/kakobuy/
  [0] https://kakobuy-cn.com/spreadsheet/accessories/dior-classic-logo-white-phone-case-3b9cc2/
  [0] https://kakobuy-cn.com/spreadsheet/accessories/givenchy-g-logo-navy-blue-belt-with-weave-texture-3d9b48/
  [0] https://kakobuy-cn.com/spreadsheet/accessories/fendi-ff-logo-belt-in-brown-and-black-119267/
https://kakobuy-cn.com/pt/category/bags/
  [403] https://www.reddit.com/r/kakobuy/
  [0] https://kakobuy-cn.com/spreadsheet/bags/coach-tabby-c-buckle-leather-shoulder-bag-taupe-564dd1/
https://kakobuy-cn.com/es/category/perfume/
  [403] https://www.reddit.com/r/kakobuy/
  [0] https://kakobuy-cn.com/spreadsheet/perfume/maison-francis-kurkdjian-baccarat-rouge-540-70ml-perfume-f57235/
https://kakobuy-cn.com/pl/buyer-shares/
  [403] https://www.reddit.com/r/kakobuy/
  [403] https://www.reddit.com/r/1to1reps/comments/1t90txc/the_best_kakobuy_spreadsheet_resource_hub_2026/
  [403] https://preview.redd.it/giveaway-event-win-a-pair-of-aj1-off-white-chicagos-v0-rv1fslp00w0h1.jpeg?width=1080&crop=smart&auto=webp&s=b597abe3df53fe74382c3b4937290b645d54c364
  [403] https://www.reddit.com/r/RepHeads/comments/1tbwdby/giveaway_event_win_a_pair_of_aj1_offwhite_chicagos/
  [403] https://preview.redd.it/everyday-streetwear-haul-hoodies-graphic-tees-denim-luxury-v0-vq7db9a6cv0h1.png?width=640&crop=smart&auto=webp&s=390dc0018ee223b98621101880028bba4bc12535
  [403] https://www.reddit.com/r/kakobuy/comments/1tbtw0r/everyday_streetwear_haul_hoodies_graphic_tees/
  [403] https://preview.redd.it/haul-reviewed-8kg-v0-hgd8yyk3e80h1.jpg?width=1080&crop=smart&auto=webp&s=887e0de429a39a9f73f4a26949656f078852f838
  [403] https://www.reddit.com/r/kakobuy/comments/1t8vugn/haul_reviewed_8kg/
  [403] https://preview.redd.it/massive-haul-just-landed-purple-jeans-lv-olympia-chanel-v0-xvadwufghrzg1.jpg?width=1080&crop=smart&auto=webp&s=3719e1ca5bdcfd87e1f229b30ed81f4b7761d1f0
  [403] https://www.reddit.com/r/kakobuy/comments/1t6jswc/massive_haul_just_landed_purple_jeans_lv_olympia/
  [403] https://preview.redd.it/clean-spring-haul-polo-rl-st%C3%BCssy-waffle-knit-and-some-stone-v0-u5a6kv2prpzg1.jpg?width=640&crop=smart&auto=webp&s=a03591c19b1527f3955577d59f18b388c2c96d40
  [403] https://www.reddit.com/r/kakobuy/comments/1t69y1l/clean_spring_haul_polo_rl_st%C3%BCssy_waffle_knit_and/
  [403] https://www.reddit.com/r/kakobuy/comments/1t6hlaq/lately_picked_up_things_that_finally_feel_like_me/
  [403] https://preview.redd.it/review-17-piece-summer-clothing-accessories-haul-via-oopbuy-v0-7lox115scgyg1.jpg?width=1080&crop=smart&auto=webp&s=7d5adfcd36c0b9af1cdc57f2eb32e847e6012eb7
  [403] https://www.reddit.com/r/FashionReps/comments/1t0ivsn/review_17piece_summer_clothing_accessories_haul/
  [403] https://preview.redd.it/lately-picked-up-things-that-finally-feel-like-me-v0-xnhu8e7f4rzg1.png?width=1080&crop=smart&auto=webp&s=3c412d874cad38de68b29334f3e01013d06ac4e9
https://kakobuy-cn.com/de/category/other/
  [403] https://www.reddit.com/r/kakobuy/
https://kakobuy-cn.com/spreadsheet/hoodies/louis-vuitton-pixel-check-crewneck-sweater-black-blue-826902/
  [200] https://maisonlooks.com/p/louis-vuitton-pixel-check-crewneck-sweater-black-blue-826902
  [403] https://www.reddit.com/r/kakobuy/
https://kakobuy-cn.com/spreadsheet/hoodies/maison-margiela-replica-oversized-sweatshirt-fed-m21-white-0b28e7/
  [200] https://maisonlooks.com/p/maison-margiela-replica-oversized-sweatshirt-fed-m21-white-0b28e7
  [403] https://www.reddit.com/r/kakobuy/
https://kakobuy-cn.com/spreadsheet/accessories/c-p-company-patta-white-phone-case-3f23dc/
  [200] https://maisonlooks.com/p/c-p-company-patta-white-phone-case-3f23dc
  [403] https://www.reddit.com/r/kakobuy/
https://kakobuy-cn.com/spreadsheet/pants/the-north-face-khaki-pants-trousers-3fa278/
  [200] https://maisonlooks.com/p/the-north-face-khaki-pants-trousers-3fa278
  [403] https://www.reddit.com/r/kakobuy/
https://kakobuy-cn.com/spreadsheet/other/louis-vuitton-monogram-print-bikini-set-5f3ccc/
  [200] https://maisonlooks.com/p/louis-vuitton-monogram-print-bikini-set-5f3ccc
  [403] https://www.reddit.com/r/kakobuy/
https://kakobuy-cn.com/spreadsheet/pants/reebok-classic-leather-red-tribal-print-pants-4767ef/
  [200] https://maisonlooks.com/p/reebok-classic-leather-red-tribal-print-pants-4767ef
  [403] https://www.reddit.com/r/kakobuy/
https://kakobuy-cn.com/es/category/accessories/
  [403] https://www.reddit.com/r/kakobuy/
  [0] https://kakobuy-cn.com/spreadsheet/accessories/carhartt-black-red-logo-socks-55de6a/
  [0] https://kakobuy-cn.com/spreadsheet/accessories/christian-louboutin-embroidered-tassel-bookmark-in-white-and-black-8bc334/
  [0] https://kakobuy-cn.com/spreadsheet/accessories/dior-classic-logo-white-phone-case-3b9cc2/
  [0] https://kakobuy-cn.com/spreadsheet/accessories/fendi-ff-logo-belt-in-brown-and-black-119267/
  [0] https://kakobuy-cn.com/spreadsheet/accessories/givenchy-g-logo-navy-blue-belt-with-weave-texture-3d9b48/
  [0] https://kakobuy-cn.com/spreadsheet/accessories/goyard-monogram-iphone-case-navy-blue-c0867a/
https://kakobuy-cn.com/pt/category/perfume/
  [403] https://www.reddit.com/r/kakobuy/
  [0] https://kakobuy-cn.com/spreadsheet/perfume/maison-francis-kurkdjian-baccarat-rouge-540-70ml-perfume-f57235/
https://kakobuy-cn.com/fr/category/accessories/
  [403] https://www.reddit.com/r/kakobuy/
  [0] https://kakobuy-cn.com/spreadsheet/accessories/carhartt-black-red-logo-socks-55de6a/
  [0] https://kakobuy-cn.com/spreadsheet/accessories/christian-louboutin-embroidered-tassel-bookmark-in-white-and-black-8bc334/
  [0] https://kakobuy-cn.com/spreadsheet/accessories/dior-classic-logo-white-phone-case-3b9cc2/
  [0] https://kakobuy-cn.com/spreadsheet/accessories/fendi-ff-logo-belt-in-brown-and-black-119267/
  [0] https://kakobuy-cn.com/spreadsheet/accessories/givenchy-g-logo-navy-blue-belt-with-weave-texture-3d9b48/
  [0] https://kakobuy-cn.com/spreadsheet/accessories/goyard-monogram-iphone-case-navy-blue-c0867a/
https://kakobuy-cn.com/es/buyer-shares/
  [403] https://www.reddit.com/r/kakobuy/
  [403] https://www.reddit.com/r/1to1reps/comments/1t90txc/the_best_kakobuy_spreadsheet_resource_hub_2026/
  [403] https://preview.redd.it/giveaway-event-win-a-pair-of-aj1-off-white-chicagos-v0-rv1fslp00w0h1.jpeg?width=1080&crop=smart&auto=webp&s=b597abe3df53fe74382c3b4937290b645d54c364
  [403] https://www.reddit.com/r/RepHeads/comments/1tbwdby/giveaway_event_win_a_pair_of_aj1_offwhite_chicagos/
  [403] https://preview.redd.it/everyday-streetwear-haul-hoodies-graphic-tees-denim-luxury-v0-vq7db9a6cv0h1.png?width=640&crop=smart&auto=webp&s=390dc0018ee223b98621101880028bba4bc12535
  [403] https://www.reddit.com/r/kakobuy/comments/1tbtw0r/everyday_streetwear_haul_hoodies_graphic_tees/
  [403] https://preview.redd.it/haul-reviewed-8kg-v0-hgd8yyk3e80h1.jpg?width=1080&crop=smart&auto=webp&s=887e0de429a39a9f73f4a26949656f078852f838
  [403] https://www.reddit.com/r/kakobuy/comments/1t8vugn/haul_reviewed_8kg/
  [403] https://preview.redd.it/massive-haul-just-landed-purple-jeans-lv-olympia-chanel-v0-xvadwufghrzg1.jpg?width=1080&crop=smart&auto=webp&s=3719e1ca5bdcfd87e1f229b30ed81f4b7761d1f0
  [403] https://www.reddit.com/r/kakobuy/comments/1t6jswc/massive_haul_just_landed_purple_jeans_lv_olympia/
  [403] https://preview.redd.it/clean-spring-haul-polo-rl-st%C3%BCssy-waffle-knit-and-some-stone-v0-u5a6kv2prpzg1.jpg?width=640&crop=smart&auto=webp&s=a03591c19b1527f3955577d59f18b388c2c96d40
  [403] https://www.reddit.com/r/kakobuy/comments/1t69y1l/clean_spring_haul_polo_rl_st%C3%BCssy_waffle_knit_and/
  [403] https://www.reddit.com/r/kakobuy/comments/1t6hlaq/lately_picked_up_things_that_finally_feel_like_me/
  [403] https://preview.redd.it/review-17-piece-summer-clothing-accessories-haul-via-oopbuy-v0-7lox115scgyg1.jpg?width=1080&crop=smart&auto=webp&s=7d5adfcd36c0b9af1cdc57f2eb32e847e6012eb7
  [403] https://www.reddit.com/r/FashionReps/comments/1t0ivsn/review_17piece_summer_clothing_accessories_haul/
  [403] https://preview.redd.it/lately-picked-up-things-that-finally-feel-like-me-v0-xnhu8e7f4rzg1.png?width=1080&crop=smart&auto=webp&s=3c412d874cad38de68b29334f3e01013d06ac4e9
https://kakobuy-cn.com/fr/category/t-shirts/
  [403] https://www.reddit.com/r/kakobuy/
  [0] https://kakobuy-cn.com/spreadsheet/t-shirts/burberry-tb-logo-black-t-shirt-c208a9/
https://kakobuy-cn.com/pt/buyer-shares/
  [403] https://www.reddit.com/r/kakobuy/
  [403] https://www.reddit.com/r/1to1reps/comments/1t90txc/the_best_kakobuy_spreadsheet_resource_hub_2026/
  [403] https://preview.redd.it/giveaway-event-win-a-pair-of-aj1-off-white-chicagos-v0-rv1fslp00w0h1.jpeg?width=1080&crop=smart&auto=webp&s=b597abe3df53fe74382c3b4937290b645d54c364
  [403] https://www.reddit.com/r/RepHeads/comments/1tbwdby/giveaway_event_win_a_pair_of_aj1_offwhite_chicagos/
  [403] https://preview.redd.it/everyday-streetwear-haul-hoodies-graphic-tees-denim-luxury-v0-vq7db9a6cv0h1.png?width=640&crop=smart&auto=webp&s=390dc0018ee223b98621101880028bba4bc12535
  [403] https://www.reddit.com/r/kakobuy/comments/1tbtw0r/everyday_streetwear_haul_hoodies_graphic_tees/
  [403] https://preview.redd.it/haul-reviewed-8kg-v0-hgd8yyk3e80h1.jpg?width=1080&crop=smart&auto=webp&s=887e0de429a39a9f73f4a26949656f078852f838
  [403] https://www.reddit.com/r/kakobuy/comments/1t8vugn/haul_reviewed_8kg/
  [403] https://preview.redd.it/massive-haul-just-landed-purple-jeans-lv-olympia-chanel-v0-xvadwufghrzg1.jpg?width=1080&crop=smart&auto=webp&s=3719e1ca5bdcfd87e1f229b30ed81f4b7761d1f0
  [403] https://www.reddit.com/r/kakobuy/comments/1t6jswc/massive_haul_just_landed_purple_jeans_lv_olympia/
  [403] https://preview.redd.it/clean-spring-haul-polo-rl-st%C3%BCssy-waffle-knit-and-some-stone-v0-u5a6kv2prpzg1.jpg?width=640&crop=smart&auto=webp&s=a03591c19b1527f3955577d59f18b388c2c96d40
  [403] https://www.reddit.com/r/kakobuy/comments/1t69y1l/clean_spring_haul_polo_rl_st%C3%BCssy_waffle_knit_and/
  [403] https://www.reddit.com/r/kakobuy/comments/1t6hlaq/lately_picked_up_things_that_finally_feel_like_me/
  [403] https://preview.redd.it/review-17-piece-summer-clothing-accessories-haul-via-oopbuy-v0-7lox115scgyg1.jpg?width=1080&crop=smart&auto=webp&s=7d5adfcd36c0b9af1cdc57f2eb32e847e6012eb7
  [403] https://www.reddit.com/r/FashionReps/comments/1t0ivsn/review_17piece_summer_clothing_accessories_haul/
  [403] https://preview.redd.it/lately-picked-up-things-that-finally-feel-like-me-v0-xnhu8e7f4rzg1.png?width=1080&crop=smart&auto=webp&s=3c412d874cad38de68b29334f3e01013d06ac4e9
https://kakobuy-cn.com/es/category/t-shirts/
  [403] https://www.reddit.com/r/kakobuy/
  [0] https://kakobuy-cn.com/spreadsheet/t-shirts/burberry-tb-logo-black-t-shirt-c208a9/
https://kakobuy-cn.com/pt/category/t-shirts/
  [403] https://www.reddit.com/r/kakobuy/
  [0] https://kakobuy-cn.com/spreadsheet/t-shirts/burberry-tb-logo-black-t-shirt-c208a9/
https://kakobuy-cn.com/de/category/accessories/
  [403] https://www.reddit.com/r/kakobuy/
  [0] https://kakobuy-cn.com/spreadsheet/accessories/carhartt-black-red-logo-socks-55de6a/
  [0] https://kakobuy-cn.com/spreadsheet/accessories/christian-louboutin-embroidered-tassel-bookmark-in-white-and-black-8bc334/
  [0] https://kakobuy-cn.com/spreadsheet/accessories/dior-classic-logo-white-phone-case-3b9cc2/
  [0] https://kakobuy-cn.com/spreadsheet/accessories/fendi-ff-logo-belt-in-brown-and-black-119267/
  [0] https://kakobuy-cn.com/spreadsheet/accessories/givenchy-g-logo-navy-blue-belt-with-weave-texture-3d9b48/
  [0] https://kakobuy-cn.com/spreadsheet/accessories/goyard-monogram-iphone-case-navy-blue-c0867a/
https://kakobuy-cn.com/de/category/t-shirts/
  [403] https://www.reddit.com/r/kakobuy/
  [0] https://kakobuy-cn.com/spreadsheet/t-shirts/burberry-tb-logo-black-t-shirt-c208a9/
https://kakobuy-cn.com/de/category/jersey/
  [0] https://kakobuy-cn.com/pt/category/jersey/
  [403] https://www.reddit.com/r/kakobuy/
https://kakobuy-cn.com/de/category/hoodies/
  [0] https://kakobuy-cn.com/es/category/hoodies/
  [403] https://www.reddit.com/r/kakobuy/
  [0] https://kakobuy-cn.com/spreadsheet/hoodies/moncler-white-embroidered-crewneck-sweatshirt-3b4f80/
  [0] https://kakobuy-cn.com/spreadsheet/hoodies/gucci-23-black-neon-graphic-sweatshirt-dd4f6d/
https://kakobuy-cn.com/de/category/electronics/
  [403] https://www.reddit.com/r/kakobuy/
  [0] https://kakobuy-cn.com/spreadsheet/electronics/chrome-hearts-cross-embossed-iphone-case-black-7409d4/
  [0] https://kakobuy-cn.com/spreadsheet/electronics/ysl-pink-crystal-iphone-case-bd077f/
  [0] https://kakobuy-cn.com/spreadsheet/electronics/samsung-galaxy-watch-w7orange-smartwatch-24b433/
  [0] https://kakobuy-cn.com/spreadsheet/electronics/stone-island-shadow-project-cream-phone-case-8ff61c/
https://kakobuy-cn.com/de/category/jackets/
  [403] https://www.reddit.com/r/kakobuy/
https://kakobuy-cn.com/de/buyer-shares/
  [403] https://www.reddit.com/r/kakobuy/
  [403] https://www.reddit.com/r/1to1reps/comments/1t90txc/the_best_kakobuy_spreadsheet_resource_hub_2026/
  [403] https://preview.redd.it/giveaway-event-win-a-pair-of-aj1-off-white-chicagos-v0-rv1fslp00w0h1.jpeg?width=1080&crop=smart&auto=webp&s=b597abe3df53fe74382c3b4937290b645d54c364
  [403] https://www.reddit.com/r/RepHeads/comments/1tbwdby/giveaway_event_win_a_pair_of_aj1_offwhite_chicagos/
  [403] https://preview.redd.it/everyday-streetwear-haul-hoodies-graphic-tees-denim-luxury-v0-vq7db9a6cv0h1.png?width=640&crop=smart&auto=webp&s=390dc0018ee223b98621101880028bba4bc12535
  [403] https://www.reddit.com/r/kakobuy/comments/1tbtw0r/everyday_streetwear_haul_hoodies_graphic_tees/
  [403] https://preview.redd.it/haul-reviewed-8kg-v0-hgd8yyk3e80h1.jpg?width=1080&crop=smart&auto=webp&s=887e0de429a39a9f73f4a26949656f078852f838
  [403] https://www.reddit.com/r/kakobuy/comments/1t8vugn/haul_reviewed_8kg/
  [403] https://preview.redd.it/massive-haul-just-landed-purple-jeans-lv-olympia-chanel-v0-xvadwufghrzg1.jpg?width=1080&crop=smart&auto=webp&s=3719e1ca5bdcfd87e1f229b30ed81f4b7761d1f0
  [403] https://www.reddit.com/r/kakobuy/comments/1t6jswc/massive_haul_just_landed_purple_jeans_lv_olympia/
  [403] https://preview.redd.it/clean-spring-haul-polo-rl-st%C3%BCssy-waffle-knit-and-some-stone-v0-u5a6kv2prpzg1.jpg?width=640&crop=smart&auto=webp&s=a03591c19b1527f3955577d59f18b388c2c96d40
  [403] https://www.reddit.com/r/kakobuy/comments/1t69y1l/clean_spring_haul_polo_rl_st%C3%BCssy_waffle_knit_and/
  [403] https://www.reddit.com/r/kakobuy/comments/1t6hlaq/lately_picked_up_things_that_finally_feel_like_me/
  [403] https://preview.redd.it/review-17-piece-summer-clothing-accessories-haul-via-oopbuy-v0-7lox115scgyg1.jpg?width=1080&crop=smart&auto=webp&s=7d5adfcd36c0b9af1cdc57f2eb32e847e6012eb7
  [403] https://www.reddit.com/r/FashionReps/comments/1t0ivsn/review_17piece_summer_clothing_accessories_haul/
  [403] https://preview.redd.it/lately-picked-up-things-that-finally-feel-like-me-v0-xnhu8e7f4rzg1.png?width=1080&crop=smart&auto=webp&s=3c412d874cad38de68b29334f3e01013d06ac4e9
https://kakobuy-cn.com/spreadsheet/accessories/gucci-gg-supreme-canvas-belt-in-navy-blue-e6c209/
  [200] https://maisonlooks.com/p/gucci-gg-supreme-canvas-belt-in-navy-blue-e6c209
  [403] https://www.reddit.com/r/kakobuy/
  [0] https://kakobuy-cn.com/spreadsheet/accessories/fendi-ff-logo-belt-in-brown-and-black-119267/
https://kakobuy-cn.com/spreadsheet/hoodies/moncler-black-logo-patch-crewneck-sweatshirt-371483/
  [200] https://maisonlooks.com/p/moncler-black-logo-patch-crewneck-sweatshirt-371483
  [403] https://www.reddit.com/r/kakobuy/
https://kakobuy-cn.com/spreadsheet/jersey/amiri-white-red-palm-trees-jersey-t-shirt-9fac97/
  [200] https://maisonlooks.com/p/amiri-white-red-palm-trees-jersey-t-shirt-9fac97
  [403] https://www.reddit.com/r/kakobuy/
https://kakobuy-cn.com/spreadsheet/electronics/a-bathing-ape-bape-sta-shark-yellow-phone-case-ccf47b/
  [200] https://maisonlooks.com/p/a-bathing-ape-bape-sta-shark-yellow-phone-case-ccf47b
  [403] https://www.reddit.com/r/kakobuy/
https://kakobuy-cn.com/spreadsheet/jersey/errea-sheffield-united-black-lightning-jersey-cde44d/
  [200] https://maisonlooks.com/p/errea-sheffield-united-black-lightning-jersey-cde44d
  [403] https://www.reddit.com/r/kakobuy/
https://kakobuy-cn.com/spreadsheet/electronics/samsung-galaxy-watch6-classic-triple-black-smartwatch-b04cc4/
  [200] https://maisonlooks.com/p/samsung-galaxy-watch6-classic-triple-black-smartwatch-b04cc4
  [403] https://www.reddit.com/r/kakobuy/
  [0] https://kakobuy-cn.com/spreadsheet/electronics/chrome-hearts-cross-embossed-iphone-case-black-7409d4/
https://kakobuy-cn.com/de/category/perfume/
  [403] https://www.reddit.com/r/kakobuy/
  [0] https://kakobuy-cn.com/spreadsheet/perfume/maison-francis-kurkdjian-baccarat-rouge-540-70ml-perfume-f57235/
https://kakobuy-cn.com/it/news/
  [403] https://www.reddit.com/r/kakobuy/
https://kakobuy-cn.com/pt/category/accessories/
  [403] https://www.reddit.com/r/kakobuy/
  [0] https://kakobuy-cn.com/spreadsheet/accessories/carhartt-black-red-logo-socks-55de6a/
  [0] https://kakobuy-cn.com/spreadsheet/accessories/christian-louboutin-embroidered-tassel-bookmark-in-white-and-black-8bc334/
  [0] https://kakobuy-cn.com/spreadsheet/accessories/dior-classic-logo-white-phone-case-3b9cc2/
  [0] https://kakobuy-cn.com/spreadsheet/accessories/fendi-ff-logo-belt-in-brown-and-black-119267/
  [0] https://kakobuy-cn.com/spreadsheet/accessories/givenchy-g-logo-navy-blue-belt-with-weave-texture-3d9b48/
  [0] https://kakobuy-cn.com/spreadsheet/accessories/goyard-monogram-iphone-case-navy-blue-c0867a/
https://kakobuy-cn.com/fr/category/hoodies/
  [0] https://kakobuy-cn.com/es/category/hoodies/
  [403] https://www.reddit.com/r/kakobuy/
  [0] https://kakobuy-cn.com/spreadsheet/hoodies/moncler-white-embroidered-crewneck-sweatshirt-3b4f80/
  [0] https://kakobuy-cn.com/spreadsheet/hoodies/gucci-23-black-neon-graphic-sweatshirt-dd4f6d/
https://kakobuy-cn.com/de/spreadsheet/
  [403] https://www.reddit.com/r/kakobuy/
  [0] https://kakobuy-cn.com/blog/kakobuy-weidian/
https://kakobuy-cn.com/fr/category/perfume/
  [403] https://www.reddit.com/r/kakobuy/
  [0] https://kakobuy-cn.com/spreadsheet/perfume/maison-francis-kurkdjian-baccarat-rouge-540-70ml-perfume-f57235/
https://kakobuy-cn.com/es/how-to-buy/
  [403] https://www.reddit.com/r/kakobuy/
https://kakobuy-cn.com/it/about/
  [403] https://www.reddit.com/r/kakobuy/
https://kakobuy-cn.com/fr/category/other/
  [403] https://www.reddit.com/r/kakobuy/
https://kakobuy-cn.com/pt/how-to-buy/
  [403] https://www.reddit.com/r/kakobuy/
https://kakobuy-cn.com/pl/about/
  [403] https://www.reddit.com/r/kakobuy/
https://kakobuy-cn.com/de/news/
  [403] https://www.reddit.com/r/kakobuy/
https://kakobuy-cn.com/pt/category/hoodies/
  [0] https://kakobuy-cn.com/es/category/hoodies/
  [403] https://www.reddit.com/r/kakobuy/
  [0] https://kakobuy-cn.com/spreadsheet/hoodies/moncler-white-embroidered-crewneck-sweatshirt-3b4f80/
  [0] https://kakobuy-cn.com/spreadsheet/hoodies/gucci-23-black-neon-graphic-sweatshirt-dd4f6d/
https://kakobuy-cn.com/how-to-buy/
  [403] https://www.reddit.com/r/kakobuy/
https://kakobuy-cn.com/fr/how-to-buy/
  [403] https://www.reddit.com/r/kakobuy/
https://kakobuy-cn.com/blog/kakobuy-shipping-insurance-seizure-protection-guide/
  [403] https://www.reddit.com/r/kakobuy/
https://kakobuy-cn.com/es/category/pants/
  [403] https://www.reddit.com/r/kakobuy/
  [0] https://kakobuy-cn.com/spreadsheet/pants/carhartt-detroit-black-cargo-pants-109971/
https://kakobuy-cn.com/de/category/pants/
  [403] https://www.reddit.com/r/kakobuy/
  [0] https://kakobuy-cn.com/spreadsheet/pants/carhartt-detroit-black-cargo-pants-109971/
https://kakobuy-cn.com/pt/
  [403] https://www.reddit.com/r/kakobuy/
  [0] https://kakobuy-cn.com/pt/category/jersey/
https://kakobuy-cn.com/blog/weidian-vs-taobao-price-index-2026-report/
  [403] https://www.reddit.com/r/kakobuy/
https://kakobuy-cn.com/es/about/
  [403] https://www.reddit.com/r/kakobuy/
https://kakobuy-cn.com/blog/spreadsheet-column-schema-kakobuy-curators/
  [403] https://www.reddit.com/r/kakobuy/
  [0] https://kakobuy-cn.com/blog/kakobuy-weidian/
https://kakobuy-cn.com/blog/shipping-electronics-batteries-iata-2026-rules/
  [403] https://www.reddit.com/r/kakobuy/
https://kakobuy-cn.com/pl/category/bags/
  [403] https://www.reddit.com/r/kakobuy/
  [0] https://kakobuy-cn.com/spreadsheet/bags/coach-tabby-c-buckle-leather-shoulder-bag-taupe-564dd1/
https://kakobuy-cn.com/blog/kakobuy-rehearsal-packaging-freight/
  [403] https://www.reddit.com/r/kakobuy/
https://kakobuy-cn.com/it/category/shoes/
  [403] https://www.reddit.com/r/kakobuy/
https://kakobuy-cn.com/pt/spreadsheet/
  [403] https://www.reddit.com/r/kakobuy/
  [0] https://kakobuy-cn.com/pt/category/jersey/
  [0] https://kakobuy-cn.com/blog/kakobuy-weidian/
https://kakobuy-cn.com/blog/kakobuy-customs-declared-value-primer/
  [403] https://www.reddit.com/r/kakobuy/
https://kakobuy-cn.com/es/category/other/
  [403] https://www.reddit.com/r/kakobuy/
https://kakobuy-cn.com/fr/category/headwear/
  [403] https://www.reddit.com/r/kakobuy/
  [0] https://kakobuy-cn.com/spreadsheet/headwear/ugg-black-pom-pom-beanie-hat-dac6b7/
  [0] https://kakobuy-cn.com/spreadsheet/headwear/dior-classic-logo-monogram-baseball-cap-black-white-064b93/
https://kakobuy-cn.com/de/how-to-buy/
  [403] https://www.reddit.com/r/kakobuy/
https://kakobuy-cn.com/blog/group-haul-consolidation-freight-savings/
  [403] https://www.reddit.com/r/kakobuy/
https://kakobuy-cn.com/blog/identifying-phishing-spreadsheet-scams-reps-2026/
  [403] https://www.reddit.com/r/kakobuy/
https://kakobuy-cn.com/pl/category/other/
  [403] https://www.reddit.com/r/kakobuy/
https://kakobuy-cn.com/it/category/jackets/
  [403] https://www.reddit.com/r/kakobuy/
https://kakobuy-cn.com/de/category/bags/
  [403] https://www.reddit.com/r/kakobuy/
  [0] https://kakobuy-cn.com/spreadsheet/bags/coach-tabby-c-buckle-leather-shoulder-bag-taupe-564dd1/
https://kakobuy-cn.com/category/shoes/
  [403] https://www.reddit.com/r/kakobuy/
https://kakobuy-cn.com/blog/kakobuy-links-discovery-url-hygiene/
  [403] https://www.reddit.com/r/kakobuy/
  [0] https://kakobuy-cn.com/blog/kakobuy-weidian/
https://kakobuy-cn.com/blog/yupoo-album-spreadsheet-kakobuy-intake/
  [403] https://www.reddit.com/r/kakobuy/
https://kakobuy-cn.com/blog/kakobuy-top-up-payment-rails-exchange-rates/
  [403] https://www.reddit.com/r/kakobuy/
https://kakobuy-cn.com/blog/kakobuy-domestic-returns-before-international-ship/
  [403] https://www.reddit.com/r/kakobuy/
  [0] https://kakobuy-cn.com/blog/kakobuy-weidian/
https://kakobuy-cn.com/pt/category/shoes/
  [403] https://www.reddit.com/r/kakobuy/
https://kakobuy-cn.com/es/spreadsheet/
  [403] https://www.reddit.com/r/kakobuy/
  [0] https://kakobuy-cn.com/es/category/hoodies/
  [0] https://kakobuy-cn.com/blog/kakobuy-weidian/
https://kakobuy-cn.com/it/category/other/
  [403] https://www.reddit.com/r/kakobuy/
https://kakobuy-cn.com/blog/mega-sale-split-arrivals-consolidation-spreadsheet/
  [403] https://www.reddit.com/r/kakobuy/
https://kakobuy-cn.com/blog/reverse-image-search-taobao-weidian-listings/
  [403] https://www.reddit.com/r/kakobuy/
  [0] https://kakobuy-cn.com/blog/kakobuy-weidian/
https://kakobuy-cn.com/it/category/jersey/
  [0] https://kakobuy-cn.com/pt/category/jersey/
  [403] https://www.reddit.com/r/kakobuy/
https://kakobuy-cn.com/es/blog/page/6/
  [403] https://www.reddit.com/r/kakobuy/
  [0] https://kakobuy-cn.com/blog/kakobuy-weidian/
https://kakobuy-cn.com/es/category/electronics/
  [403] https://www.reddit.com/r/kakobuy/
  [0] https://kakobuy-cn.com/spreadsheet/electronics/chrome-hearts-cross-embossed-iphone-case-black-7409d4/
  [0] https://kakobuy-cn.com/spreadsheet/electronics/ysl-pink-crystal-iphone-case-bd077f/
  [0] https://kakobuy-cn.com/spreadsheet/electronics/samsung-galaxy-watch-w7orange-smartwatch-24b433/
  [0] https://kakobuy-cn.com/spreadsheet/electronics/stone-island-shadow-project-cream-phone-case-8ff61c/
https://kakobuy-cn.com/fr/category/electronics/
  [403] https://www.reddit.com/r/kakobuy/
  [0] https://kakobuy-cn.com/spreadsheet/electronics/chrome-hearts-cross-embossed-iphone-case-black-7409d4/
  [0] https://kakobuy-cn.com/spreadsheet/electronics/ysl-pink-crystal-iphone-case-bd077f/
  [0] https://kakobuy-cn.com/spreadsheet/electronics/samsung-galaxy-watch-w7orange-smartwatch-24b433/
  [0] https://kakobuy-cn.com/spreadsheet/electronics/stone-island-shadow-project-cream-phone-case-8ff61c/
https://kakobuy-cn.com/de/category/headwear/
  [403] https://www.reddit.com/r/kakobuy/
  [0] https://kakobuy-cn.com/spreadsheet/headwear/ugg-black-pom-pom-beanie-hat-dac6b7/
  [0] https://kakobuy-cn.com/spreadsheet/headwear/dior-classic-logo-monogram-baseball-cap-black-white-064b93/
https://kakobuy-cn.com/blog/spotting-red-flag-sellers-community-spreadsheets/
  [403] https://www.reddit.com/r/kakobuy/
https://kakobuy-cn.com/it/category/electronics/
  [403] https://www.reddit.com/r/kakobuy/
  [0] https://kakobuy-cn.com/spreadsheet/electronics/chrome-hearts-cross-embossed-iphone-case-black-7409d4/
  [0] https://kakobuy-cn.com/spreadsheet/electronics/ysl-pink-crystal-iphone-case-bd077f/
  [0] https://kakobuy-cn.com/spreadsheet/electronics/samsung-galaxy-watch-w7orange-smartwatch-24b433/
  [0] https://kakobuy-cn.com/spreadsheet/electronics/stone-island-shadow-project-cream-phone-case-8ff61c/
https://kakobuy-cn.com/de/category/shoes/
  [403] https://www.reddit.com/r/kakobuy/
https://kakobuy-cn.com/it/spreadsheet/
  [403] https://www.reddit.com/r/kakobuy/
  [0] https://kakobuy-cn.com/blog/kakobuy-weidian/
https://kakobuy-cn.com/blog/community-crowdsourced-qc-verification-batches/
  [403] https://www.reddit.com/r/kakobuy/
https://kakobuy-cn.com/pl/category/pants/
  [403] https://www.reddit.com/r/kakobuy/
  [0] https://kakobuy-cn.com/spreadsheet/pants/carhartt-detroit-black-cargo-pants-109971/
https://kakobuy-cn.com/fr/buyer-shares/
  [403] https://www.reddit.com/r/kakobuy/
  [403] https://www.reddit.com/r/1to1reps/comments/1t90txc/the_best_kakobuy_spreadsheet_resource_hub_2026/
  [403] https://preview.redd.it/giveaway-event-win-a-pair-of-aj1-off-white-chicagos-v0-rv1fslp00w0h1.jpeg?width=1080&crop=smart&auto=webp&s=b597abe3df53fe74382c3b4937290b645d54c364
  [403] https://www.reddit.com/r/RepHeads/comments/1tbwdby/giveaway_event_win_a_pair_of_aj1_offwhite_chicagos/
  [403] https://preview.redd.it/everyday-streetwear-haul-hoodies-graphic-tees-denim-luxury-v0-vq7db9a6cv0h1.png?width=640&crop=smart&auto=webp&s=390dc0018ee223b98621101880028bba4bc12535
  [403] https://www.reddit.com/r/kakobuy/comments/1tbtw0r/everyday_streetwear_haul_hoodies_graphic_tees/
  [403] https://preview.redd.it/haul-reviewed-8kg-v0-hgd8yyk3e80h1.jpg?width=1080&crop=smart&auto=webp&s=887e0de429a39a9f73f4a26949656f078852f838
  [403] https://www.reddit.com/r/kakobuy/comments/1t8vugn/haul_reviewed_8kg/
  [403] https://preview.redd.it/massive-haul-just-landed-purple-jeans-lv-olympia-chanel-v0-xvadwufghrzg1.jpg?width=1080&crop=smart&auto=webp&s=3719e1ca5bdcfd87e1f229b30ed81f4b7761d1f0
  [403] https://www.reddit.com/r/kakobuy/comments/1t6jswc/massive_haul_just_landed_purple_jeans_lv_olympia/
  [403] https://preview.redd.it/clean-spring-haul-polo-rl-st%C3%BCssy-waffle-knit-and-some-stone-v0-u5a6kv2prpzg1.jpg?width=640&crop=smart&auto=webp&s=a03591c19b1527f3955577d59f18b388c2c96d40
  [403] https://www.reddit.com/r/kakobuy/comments/1t69y1l/clean_spring_haul_polo_rl_st%C3%BCssy_waffle_knit_and/
  [403] https://www.reddit.com/r/kakobuy/comments/1t6hlaq/lately_picked_up_things_that_finally_feel_like_me/
  [403] https://preview.redd.it/review-17-piece-summer-clothing-accessories-haul-via-oopbuy-v0-7lox115scgyg1.jpg?width=1080&crop=smart&auto=webp&s=7d5adfcd36c0b9af1cdc57f2eb32e847e6012eb7
  [403] https://www.reddit.com/r/FashionReps/comments/1t0ivsn/review_17piece_summer_clothing_accessories_haul/
  [403] https://preview.redd.it/lately-picked-up-things-that-finally-feel-like-me-v0-xnhu8e7f4rzg1.png?width=1080&crop=smart&auto=webp&s=3c412d874cad38de68b29334f3e01013d06ac4e9
https://kakobuy-cn.com/blog/annual-reps-shopping-calendar-2026/
  [403] https://www.reddit.com/r/kakobuy/
https://kakobuy-cn.com/blog/kakobuy-warehouse-storage-spreadsheet/
  [403] https://www.reddit.com/r/kakobuy/
https://kakobuy-cn.com/de/about/
  [403] https://www.reddit.com/r/kakobuy/
https://kakobuy-cn.com/fr/category/jersey/
  [0] https://kakobuy-cn.com/pt/category/jersey/
  [403] https://www.reddit.com/r/kakobuy/
https://kakobuy-cn.com/blog/kakobuy-taobao/
  [403] https://www.reddit.com/r/kakobuy/
  [0] https://kakobuy-cn.com/blog/kakobuy-weidian/
https://kakobuy-cn.com/pl/category/electronics/
  [403] https://www.reddit.com/r/kakobuy/
  [0] https://kakobuy-cn.com/spreadsheet/electronics/chrome-hearts-cross-embossed-iphone-case-black-7409d4/
  [0] https://kakobuy-cn.com/spreadsheet/electronics/ysl-pink-crystal-iphone-case-bd077f/
  [0] https://kakobuy-cn.com/spreadsheet/electronics/samsung-galaxy-watch-w7orange-smartwatch-24b433/
  [0] https://kakobuy-cn.com/spreadsheet/electronics/stone-island-shadow-project-cream-phone-case-8ff61c/
https://kakobuy-cn.com/pl/category/jersey/
  [0] https://kakobuy-cn.com/pt/category/jersey/
  [403] https://www.reddit.com/r/kakobuy/
https://kakobuy-cn.com/blog/evolution-of-reps-spreadsheets-excel-to-web/
  [403] https://www.reddit.com/r/kakobuy/
https://kakobuy-cn.com/blog/eu-ets-shipping-carbon-tax-kakobuy-haul/
  [403] https://www.reddit.com/r/kakobuy/
https://kakobuy-cn.com/it/category/headwear/
  [403] https://www.reddit.com/r/kakobuy/
  [0] https://kakobuy-cn.com/spreadsheet/headwear/ugg-black-pom-pom-beanie-hat-dac6b7/
  [0] https://kakobuy-cn.com/spreadsheet/headwear/dior-classic-logo-monogram-baseball-cap-black-white-064b93/
https://kakobuy-cn.com/es/category/bags/
  [403] https://www.reddit.com/r/kakobuy/
  [0] https://kakobuy-cn.com/spreadsheet/bags/coach-tabby-c-buckle-leather-shoulder-bag-taupe-564dd1/
https://kakobuy-cn.com/fr/category/bags/
  [403] https://www.reddit.com/r/kakobuy/
  [0] https://kakobuy-cn.com/spreadsheet/bags/coach-tabby-c-buckle-leather-shoulder-bag-taupe-564dd1/
https://kakobuy-cn.com/it/category/perfume/
  [403] https://www.reddit.com/r/kakobuy/
  [0] https://kakobuy-cn.com/spreadsheet/perfume/maison-francis-kurkdjian-baccarat-rouge-540-70ml-perfume-f57235/
https://kakobuy-cn.com/spreadsheet/bags/dior-classic-flap-red-card-holder-002822/
  [403] https://www.reddit.com/r/kakobuy/
  [0] https://kakobuy-cn.com/spreadsheet/bags/coach-tabby-c-buckle-leather-shoulder-bag-taupe-564dd1/
  [200] https://maisonlooks.com/p/dior-classic-flap-red-card-holder-002822
https://kakobuy-cn.com/blog/web-spreadsheets-vs-whatsapp-sellers-safety/
  [403] https://www.reddit.com/r/kakobuy/
https://kakobuy-cn.com/blog/canada-cbsa-customs-declaration-spreadsheet-guide/
  [403] https://www.reddit.com/r/kakobuy/
https://kakobuy-cn.com/fr/spreadsheet/
  [403] https://www.reddit.com/r/kakobuy/
  [0] https://kakobuy-cn.com/blog/kakobuy-weidian/
https://kakobuy-cn.com/blog/browser-extensions-link-rot-prevention/
  [403] https://www.reddit.com/r/kakobuy/
https://kakobuy-cn.com/it/category/t-shirts/
  [403] https://www.reddit.com/r/kakobuy/
  [0] https://kakobuy-cn.com/spreadsheet/t-shirts/burberry-tb-logo-black-t-shirt-c208a9/
https://kakobuy-cn.com/pl/category/jackets/
  [403] https://www.reddit.com/r/kakobuy/
https://kakobuy-cn.com/pt/category/electronics/
  [403] https://www.reddit.com/r/kakobuy/
  [0] https://kakobuy-cn.com/spreadsheet/electronics/chrome-hearts-cross-embossed-iphone-case-black-7409d4/
  [0] https://kakobuy-cn.com/spreadsheet/electronics/ysl-pink-crystal-iphone-case-bd077f/
  [0] https://kakobuy-cn.com/spreadsheet/electronics/samsung-galaxy-watch-w7orange-smartwatch-24b433/
  [0] https://kakobuy-cn.com/spreadsheet/electronics/stone-island-shadow-project-cream-phone-case-8ff61c/
https://kakobuy-cn.com/es/category/jackets/
  [403] https://www.reddit.com/r/kakobuy/
https://kakobuy-cn.com/fr/about/
  [403] https://www.reddit.com/r/kakobuy/
https://kakobuy-cn.com/pt/category/jackets/
  [403] https://www.reddit.com/r/kakobuy/
https://kakobuy-cn.com/pt/category/pants/
  [403] https://www.reddit.com/r/kakobuy/
  [0] https://kakobuy-cn.com/spreadsheet/pants/carhartt-detroit-black-cargo-pants-109971/
https://kakobuy-cn.com/pt/blog/page/6/
  [403] https://www.reddit.com/r/kakobuy/
  [0] https://kakobuy-cn.com/blog/kakobuy-weidian/
https://kakobuy-cn.com/es/category/shoes/
  [403] https://www.reddit.com/r/kakobuy/
https://kakobuy-cn.com/blog/secure-payment-methods-kakobuy-2026/
  [403] https://www.reddit.com/r/kakobuy/
https://kakobuy-cn.com/fr/blog/page/6/
  [403] https://www.reddit.com/r/kakobuy/
  [0] https://kakobuy-cn.com/blog/kakobuy-weidian/
https://kakobuy-cn.com/pl/spreadsheet/
  [403] https://www.reddit.com/r/kakobuy/
  [0] https://kakobuy-cn.com/blog/kakobuy-weidian/
https://kakobuy-cn.com/blog/kakobuy-4k-qc-video-inspection-guide/
  [403] https://www.reddit.com/r/kakobuy/
https://kakobuy-cn.com/de/blog/page/6/
  [403] https://www.reddit.com/r/kakobuy/
  [0] https://kakobuy-cn.com/blog/kakobuy-weidian/
https://kakobuy-cn.com/it/category/accessories/
  [403] https://www.reddit.com/r/kakobuy/
  [0] https://kakobuy-cn.com/spreadsheet/accessories/carhartt-black-red-logo-socks-55de6a/
  [0] https://kakobuy-cn.com/spreadsheet/accessories/christian-louboutin-embroidered-tassel-bookmark-in-white-and-black-8bc334/
  [0] https://kakobuy-cn.com/spreadsheet/accessories/dior-classic-logo-white-phone-case-3b9cc2/
  [0] https://kakobuy-cn.com/spreadsheet/accessories/fendi-ff-logo-belt-in-brown-and-black-119267/
  [0] https://kakobuy-cn.com/spreadsheet/accessories/givenchy-g-logo-navy-blue-belt-with-weave-texture-3d9b48/
  [0] https://kakobuy-cn.com/spreadsheet/accessories/goyard-monogram-iphone-case-navy-blue-c0867a/
https://kakobuy-cn.com/pl/category/hoodies/
  [0] https://kakobuy-cn.com/es/category/hoodies/
  [403] https://www.reddit.com/r/kakobuy/
  [0] https://kakobuy-cn.com/spreadsheet/hoodies/moncler-white-embroidered-crewneck-sweatshirt-3b4f80/
  [0] https://kakobuy-cn.com/spreadsheet/hoodies/gucci-23-black-neon-graphic-sweatshirt-dd4f6d/
https://kakobuy-cn.com/blog/timing-the-reps-hype-cycle-spreadsheets/
  [403] https://www.reddit.com/r/kakobuy/
https://kakobuy-cn.com/blog/kakobuy-spreadsheet-reddit/
  [403] https://www.reddit.com/r/kakobuy/
https://kakobuy-cn.com/fr/category/pants/
  [403] https://www.reddit.com/r/kakobuy/
  [0] https://kakobuy-cn.com/spreadsheet/pants/carhartt-detroit-black-cargo-pants-109971/
https://kakobuy-cn.com/pl/category/headwear/
  [403] https://www.reddit.com/r/kakobuy/
  [0] https://kakobuy-cn.com/spreadsheet/headwear/ugg-black-pom-pom-beanie-hat-dac6b7/
  [0] https://kakobuy-cn.com/spreadsheet/headwear/dior-classic-logo-monogram-baseball-cap-black-white-064b93/
https://kakobuy-cn.com/it/how-to-buy/
  [403] https://www.reddit.com/r/kakobuy/
https://kakobuy-cn.com/pl/category/perfume/
  [403] https://www.reddit.com/r/kakobuy/
  [0] https://kakobuy-cn.com/spreadsheet/perfume/maison-francis-kurkdjian-baccarat-rouge-540-70ml-perfume-f57235/
https://kakobuy-cn.com/fr/category/jackets/
  [403] https://www.reddit.com/r/kakobuy/
https://kakobuy-cn.com/es/category/headwear/
  [403] https://www.reddit.com/r/kakobuy/
  [0] https://kakobuy-cn.com/spreadsheet/headwear/ugg-black-pom-pom-beanie-hat-dac6b7/
  [0] https://kakobuy-cn.com/spreadsheet/headwear/dior-classic-logo-monogram-baseball-cap-black-white-064b93/
https://kakobuy-cn.com/it/category/hoodies/
  [0] https://kakobuy-cn.com/es/category/hoodies/
  [403] https://www.reddit.com/r/kakobuy/
  [0] https://kakobuy-cn.com/spreadsheet/hoodies/moncler-white-embroidered-crewneck-sweatshirt-3b4f80/
  [0] https://kakobuy-cn.com/spreadsheet/hoodies/gucci-23-black-neon-graphic-sweatshirt-dd4f6d/
https://kakobuy-cn.com/pl/blog/page/6/
  [403] https://www.reddit.com/r/kakobuy/
  [0] https://kakobuy-cn.com/blog/kakobuy-weidian/
https://kakobuy-cn.com/pl/category/accessories/
  [403] https://www.reddit.com/r/kakobuy/
  [0] https://kakobuy-cn.com/spreadsheet/accessories/carhartt-black-red-logo-socks-55de6a/
  [0] https://kakobuy-cn.com/spreadsheet/accessories/christian-louboutin-embroidered-tassel-bookmark-in-white-and-black-8bc334/
  [0] https://kakobuy-cn.com/spreadsheet/accessories/dior-classic-logo-white-phone-case-3b9cc2/
  [0] https://kakobuy-cn.com/spreadsheet/accessories/fendi-ff-logo-belt-in-brown-and-black-119267/
  [0] https://kakobuy-cn.com/spreadsheet/accessories/givenchy-g-logo-navy-blue-belt-with-weave-texture-3d9b48/
  [0] https://kakobuy-cn.com/spreadsheet/accessories/goyard-monogram-iphone-case-navy-blue-c0867a/
https://kakobuy-cn.com/es/category/jersey/
  [0] https://kakobuy-cn.com/pt/category/jersey/
  [403] https://www.reddit.com/r/kakobuy/
https://kakobuy-cn.com/it/buyer-shares/
  [403] https://www.reddit.com/r/kakobuy/
  [403] https://www.reddit.com/r/1to1reps/comments/1t90txc/the_best_kakobuy_spreadsheet_resource_hub_2026/
  [403] https://preview.redd.it/giveaway-event-win-a-pair-of-aj1-off-white-chicagos-v0-rv1fslp00w0h1.jpeg?width=1080&crop=smart&auto=webp&s=b597abe3df53fe74382c3b4937290b645d54c364
  [403] https://www.reddit.com/r/RepHeads/comments/1tbwdby/giveaway_event_win_a_pair_of_aj1_offwhite_chicagos/
  [403] https://preview.redd.it/everyday-streetwear-haul-hoodies-graphic-tees-denim-luxury-v0-vq7db9a6cv0h1.png?width=640&crop=smart&auto=webp&s=390dc0018ee223b98621101880028bba4bc12535
  [403] https://www.reddit.com/r/kakobuy/comments/1tbtw0r/everyday_streetwear_haul_hoodies_graphic_tees/
  [403] https://preview.redd.it/haul-reviewed-8kg-v0-hgd8yyk3e80h1.jpg?width=1080&crop=smart&auto=webp&s=887e0de429a39a9f73f4a26949656f078852f838
  [403] https://www.reddit.com/r/kakobuy/comments/1t8vugn/haul_reviewed_8kg/
  [403] https://preview.redd.it/massive-haul-just-landed-purple-jeans-lv-olympia-chanel-v0-xvadwufghrzg1.jpg?width=1080&crop=smart&auto=webp&s=3719e1ca5bdcfd87e1f229b30ed81f4b7761d1f0
  [403] https://www.reddit.com/r/kakobuy/comments/1t6jswc/massive_haul_just_landed_purple_jeans_lv_olympia/
  [403] https://preview.redd.it/clean-spring-haul-polo-rl-st%C3%BCssy-waffle-knit-and-some-stone-v0-u5a6kv2prpzg1.jpg?width=640&crop=smart&auto=webp&s=a03591c19b1527f3955577d59f18b388c2c96d40
  [403] https://www.reddit.com/r/kakobuy/comments/1t69y1l/clean_spring_haul_polo_rl_st%C3%BCssy_waffle_knit_and/
  [403] https://preview.redd.it/lately-picked-up-things-that-finally-feel-like-me-v0-xnhu8e7f4rzg1.png?width=1080&crop=smart&auto=webp&s=3c412d874cad38de68b29334f3e01013d06ac4e9
  [403] https://www.reddit.com/r/kakobuy/comments/1t6hlaq/lately_picked_up_things_that_finally_feel_like_me/
  [403] https://preview.redd.it/review-17-piece-summer-clothing-accessories-haul-via-oopbuy-v0-7lox115scgyg1.jpg?width=1080&crop=smart&auto=webp&s=7d5adfcd36c0b9af1cdc57f2eb32e847e6012eb7
  [403] https://www.reddit.com/r/FashionReps/comments/1t0ivsn/review_17piece_summer_clothing_accessories_haul/
https://kakobuy-cn.com/pl/category/shoes/
  [403] https://www.reddit.com/r/kakobuy/
https://kakobuy-cn.com/pl/category/t-shirts/
  [403] https://www.reddit.com/r/kakobuy/
  [0] https://kakobuy-cn.com/spreadsheet/t-shirts/burberry-tb-logo-black-t-shirt-c208a9/
https://kakobuy-cn.com/spreadsheet/t-shirts/palm-angels-bear-grey-t-shirt-315a40/
  [403] https://www.reddit.com/r/kakobuy/
  [200] https://maisonlooks.com/p/palm-angels-bear-grey-t-shirt-315a40
https://kakobuy-cn.com/it/blog/page/6/
  [403] https://www.reddit.com/r/kakobuy/
  [0] https://kakobuy-cn.com/blog/kakobuy-weidian/
https://kakobuy-cn.com/it/category/pants/
  [403] https://www.reddit.com/r/kakobuy/
  [0] https://kakobuy-cn.com/spreadsheet/pants/carhartt-detroit-black-cargo-pants-109971/
https://kakobuy-cn.com/blog/page/6/
  [403] https://www.reddit.com/r/kakobuy/
  [0] https://kakobuy-cn.com/blog/kakobuy-weidian/
https://kakobuy-cn.com/pt/category/headwear/
  [403] https://www.reddit.com/r/kakobuy/
  [0] https://kakobuy-cn.com/spreadsheet/headwear/ugg-black-pom-pom-beanie-hat-dac6b7/
  [0] https://kakobuy-cn.com/spreadsheet/headwear/dior-classic-logo-monogram-baseball-cap-black-white-064b93/
https://kakobuy-cn.com/blog/ai-search-discovery-kakobuy-spreadsheet-reps/
  [403] https://www.reddit.com/r/kakobuy/
https://kakobuy-cn.com/blog/kakobuy-spreadsheet-qc/
  [403] https://www.reddit.com/r/kakobuy/
https://kakobuy-cn.com/it/category/bags/
  [403] https://www.reddit.com/r/kakobuy/
  [0] https://kakobuy-cn.com/spreadsheet/bags/coach-tabby-c-buckle-leather-shoulder-bag-taupe-564dd1/
https://kakobuy-cn.com/spreadsheet/perfume/gucci-guilty-pour-homme-edt-eau-de-toilette-a5f911/
  [403] https://www.reddit.com/r/kakobuy/
  [200] https://maisonlooks.com/p/gucci-guilty-pour-homme-edt-eau-de-toilette-a5f911
ERROR: Detected 878 broken links. Scanned 2293 links in 26.75 seconds.
